code,name,sector,family,subtype,rating,oldRating,price,quoteTime,filing,pages,fact,judgment,driver,risk,watch,numericDraft,certified,report,batch
00001,长和,综合企业,地产与综合控股,综合控股,观察,观察,67.8,2026-10-07 15:03:13 HKT,https://www1.hkexnews.hk/listedco/listconews/sehk/2026/0813/2026081300222.pdf,"1,3",H1按IFRS16前口径基础净利125.92亿港元、报告归属利润267.85亿；IFRS16后分别125.81亿与268.01亿。,保留基础经营改善，撤回将报告利润增长直接外推的判断；必须分列IFRS16和英国电讯调整。,港口吞吐、屈臣氏同店与电讯整合后的持续利润,资产出售和IFRS16口径抬高报告利润,剔除处置的分部EBIT、英国电讯整合成本,False,False,00001.html,batch-01
00002,中电控股,公用事业,公用事业与电讯,受监管电力,观察,观察,75.9,2026-10-07 15:04:26 HKT,https://www1.hkexnews.hk/listedco/listconews/sehk/2026/0806/2026080600235.pdf,"1,17",H1营运盈利57.33亿港元，总盈利59.97亿；收入428.56亿与同期428.54亿基本持平。,盈利改善主要来自结构和成本，不能描述为收入高速增长；处置电厂收益需单列。,香港管制回报与澳洲零售发电盈利,资产出售、澳洲批发电价及燃料成本,香港营运利润、澳洲贡献与持续经营现金,False,False,00002.html,batch-04
00003,香港中华煤气,公用事业,公用事业与电讯,燃气,观察,观察,7.025,2026-10-07 15:02:46 HKT,https://www1.hkexnews.hk/listedco/listconews/sehk/2026/0818/2026081800365.pdf,"1,3,4",H1营运税后利润47.46亿港元、归母36.40亿；基本EPS19.5港仙，收入295.261亿港元。,营运及归母口径分开；增长业务的三倍增幅不代表集团可持续利润增速。,燃气接驳、工商业气量与新业务利润,新业务高速增长低基数、香港销量及资产减值,香港售气量、内地售气毛差与新业务现金回款,False,False,00003.html,batch-04
00005,汇丰控股,银行,金融,银行,观察,观察,151.4,2026-10-07 15:04:15 HKT,https://www1.hkexnews.hk/listedco/listconews/sehk/2026/0804/2026080400325.pdf,4,H1美元口径税前利润195.22亿，基本及摊薄EPS每普通股0.85美元，净息差1.61%。,纠正普通股与ADS混用风险；RoTE与剔除重大项目利润优先于统一PE。,香港及亚洲财富收入与普通股资本回报,降息、信用减值与重大项目影响RoTE,净利息收入、剔除重大项目RoTE、CET1,False,False,00005.html,batch-06
00006,电能实业,公用事业,公用事业与电讯,基础设施投资,观察,观察,59.3,2026-10-07 15:03:46 HKT,https://www1.hkexnews.hk/listedco/listconews/sehk/2026/0812/2026081200404.pdf,1,H1净利147.04亿港元，同比383%，公告明确由出售UKPN及UK Rails推动；中期股息0.78港元。,处置利润不能支持383%的持续增长；须估算出售后每年失去的投资收益与再投资回报。,出售资产回款后的现金再配置,处置收益不可重复且失去被售资产经常收益,持续投资组合利润、净现金与再投资回报,False,False,00006.html,batch-04
00012,恒基地产,地产,地产与综合控股,香港地产,观察,观察,25.94,2026-10-07 15:04:04 HKT,https://www1.hkexnews.hk/listedco/listconews/sehk/2026/0820/2026082000729.pdf,1,H1基础利润50.71亿港元、基础EPS1.05；物业重估亏损9.81亿，报告归母40.90亿。,基础利润仍包含政府收地收益，不等于全部经常盈利；开发、租赁与投资分别估值。,住宅交付和租赁现金流,收地收益与重估影响基础利润质量,剔除收地利润、租金、未确认销售及净负债,False,False,00012.html,batch-01
00016,新鸿基地产,地产,地产与综合控股,香港地产,观察,观察,106.6,2026-10-07 15:04:00 HKT,https://www1.hkexnews.hk/listedco/listconews/sehk/2026/0910/2026091000334.pdf,"1,33",截至2026-06的全年基础利润228.50亿港元、基础EPS7.89；报告归母214.26亿、EPS7.39，全年股息3.91。,修正财年与半年混用；基础利润还要桥接个别减值及售楼时点，不用重估损益解释全部差异。,香港售楼交付与经常性租金,售楼时点集中、内地办公租赁承压,年度基础利润桥接、香港及内地租赁贡献,False,False,00016.html,batch-01
00027,银河娱乐,旅游及消闲设施,消费与服务,博彩,观察,观察,30.74,2026-10-07 15:04:05 HKT,https://www1.hkexnews.hk/listedco/listconews/sehk/2026/0812/2026081200173.pdf,4,H1净收入242亿港元、调整EBITDA70亿、股东净利53亿；Q2净收入118亿，同比下降2%。,半年增长与Q2减速同时保留；博彩赢率归一化后才判断趋势，新增项目不直接等同利润。,澳门中场客流及银河新增设施变现,博彩收入增长未必转为EBITDA增长,中场赢率归一化EBITDA、营销费用与新增设施回报,False,False,00027.html,batch-10
00066,港铁公司,旅游及消闲设施,消费与服务,轨道地产,观察,观察,31.28,2026-10-07 15:01:22 HKT,https://www1.hkexnews.hk/listedco/listconews/sehk/2026/0813/2026081300228.pdf,1,H1收入262.31亿港元，经常业务利润34.34亿、物业开发利润122.33亿、股东净利158.72亿。,净利翻倍主要是物业结算，经常业务只增长1.3%；铁路回报与地产结算分开。,铁路客流与沿线物业兑现,物业结算不稳定、海外特许经营亏损,经常业务利润、物业结算与建设资本开支,False,False,00066.html,batch-10
00101,恒隆地产,地产,地产与综合控股,商业地产,观察,观察,6.605,2026-10-07 15:04:07 HKT,https://www1.hkexnews.hk/listedco/listconews/sehk/2026/0731/2026073100175.pdf,"3,5",H1总收入61.13亿港元，其中租赁49.23亿；基础净利14.36亿，同比下降10%。,租金上升与净利下降并存，融资及资本化利息是核心桥接，不能用租金增速外推EPS。,内地高端商场客流与租赁收入,融资成本和新增商场投入拖累租金增长转利润,内地同店租金、空置率、资本化利息及基础利润,False,False,00101.html,batch-01
00175,吉利汽车,汽车,汽车,汽车,观察,观察,14.98,2026-10-07 15:04:49 HKT,https://www1.hkexnews.hk/listedco/listconews/sehk/2026/0817/2026081700257.pdf,2,H1收入1736亿人民币，同比15%；归母和核心归母按公告分列。,销量增长须结合单车价格、成本与整合支出；不以新能源渗透率直接证明盈利。,新能源与海外销量、车型结构,竞争降价和品牌整合成本侵蚀毛利,单车售价、核心利润、新能源销量与经营现金,False,False,00175.html,batch-16
00241,阿里健康,药品及生物科技,医疗,医药平台,观察,观察,2.82,2026-10-07 15:03:14 HKT,https://www1.hkexnews.hk/listedco/listconews/sehk/2026/0514/2026051400755.pdf,"1,2",截至2026-03的全年收入342.551亿人民币，净利19.363亿、调整净利23.262亿。,财年截至三月，不能标2026H1；法定增长35.2%与调整增长19.3%分列。,医药自营及平台服务变现,低毛利自营增长、关联平台依赖,自营和平台利润、调整净利桥接及经营现金,False,False,00241.html,batch-18
00267,中信股份,综合企业,地产与综合控股,综合控股,观察,观察,12.76,2026-10-07 15:04:55 HKT,https://www1.hkexnews.hk/listedco/listconews/sehk/2026/0828/2026082800259.pdf,9,H1收入4087.66亿人民币、集团净利708.45亿、普通股归属利润337.64亿；普通股EPS1.16、净资产27.53。,补齐原来缺失的集团数据，不能把集团净利或子公司净利全部归属上市普通股。,金融子公司分红与资源制造回报,综合集团折价、不同报表币种及子公司利润误归母,普通股归属利润、上游分红及母公司债务,False,False,00267.html,batch-01
00268,金蝶国际,软件服务,科技与内容,软件订阅,观察,观察,7.38,2026-10-07 15:04:57 HKT,https://www1.hkexnews.hk/listedco/listconews/sehk/2026/0811/2026081100555.pdf,"1,2",H1收入36.25422亿人民币，归属利润5449.7万元；云收入31.16191亿，占86.0%，AI原生产品收入约2.96亿。,首次转盈需要持续现金验证；AI已是可量化收入变量，但不能外推189%增速。,云订阅ARR与续费向盈利兑现,转盈低基数、研发资本化及获客成本,ARR增速、续费率、订阅现金回款与调整利润桥接,False,False,00268.html,batch-21
00285,比亚迪电子,资讯科技器材,科技与内容,电子制造,观察,观察,23.76,2026-10-07 15:04:06 HKT,https://www1.hkexnews.hk/listedco/listconews/sehk/2026/0828/2026082801217.pdf,7,H1收入822.34亿人民币，同比2.02%；毛利40.37亿，同比下降27.18%；归母4.26亿，同比下降75.35%。,AI服务器叙事不能覆盖整体毛利下滑；先核验手机与服务器各自盈利。,AI服务器和电子制造业务组合,手机毛利承压、扩产折旧与客户集中,服务器毛利和订单现金、新能源客户应收,False,False,00285.html,batch-21
00288,万洲国际,食物饮品,消费与服务,肉制品,观察,观察,6.665,2026-10-07 15:04:58 HKT,https://www1.hkexnews.hk/listedco/listconews/sehk/2026/0828/2026082800497.pdf,"1,4",H1收入138.27亿美元；生物资产调整前归属利润7.70亿、调整后7.73亿；相应基本EPS6.00及6.02美分。,生物资产调整前后必须分列；集团净利增长不能替代包装肉营业利润改善。,包装肉品牌定价与海外盈利,生猪周期和生物资产重估影响,包装肉利润、猪肉价差和生物资产调整桥接,False,False,00288.html,batch-10
00291,华润啤酒,食物饮品,消费与服务,啤酒白酒,观察,观察,18.59,2026-10-07 15:03:57 HKT,https://www1.hkexnews.hk/listedco/listconews/sehk/2026/0819/2026081900245.pdf,"2,8",H1营业额242.40亿人民币、归母51.69亿；基本EPS1.59元，同期1.78元。,收入微增而归母下降，啤酒结构升级必须抵消白酒与费用拖累才能成立。,高端啤酒结构与渠道效率,销量和白酒存货压力侵蚀结构升级,啤酒销量、吨价、白酒库存与分部利润,False,False,00291.html,batch-10
00300,美的集团,家庭电器及用品,消费与服务,家电工业,观察,观察,90.35,2026-10-07 15:04:31 HKT,https://www1.hkexnews.hk/listedco/listconews/sehk/2026/0828/2026082802074.pdf,"81,152",H1收入2610.52亿人民币；归属利润264.46037亿，基本EPS3.52元，计算EPS前扣限制股预期股息。,利润与EPS分母有股份激励桥接；海外自有品牌和工业业务分别检查现金回报。,海外自有品牌与工业业务利润,关税、渠道库存和整合费用,海外OBM毛利、库存周转与工业分部利润,False,False,00300.html,batch-10
00316,东方海外国际,工用运输,工业运输,集装箱航运,观察,观察,144.3,2026-10-07 15:02:54 HKT,https://www1.hkexnews.hk/listedco/listconews/sehk/2026/0827/2026082701643.pdf,"1,4",H1收入51.73277亿美元、股东归属利润7.27950亿美元，同期9.54229亿。,收入增长而利润下降，需拆运价、成本及船舶投入，低PE不证明中周期便宜。,箱量与有效运价,航线扰动的高运费不能长期重复,运价、单箱成本、船舶资本开支和订单交付,False,False,00316.html,batch-25
00322,康师傅控股,食物饮品,消费与服务,食品饮料,观察,观察,11.72,2026-10-07 15:04:08 HKT,https://www1.hkexnews.hk/listedco/listconews/sehk/2026/0811/2026081100317.pdf,2,H1收入405.44565亿人民币、毛利145.07101亿、归母24.33042亿。,毛利提升是否来自成本周期或产品结构需量价拆分，不能将节省成本无限外推。,饮料销量与方便面提效,价格竞争、原料成本和渠道压货,销量、售价、分部毛利与经营现金,False,False,00322.html,batch-11
00386,中国石油化工股份,石油及天然气,资源能源,油气炼化,观察,观察,4.425,2026-10-07 15:04:51 HKT,https://www1.hkexnews.hk/listedco/listconews/sehk/2026/0823/2026082300005.pdf,5,H1归母256.27亿人民币、扣非252.73亿，基本EPS0.212元；经营现金624.99亿。,保留法定和扣非差异，炼化价差与上游油价方向可能相反，采用分部及中周期估值。,炼油化工价差与销售网络,高油价不必然利好炼化、存货损益,分部经营利润、炼化价差和扣非现金覆盖,False,False,00386.html,batch-28
00388,香港交易所,其他金融,金融,交易所,观察,观察,378.6,2026-10-07 15:04:57 HKT,https://www1.hkexnews.hk/listedco/listconews/sehk/2026/0819/2026081900464.pdf,2,H1营业收入139.80亿港元、收入及其他收益167.02亿、归属利润105.68亿；净投资收益25.60亿。,纠正营业收入与包含投资收益总收入混用；成交与净投资收益分别建模。,成交额、IPO和衍生品活动,成交热度周期性、投资收益与收费变化,交易及结算收入、平均日成交和净投资收益,False,False,00388.html,batch-06
00390,中国中铁,建筑,工业运输,工程建筑,观察,观察,3.27,2026-10-07 15:03:45 HKT,https://www1.hkexnews.hk/listedco/listconews/sehk/2026/0828/2026082802904.pdf,2,H1收入4731.07亿人民币，同比下降7.7%；归属利润86.55亿，同比下降26.8%；基本EPS0.320元。,订单规模不能替代回款和利润，合同资产与现金转换是估值约束。,订单兑现及基建回款,收入萎缩、合同资产和地方融资压力,新签订单、合同资产、回款及扣非利润,False,False,00390.html,batch-25
00522,ASMPT,半导体,科技与内容,半导体设备,观察,观察,174.2,2026-10-07 15:02:36 HKT,https://www1.hkexnews.hk/listedco/listconews/sehk/2026/0729/2026072900011.pdf,1,H1收入89.026亿港元，毛利率41.1%；法定净利7.416亿、基本EPS1.79港元。,持续经营和调整指标分别核验；业务处置后的可比口径不能沿用集团旧TTM。,先进封装订单交付,业务出售改变比较基础、订单兑现波动,持续经营订单、毛利与调整利润桥接,False,False,00522.html,batch-21
00669,创科实业,家庭电器及用品,消费与服务,电动工具,观察,观察,131.2,2026-10-07 15:04:42 HKT,https://www1.hkexnews.hk/listedco/listconews/sehk/2026/0804/2026080401404.pdf,1,H1收入82.92亿美元，同比5.9%；毛利率42.9%，归属利润7.38亿、基本EPS40.50美分；公司定义FCF7.53亿。,现金与毛利改善值得优先核验；FCF须复核公司定义，不把美国收入直接换成港元EPS。,专业工具份额与毛利提升,渠道库存、关税和价格传导,核心品牌有机增速、毛利与FCF定义,False,False,00669.html,batch-11
00688,中国海外发展,地产,地产与综合控股,内地地产,观察,观察,13.08,2026-10-07 15:04:51 HKT,https://www1.hkexnews.hk/listedco/listconews/sehk/2026/0826/2026082600217.pdf,2,H1收入975.99111亿人民币，基本及摊薄EPS0.64元，同期0.79元。,交付收入增长未带动EPS，开发利润率和项目回款优先于简单PB折价。,销售交付和低融资成本,地产毛利压缩和存货减值,权益销售、开发毛利、净负债与销售现金,False,False,00688.html,batch-02
00700,腾讯控股,软件服务,科技与内容,互联网平台,观察,观察,420.6,2026-10-07 15:05:01 HKT,https://www1.hkexnews.hk/listedco/listconews/sehk/2026/0812/2026081200296.pdf,"1,2",Q2收入2047.85亿人民币，归属利润560.22亿；H1收入4012.43亿、归属利润1141.15亿，基本EPS12.639元。,Q2归属增长0.7%与半年增长10%不同；调整利润、投资收益、回购和AI资本开支必须桥接。,游戏及营销收入、微信生态变现,AI资本开支、投资收益与股份支付,游戏流水、营销毛利、资本开支及调整利润桥接,False,False,00700.html,batch-21
00728,中国电信,电讯,公用事业与电讯,电信,观察,观察,4.53,2026-10-07 15:04:34 HKT,https://www1.hkexnews.hk/listedco/listconews/sehk/2026/0820/2026082000375.pdf,"17,21",H1股东归属利润195.88亿人民币，同期230.17亿；基本及摊薄EPS0.21元，同期0.25元。,云网增长不能直接替代集团盈利下降，需要可比口径与资本开支回报解释。,云网业务和移动宽带变现,云收入不等于利润、算力资本投入,服务收入、云利润、资本开支与股息现金覆盖,False,False,00728.html,batch-04
00762,中国联通,电讯,公用事业与电讯,电信,观察,观察,5.55,2026-10-07 15:04:20 HKT,https://www1.hkexnews.hk/listedco/listconews/sehk/2026/0818/2026081800335.pdf,8,H1收入2013.64亿人民币，股东归属利润94.68亿，同期144.84亿；基本及摊薄EPS0.31元。,收入基本平稳而归属利润下降，算力收入增长不能单独作为盈利上行证据。,高值连接与算力业务,低增长与算力投资回报压力,服务收入、算力毛利、ARPU及现金覆盖,False,False,00762.html,batch-04
00780,同程旅行,旅游及消闲设施,消费与服务,在线旅游,观察,条件关注,9.77,2026-10-07 15:04:59 HKT,https://www1.hkexnews.hk/listedco/listconews/sehk/2026/0824/2026082400456.pdf,2,Q2收入49.87027亿人民币，同比增长6.8%；法定期内利润6.33724亿、调整净利8.50902亿。,调整盈利增长与法定期内利润下降分开；服务变现和费用桥接比流水重要。,低线城市客群与服务变现,获客费用、出行价格竞争,交易客群、调整净利桥接及经营现金,False,False,00780.html,batch-11
00836,华润电力,公用事业,公用事业与电讯,发电,观察,观察,19.78,2026-10-07 15:04:32 HKT,https://www1.hkexnews.hk/listedco/listconews/sehk/2026/0826/2026082600195.pdf,"1,2",H1归属利润66.49412亿港元，同比下降15.5%；基本EPS1.28港元，中期股息0.321港元。,售电收入增长不证明盈利增长；电价、燃料、折旧和减值分别验证。,火电成本与新能源出力,电价下行、煤价及新增装机折旧,同口径火电价差、新能源利用小时与净负债,False,False,00836.html,batch-05
00857,中国石油股份,石油及天然气,资源能源,综合油气,观察,观察,9.63,2026-10-07 15:00:24 HKT,https://www1.hkexnews.hk/listedco/listconews/sehk/2026/0830/2026083000017.pdf,"3,4",H1IFRS归属利润1039.36亿人民币；CAS归母1039.34亿；IFRS基本EPS0.57元，经营现金2512.81亿。,同期比较含调整前后数据；保留IFRS与CAS微小差异，不混合多个口径形成单一TTM。,油气产量、销售与成本控制,高油价周期、炼化结构及口径重述,上游成本、销量、IFRS与CAS利润差异,False,False,00857.html,batch-28
00868,信义玻璃,工业工程,工业运输,玻璃,观察,观察,8.04,2026-10-07 15:03:12 HKT,https://www1.hkexnews.hk/listedco/listconews/sehk/2026/0731/2026073101563.pdf,"1,2",H1收入95.208亿人民币、归属11.841亿；基本EPS26.76人民币分，毛利28.63410亿。,报告币种是人民币、交易价是港元；收入下降而净利提升，不能忽视毛利下降及其他收益。,汽车及建筑玻璃需求与成本,浮法过剩、利润被非经营收益支撑,分部毛利、售量、能源成本及税后非经营收益,False,False,00868.html,batch-25
00881,中升控股,专业零售,消费与服务,汽车经销,观察,回避（TTM 亏损，按规则回避）,2.475,2026-10-07 15:03:57 HKT,https://www1.hkexnews.hk/listedco/listconews/sehk/2026/0831/2026083100409.pdf,"1,2",H1收入630.223亿人民币，新车毛亏5.797亿；归属利润1.106亿，同比下降89.1%。,售后现金业务不能掩盖新车亏损，先确认库存和返利后再讨论估值修复。,售后服务现金流与品牌转型,新车毛亏、库存减值及厂商返利,新车毛利、售后利润、库存天数与授信,False,False,00881.html,batch-11
00883,中国海洋石油,石油及天然气,资源能源,上游油气,观察,观察,23.52,2026-10-07 15:04:08 HKT,https://www1.hkexnews.hk/listedco/listconews/sehk/2026/0826/2026082600422.pdf,1,H1油气产量3.987亿桶油当量、销售2061亿人民币；归属利润858亿、基本及摊薄EPS1.81元。,利润增长同时包含油价和产量，2027情景须独立压力测试低油价及刚性资本投入。,低成本产量增长,油价下行情景与资本开支刚性,产量、桶油成本、实现油价和分红覆盖,False,False,00883.html,batch-28
00914,海螺水泥,建筑,工业运输,水泥,观察,观察,15.81,2026-10-07 15:00:19 HKT,https://www1.hkexnews.hk/listedco/listconews/sehk/2026/0826/2026082601667.pdf,2,H1收入369.26872亿人民币，同比下降10.88%；归属利润27.19786亿，同比下降41.85%。,剔除周期顶部PE锚，需求、售价和成本恢复前不能认证成长评级。,需求及区域价格恢复,产能过剩、需求收缩和能源成本,吨售价、吨成本、销量及资产减值,False,False,00914.html,batch-25
00939,建设银行,银行,金融,银行,观察,观察,9.63,2026-10-07 15:04:45 HKT,https://www1.hkexnews.hk/listedco/listconews/sehk/2026/0828/2026082800783.pdf,"8,9",H1集团净利1716.77亿人民币，股东归属1695.64亿；基本及摊薄EPS0.65元，不良率1.29%。,旧页把集团净利增速5.56%用作归母增长；归属增速实际4.62%，普通股EPS亦受资本工具分配影响。,贷款结构与存款成本改善,房地产信用成本和息差压力,净息差、不良生成、普通股ROE与CET1,True,False,00939.html,batch-06
00941,中国移动,电讯,公用事业与电讯,电信,观察,观察,79.1,2026-10-07 15:04:56 HKT,https://www1.hkexnews.hk/listedco/listconews/sehk/2026/0813/2026081300218.pdf,"3,22",H1归属利润789.34亿人民币，同比下降6.3%；基本EPS3.64元，EPS加权股数216.62528008亿股。,保留可比口径增长声明，但不能将其替代法定利润；股息安全需资本投入后现金覆盖。,连接、政企业务和现金分红,收入成熟、折旧与算力投资,通信服务收入、资本开支、净现金与分红覆盖,False,False,00941.html,batch-05
00960,龙湖集团,地产,地产与综合控股,内地地产,观察,回避（TTM 亏损，按规则回避）,5.255,2026-10-07 15:04:25 HKT,https://www1.hkexnews.hk/listedco/listconews/sehk/2026/0828/2026082800287.pdf,2,H1收入397.95243亿人民币、毛利44.23546亿、股东归属19.61420亿。,销售与利润下降背景下，经营物业能否覆盖再融资需独立检验，PB折价不等于偿债现金。,回款与经营物业租金,销售下降及债务再融资,到期债务、受限现金、租金与交付保障,False,False,00960.html,batch-02
00968,信义光能,工业工程,工业运输,光伏玻璃,观察,观察,1.91,2026-10-07 15:05:07 HKT,https://www1.hkexnews.hk/listedco/listconews/sehk/2026/0731/2026073100852.pdf,1,H1收入84.301亿人民币，同比下降22.9%；归属3900万元，同比下降94.8%；基本EPS0.43人民币分。,光伏玻璃近盈亏平衡，产量增长若伴随售价下降不能恢复利润；币种及分钱单位需纠正。,销量和生产成本效率,行业新增供给压低售价,玻璃售价、成本、开工率和库存,False,False,00968.html,batch-25
00981,中芯国际,半导体,科技与内容,晶圆代工,观察,观察,60.7,2026-10-07 15:05:15 HKT,https://www1.hkexnews.hk/listedco/listconews/sehk/2026/0827/2026082701015.pdf,7,H1收入55.11075亿美元；归属利润6.76645亿，剔除非经常损益4.33383亿；经营现金32.07101亿。,法定和非经常调整并非同一增长率，经营现金高于净利仍需扣重资本投入。,产能利用率与产品组合,资本开支及折旧、出口限制,ASP、利用率、折旧、毛利和经营现金,False,False,00981.html,batch-21
00992,联想集团,资讯科技器材,科技与内容,计算机硬件,观察,观察,35.08,2026-10-07 15:05:16 HKT,https://www1.hkexnews.hk/listedco/listconews/sehk/2026/0813/2026081300141.pdf,1,FY2026/27第一季收入269.43亿美元，同比增长43%；毛利率16.5%，同比增加1.8个百分点。,该财季截至2026-06，不能误标自然年H1；分部利润和服务器现金回款决定增长质量。,PC结构、服务器及方案服务,AI服务器收入低毛利和营运资金占用,分部营业利润、服务器应收与现金回款,False,False,00992.html,batch-22
01024,快手-W,媒体及娱乐,科技与内容,内容平台,观察,观察,29.62,2026-10-07 15:05:14 HKT,https://www1.hkexnews.hk/listedco/listconews/sehk/2026/0819/2026081900314.pdf,"1,2",Q2收入355.35亿人民币、调整净利39.13亿，同比下降30.3%；H1收入692.51亿。,收入小幅增长而利润下滑，AI和电商不直接支持盈利上行，先解释毛利及费用。,广告、直播及电商效率,获客竞争、内容成本及股份支付,广告和电商变现、调整净利及自由现金,False,False,01024.html,batch-22
01038,长江基建集团,公用事业,公用事业与电讯,基础设施投资,观察,观察,65.15,2026-10-07 15:03:22 HKT,https://www1.hkexnews.hk/listedco/listconews/sehk/2026/0812/2026081200400.pdf,"1,12",H1净利212.52亿港元，同比389%；EPS8.43港元，公告明确出售UKPN及UK Rails贡献重大。,剔除处置收益重建持续投资利润；净现金339亿港元的未来回报仍属待验证配置。,受监管资产运营与资产配置,资产出售放大盈利、汇率与杠杆,剔除处置的投资利润、净债务和再投资回报,False,False,01038.html,batch-05
01044,恒安国际,消费者主要零售商,消费与服务,生活用品,观察,观察,19.35,2026-10-07 14:58:36 HKT,https://www1.hkexnews.hk/listedco/listconews/sehk/2026/0819/2026081900261.pdf,1,H1收入110.91415亿人民币，同比下降6.1%；毛利率35.3%；归属12.54042亿，同比下降8.7%。,毛利率提高未带动归属增长，利息、投资及费用需桥接。,高端纸巾卫生用品与提效,原料周期、产品竞争和渠道压货,销量、吨成本、产品毛利与库存回款,False,False,01044.html,batch-11
01088,中国神华,煤炭,资源能源,煤炭综合,观察,观察,43.46,2026-10-07 15:05:14 HKT,https://www1.hkexnews.hk/listedco/listconews/sehk/2026/0828/2026082802610.pdf,8,H1IFRS收入1893.38亿人民币、归属310.54亿，基本EPS1.448元；同比基准包含重述。,须区分重述同期与未重述同期，煤炭价格和资产范围变化不能用普通EPS增长率代替。,煤电一体化成本与长协,煤价下行及资本开支影响派息,长协售价、煤电分部利润与FCF覆盖,False,False,01088.html,batch-28
01093,石药集团,药品及生物科技,医疗,创新药,观察,观察,9.805,2026-10-07 15:05:19 HKT,https://www1.hkexnews.hk/listedco/listconews/sehk/2026/0820/2026082000302.pdf,1,H1收入185.94494亿人民币，报告归属60.94212亿、基础归属61.64279亿。,基础利润仍需核对主营授权收入和新品销售；不机械排除全部许可费。,新品销售与研发管线兑现,授权收入时点、集采和研发成本,已上市新品销量、授权里程碑和持续利润,False,False,01093.html,batch-18
01099,国药控股,药品及生物科技,医疗,医药流通,观察,观察,14.87,2026-10-07 15:05:12 HKT,https://www1.hkexnews.hk/listedco/listconews/sehk/2026/0824/2026082400013.pdf,2,H1收入2827.99605亿人民币、归母34.03773亿，基本及摊薄EPS1.09元。,低利润率业务应重点检查应收及融资成本，金融资产出售损失单列。,规模配送和资金周转,应收增长、医院回款及低利润率,应收天数、融资费用和经营现金,False,False,01099.html,batch-18
01109,华润置地,地产,地产与综合控股,内地地产,观察,观察,29.88,2026-10-07 15:03:50 HKT,https://www1.hkexnews.hk/listedco/listconews/sehk/2026/0831/2026083100127.pdf,3,H1收入678.69309亿人民币、毛利172.20326亿；物业公允价值收益54.42123亿。,重估收益放大法定利润，商业租金现金与地产交付必须分别估值。,销售交付和商业物业租金,开发减值、地产毛利和资本支出,开发与商业利润、权益回款及净负债,False,False,01109.html,batch-02
01113,长实集团,地产,地产与综合控股,综合地产,观察,观察,45.6,2026-10-07 15:04:39 HKT,https://www1.hkexnews.hk/listedco/listconews/sehk/2026/0813/2026081300220.pdf,1,H1基础利润66.40亿港元；联营减值60.23亿、英国合资处置收益97.87亿，归属86.83亿。,明确桥接减值、重估及处置，37.8%的法定增长不能当经常性增速。,物业、酒店和基础设施现金,资产处置、香港楼市及负债,持续租金与酒店利润、处置收益和母公司现金,False,False,01113.html,batch-02
01171,兖矿能源,煤炭,资源能源,煤炭,观察,观察,11.38,2026-10-07 15:04:40 HKT,https://www1.hkexnews.hk/listedco/listconews/sehk/2026/0828/2026082802096.pdf,"8,9",H1归属78.74971亿人民币，同比57.20%；经营现金121.19389亿，同比下降4.11%；注销限制股628524股。,利润与现金方向相反须解释营运资金；已读限制股注销不等于全部股份变动闭合。,产量增长和海外矿成本,煤价与海外运营杠杆,煤价、销量、单位成本和净负债,False,False,01171.html,batch-28
01177,中国生物制药,药品及生物科技,医疗,创新药,观察,观察,5.685,2026-10-07 15:05:03 HKT,https://www1.hkexnews.hk/listedco/listconews/sehk/2026/0819/2026081900298.pdf,1,H1收入194.4亿人民币；报告归属34.3亿、基础33.4亿；剔除科兴股息后的基础同期17.4亿。,92.3%增长采用剔除同期科兴股息基数，与基础净利增长8.1%并列，不能混用。,创新药销售及产品结构,授权及投资收益、研发和集采,创新药产品销售、研发现金及归一化利润,False,False,01177.html,batch-18
01186,中国铁建,建筑,工业运输,工程建筑,观察,观察,4.32,2026-10-07 14:50:50 HKT,https://www1.hkexnews.hk/listedco/listconews/sehk/2026/0828/2026082801854.pdf,8,H1收入4284.37974亿人民币，同比下降12.42%；归母86.89842亿，同比下降18.80%。,基建规模不证明利润与回款，合同资产和融资成本构成下行约束。,基建订单交付和海外业务,合同资产回款、低毛利和负债,订单质量、经营现金和合同资产,False,False,01186.html,batch-26
01209,华润万象生活,地产,地产与综合控股,商业物管,观察,观察,36.92,2026-10-07 15:04:54 HKT,https://www1.hkexnews.hk/listedco/listconews/sehk/2026/0831/2026083100073.pdf,2,H1收入92.16785亿人民币、毛利35.06632亿；基本及摊薄EPS98.1人民币分。,补齐旧页缺失经营数据；轻资产性质需应收和商业外拓现金验证。,商场运营与物业管理现金,关联开发商敞口、外拓费用,商业同店利润、应收及第三方项目现金,False,False,01209.html,batch-02
01211,比亚迪股份,汽车,汽车,汽车电池,观察,观察,74.65,2026-10-07 15:04:48 HKT,https://www1.hkexnews.hk/listedco/listconews/sehk/2026/0828/2026082801633.pdf,6,H1收入3448.15亿人民币，同比下降7.13%；归属123.25亿，同比下降20.54%。,品牌与出口优势不能遮盖盈利下降；股本变化后EPS和所有价位须统一。,出口、混动纯电组合与规模,价格战、渠道库存和贸易壁垒,单车利润、海外销量、应付和经营现金,False,False,01211.html,batch-16
01288,农业银行,银行,金融,银行,观察,观察,6.575,2026-10-07 15:05:30 HKT,https://www1.hkexnews.hk/listedco/listconews/sehk/2026/0828/2026082800437.pdf,"11,12",H1净利1480.62亿人民币、归属1463.81亿、基本EPS0.40元；净息差1.28%，普通股BVPS8.17元。,净息差较一季度改善不代表同比改善（同期1.32%）；不良1.25%和拨备290.10%分列。,县域存款网络与贷款增长,贷款增长未必提高风险调整回报,净息差、不良、信用成本与普通股ROE,True,False,01288.html,batch-06
01299,友邦保险,保险,金融,寿险,观察,条件关注,68.95,2026-10-07 15:05:30 HKT,https://www1.hkexnews.hk/listedco/listconews/sehk/2026/0820/2026082000001.pdf,9,H1新业务价值32.12亿美元，同比增长10%；年化经营ROEV18.0%、经营ROE17.5%。,不用法定PE替代EV/NBV框架；美元EV、港元价和回购后股数桥接。,新业务价值及代理人产能,利率、汇率和经营ROE假设,NBV、EV回报、资本与回购约束,False,False,01299.html,batch-06
01336,新华保险,保险,金融,寿险,观察,观察（净利含投资收益的周期高位）,44.42,2026-10-07 15:05:08 HKT,https://www1.hkexnews.hk/listedco/listconews/sehk/2026/0826/2026082600556.pdf,22,H1收入815.54亿人民币、归母227.93亿，同比54.0%。,法定净利含投资环境影响，优先NBV和偿付能力，不把投资收益视作可持续承保盈利。,新业务结构与投资收益,资产市场波动放大法定利润,NBV、剩余边际、投资收益和偿付能力,False,False,01336.html,batch-07
01347,华虹宏力,半导体,科技与内容,晶圆代工,观察,观察,105.2,2026-10-07 15:05:31 HKT,https://www1.hkexnews.hk/listedco/listconews/sehk/2026/0826/2026082600917.pdf,6,H1收入13.78462亿美元，同比24.5%；毛利2.04463亿，同比83.2%。,新厂爬坡提升毛利但折旧和资本投入仍关键，不能只看收入高增长。,特色工艺利用率与新厂爬坡,新厂折旧及成熟制程价格,利用率、ASP、折旧和经营现金,False,False,01347.html,batch-22
01378,中国宏桥,一般金属及矿石,资源能源,铝业,观察,观察,21,2026-10-07 15:05:35 HKT,https://www1.hkexnews.hk/listedco/listconews/sehk/2026/0821/2026082101077.pdf,"2,3",H1收入875.05895亿人民币、毛利275.26337亿；基本EPS1.734元。,铝价和电力成本拆开，中周期估值优先于高利润时点的低PE。,电解铝成本优势与一体化,铝价、电力及产能限制,吨铝成本、铝价、氧化铝结构和现金,False,False,01378.html,batch-29
01385,上海复旦,半导体,科技与内容,芯片设计,观察,观察,25.48,2026-10-07 15:02:34 HKT,https://www1.hkexnews.hk/listedco/listconews/sehk/2026/0817/2026081701763.pdf,2,H1收入约22.25亿人民币；归母约8.49亿、扣非约4.12亿；战略配售股份公允价值收益约4.20亿。,一次性估值收益解释大部分法定与扣非差异，338.58%的净利增速不等于核心增长125.88%。,FPGA和安全芯片产品结构,客户集中、存货及研发成本,新品销售、毛利、存货和研发现金,False,False,01385.html,batch-22
01398,工商银行,银行,金融,银行,观察,观察,7.585,2026-10-07 15:05:29 HKT,https://www1.hkexnews.hk/listedco/listconews/sehk/2026/0828/2026082800399.pdf,3,H1净利1764.75亿人民币、归属1736.82亿；基本及摊薄EPS0.47元。,集团净利和归属普通股利润区分，息差、信用成本和资本派息能力比统一PE重要。,存款规模和信用风险缓冲,息差和房地产敞口,普通股ROE、息差、不良生成及资本,True,False,01398.html,batch-07
01658,邮储银行,银行,金融,银行,观察,观察,5.345,2026-10-07 15:02:30 HKT,https://www1.hkexnews.hk/listedco/listconews/sehk/2026/0828/2026082800835.pdf,"12,14",H1归属515.03亿人民币；加权ROE9.60%、净息差1.63%，同期分别10.91%和1.70%。,利润增长与回报率下降可以同时发生，代理费及资本约束需纳入PB。,零售存款及县域网络,代理费、零售信贷质量和息差,储蓄代理费、息差、不良和资本,True,False,01658.html,batch-07
01772,赣锋锂业,一般金属及矿石,资源能源,锂资源,观察,观察,29.76,2026-10-07 15:05:29 HKT,https://www1.hkexnews.hk/listedco/listconews/sehk/2026/0828/2026082803928.pdf,"2,3",H1收入228.84121亿人民币、毛利71.35927亿；集团期内利润44.32239亿，同期亏损7.86383亿。,周期转盈不能使用负基数普通增长率，集团期内利润不当作全部归母。,锂价与上下游产能,周期亏损、资本投入和库存减值,吨锂成本、实现价、产量及净负债,False,False,01772.html,batch-29
01797,东方甄选,媒体及娱乐,科技与内容,直播电商,观察,观察,25.02,2026-10-07 15:04:12 HKT,https://www1.hkexnews.hk/listedco/listconews/sehk/2026/0821/2026082101261.pdf,1,截至2026-05的全年收入57.01007亿人民币；期内利润5.43870亿，摊薄EPS0.51元。,纠正五月财年；极低基数导致数千百分比增长不宜外推。,自营产品和直播流量变现,主播集中、流量费用和退货,自营收入、核心利润、获客及退货率,False,False,01797.html,batch-22
01800,中国交通建设,建筑,工业运输,工程建筑,观察,观察,3.345,2026-10-07 15:05:35 HKT,https://www1.hkexnews.hk/listedco/listconews/sehk/2026/0827/2026082700384.pdf,1,H1收入3331.60亿人民币，同比下降1.16%；毛利328.31亿，同比下降8.49%。,海外订单不能抵消所有国内回款风险，利润和合同现金必须共同验证。,港口公路工程及海外订单,回款慢、特许经营资本占用,订单、合同资产、回款及项目债务,False,False,01800.html,batch-26
01801,信达生物,药品及生物科技,医疗,创新药,观察,观察,97.45,2026-10-07 15:05:00 HKT,https://www1.hkexnews.hk/listedco/listconews/sehk/2026/0825/2026082500983.pdf,"2,3",H1产品收入82.01469亿人民币，同比增长56.7%；总收入86.17801亿，毛利率85.0%。,产品收入与总收入分开；毛利率下降1个百分点，研发商业费用及许可收益仍需桥接。,已上市药品组合与适应症,商业化费用、研发管线和授权时点,产品销售毛利、研发现金及授权桥接,False,False,01801.html,batch-18
01810,小米集团-W,资讯科技器材,科技与内容,消费硬件汽车,观察,观察,23.98,2026-10-07 15:05:40 HKT,https://www1.hkexnews.hk/listedco/listconews/sehk/2026/0818/2026081801014.pdf,1,Q2收入1089.216亿人民币，同比下降6.1%；期内利润94.634亿，同比下降20.3%。,手机、汽车与投资损益分部核对，不能把汽车交付增长当集团EPS增速。,高端手机、生态与汽车交付,汽车资本强度、价格竞争和股份支付,手机毛利、汽车单车利润与资本开支,False,False,01810.html,batch-23
01876,百威亚太,食物饮品,消费与服务,啤酒,观察,观察,5.68,2026-10-07 15:05:30 HKT,https://www1.hkexnews.hk/listedco/listconews/sehk/2026/0730/2026073000051.pdf,"2,3",H1收入31.71亿美元，报告增长1.1%，有机下降1.4%；销量下降2.2%，正常化EBITDA率29.2%。,报告和有机增速方向不同必须并列；区域组合和费用比简单高端化叙事重要。,高端渠道和区域销量,消费走弱与品牌定价承压,中国及韩国销量、吨价、EBITDA和现金,False,False,01876.html,batch-12
01898,中煤能源,煤炭,资源能源,煤炭,观察,观察,10.17,2026-10-07 15:05:18 HKT,https://www1.hkexnews.hk/listedco/listconews/sehk/2026/0821/2026082100260.pdf,2,H1收入731.36057亿人民币，同期重述744.47082亿；毛利160.27201亿。,成本改善与煤价周期分开；统一重述同期口径后再判断盈利。,长协与煤化工经营,煤价下行、化工价差及扩产,煤炭销量、单位成本和资本开支,False,False,01898.html,batch-29
01919,中远海控,工用运输,工业运输,集装箱航运,观察,观察,16.34,2026-10-07 15:05:35 HKT,https://www1.hkexnews.hk/listedco/listconews/sehk/2026/0828/2026082803772.pdf,1,H1收入1119.21748亿人民币、归属133.92738亿，同期175.27589亿；基本EPS0.88元。,收入略增但净利下滑，运价正常化和新船供给决定2027下行。,箱量、运价与码头收益,新船供给和运价正常化,单箱收入、成本、新船交付和现金分红,False,False,01919.html,batch-26
01928,金沙中国有限公司,旅游及消闲设施,消费与服务,博彩,观察,观察,11.33,2026-10-07 15:05:49 HKT,https://www1.hkexnews.hk/listedco/listconews/sehk/2026/0814/2026081401413.pdf,5,公告列威尼斯人入住率98.6%、伦敦人客房收入同比21.4%；集团利润仍需经营表核对。,高入住率不等于高自由现金，设施改造、促销和利息必须扣除。,澳门中场与酒店运营,促销竞争、债务与资本开支,EBITDA、营销费用、利息及自由现金,False,False,01928.html,batch-12
01929,周大福,专业零售,消费与服务,珠宝零售,观察,观察,11,2026-10-07 15:05:40 HKT,https://www1.hkexnews.hk/listedco/listconews/sehk/2026/0611/2026061100424.pdf,7,截至2026-03全年收入943.98亿港元，同比增长5.3%；归属90.04亿，毛利率32.3%。,2026H1不是最新报告期；金价推高毛利还要检查销量、存货及套保影响。,品牌升级与加盟效率,金价上行压销量、存货和套保,同店、克重、毛利及库存套保桥接,False,False,01929.html,batch-12
01958,北京汽车,汽车,汽车,汽车合资,等待证据,回避（TTM 亏损，按规则回避）,0.7,2026-10-07 15:05:03 HKT,https://www1.hkexnews.hk/listedco/listconews/sehk/2026/0828/2026082802050.pdf,2,H1收入577.25704亿人民币、归属亏损15.93893亿；基本及摊薄EPS亏损0.20元。,已以正式中期报表替换补充公告；权益法合资利润与收到股息不同，持续亏损待改善。,豪华合资利润和自主转型,合资销量弱、权益法利润和现金分配,合资利润、收到股息、自主亏损与现金,False,False,01958.html,batch-16
01997,九龙仓置业,地产,地产与综合控股,商业地产,观察,观察（GAAP 亏损为公允价值下调，基础利润为正）,30.4,2026-10-07 15:04:59 HKT,https://www1.hkexnews.hk/listedco/listconews/sehk/2026/0806/2026080600255.pdf,"5,6",H1基础净利33.11亿港元，经常核心31.78亿；法定归属亏损1.76亿；基础EPS1.09港元。,不用法定亏损机械回避，也不将高派息反推出全部正常EPS；地产重估独立压力测试。,核心商场租金与融资成本,物业估值下调、集中度及分红政策,海港城租金、基础利润、债务与股息覆盖,False,False,01997.html,batch-03
02015,理想汽车-W,汽车,汽车,汽车,等待证据,回避（TTM 亏损，按规则回避）,43.5,2026-10-07 15:05:46 HKT,https://www1.hkexnews.hk/listedco/listconews/sehk/2026/0826/2026082600506.pdf,"2,9",H1收入486.49801亿人民币、期内净亏39.81289亿；表格将2025放左、2026放右。,明确纠正年度列序，车辆毛利与现金消耗恢复前不认证EPS估值。,车型切换和纯电放量,销量下滑、车辆毛利及费用,交付、车辆毛利、亏损及净现金,False,False,02015.html,batch-16
02020,安踏体育,纺织及服饰,消费与服务,运动服饰,观察,观察,71.65,2026-10-07 15:05:49 HKT,https://www1.hkexnews.hk/listedco/listconews/sehk/2026/0826/2026082600213.pdf,55,H1归属利润94.87亿人民币，摊薄利润加回可转债税后利息1.77亿至96.64亿。,普通及摊薄利润分子不同；多品牌利润需扣总部费用和联营贡献。,多品牌零售和海外扩张,渠道库存、收购整合与折扣,主品牌和FILA流水、库存、核心利润,False,False,02020.html,batch-12
02057,中通快递-W,工用运输,工业运输,快递,观察,观察,155,2026-10-07 15:04:47 HKT,https://www1.hkexnews.hk/listedco/listconews/sehk/2026/0819/2026081900007.pdf,"2,5",H1收入278.32256亿人民币，同比增长22.5%；普通股归属51.69224亿，摊薄EPS6.44元。,表格2025在左、2026在右；每普通股与每ADS转换按原公告单位，不混用。,单票成本和服务网络,低价竞争、资本开支和关联交易,件量、单票收入成本及调整利润现金,False,False,02057.html,batch-27
02196,复星医药,药品及生物科技,医疗,医药综合,观察,观察,18.24,2026-10-07 15:05:23 HKT,https://www1.hkexnews.hk/listedco/listconews/sehk/2026/0825/2026082502119.pdf,2,H1收入203.76519亿人民币、毛利100.88330亿；分部与投资收益桥接未完成。,创新药收入增长不自动提高集团回报，处置及权益法收益需单列。,创新药和器械业务,集团杠杆、资产处置及投资收益,持续分部利润、债务、研发和处置桥接,False,False,02196.html,batch-19
02238,广汽集团,汽车,汽车,汽车,等待证据,回避（TTM 亏损，按规则回避）,2.35,2026-10-07 14:54:55 HKT,https://www1.hkexnews.hk/listedco/listconews/sehk/2026/0828/2026082803018.pdf,2,H1收入465.00339亿人民币、毛亏19.75123亿，同期毛亏18.49475亿。,先证明自主经营毛利修复，合资权益利润不能掩盖自身营业毛亏。,自主新能源与合资转型,合资利润下降、自主亏损和补贴,自主单车利润、合资贡献、存货及现金,False,False,02238.html,batch-16
02313,申洲国际,纺织及服饰,消费与服务,服装制造,观察,观察,34.04,2026-10-07 15:04:01 HKT,https://www1.hkexnews.hk/listedco/listconews/sehk/2026/0825/2026082500356.pdf,2,H1收入141.79177亿人民币、毛利31.97464亿；基本及摊薄EPS1.27元，同期2.11元。,客户订单优势尚未转化为盈利增长，毛利和海外产能效率是关键。,核心品牌订单和产能效率,客户集中、汇率和海外产能成本,订单量、毛利、产能利用率和现金,False,False,02313.html,batch-12
02318,中国平安,保险,金融,保险综合,观察,观察,51.55,2026-10-07 15:05:52 HKT,https://www1.hkexnews.hk/listedco/listconews/sehk/2026/0820/2026082000761.pdf,"8,14",H1集团归属营运税后利润841.96亿人民币，法定归母925.85亿；寿险NBV248.47亿，同比增长11.2%。,36.1%的法定净利增长高于营运8.3%，不能以法定增长外推保险主业。,寿险NBV和银行资产质量,投资收益、保险会计及地产敞口,寿险NBV、营运利润、资本和现金分红,False,False,02318.html,batch-07
02319,蒙牛乳业,食物饮品,消费与服务,乳品,观察,观察,17.28,2026-10-07 15:05:39 HKT,https://www1.hkexnews.hk/listedco/listconews/sehk/2026/0826/2026082601829.pdf,2,H1收入447.94932亿人民币、毛利182.57855亿；分部及销量价格桥接仍待补。,收入增长须验证奶源成本和销售费用，品牌优势不足以认证可持续EPS。,产品结构与渠道效率,奶源周期、需求和渠道库存,销量、吨价、原奶成本和库存,False,False,02319.html,batch-13
02331,李宁,纺织及服饰,消费与服务,运动服饰,观察,观察,12.4,2026-10-07 15:05:52 HKT,https://www1.hkexnews.hk/listedco/listconews/sehk/2026/0820/2026082001445.pdf,2,H1收入152.35250亿人民币、毛利77.50727亿；销售费用46.39732亿，同期42.92730亿。,毛利改善需抵消费用增长，门店扩张不能替代同店和库存质量。,产品与渠道运营效率,折扣、渠道库存和同店疲弱,零售流水、库存、毛利和经营现金,False,False,02331.html,batch-13
02333,长城汽车,汽车,汽车,汽车,观察,观察,7.15,2026-10-07 15:05:40 HKT,https://www1.hkexnews.hk/listedco/listconews/sehk/2026/0825/2026082500568.pdf,11,H1收入1021.014305亿人民币，归母24.645092亿、扣非16.101214亿；同比下降61.11%和55.04%。,利润显著下降而经营现金104.361016亿上升，需营运资金桥接，不以现金一项宣布反转。,高价值车型和出口,国内竞争、车型周期及销售费用,单车售价、出口利润和现金回款,False,False,02333.html,batch-17
02378,保诚,保险,金融,寿险,观察,条件关注,94.55,2026-10-07 15:05:22 HKT,https://www1.hkexnews.hk/listedco/listconews/sehk/2026/0827/2026082700001.pdf,4,H1调整营运税后利润15.23亿美元，IFRS税后利润9.95亿美元；相应EPS58.4及37.9美分。,调整经营增长与法定净利下降并列，使用自由盈余和新业务价值检查。,亚洲及非洲新业务价值,区域执行、汇率与资本释放,NBV、自由盈余、偿付能力和现金汇回,False,False,02378.html,batch-07
02382,舜宇光学科技,资讯科技器材,科技与内容,光学器件,观察,观察,64.75,2026-10-07 15:05:49 HKT,https://www1.hkexnews.hk/listedco/listconews/sehk/2026/0826/2026082601115.pdf,"2,3",H1收入219.05704亿人民币、毛利42.68666亿；基本EPS168.03人民币分。,手机与车载量价分别核对，不能把出货增速直接当EPS增速。,车载与高端手机镜头结构,手机客户竞争、ASP和资本开支,车载及手机出货、ASP、毛利及应收,False,False,02382.html,batch-23
02388,中银香港,银行,金融,银行,观察,观察,51,2026-10-07 15:05:53 HKT,https://www1.hkexnews.hk/listedco/listconews/sehk/2026/0828/2026082800459.pdf,2,H1归属237.39亿港元、EPS2.2453港元；净经营收入399.03亿，ROE13.18%。,归属增长伴随收入下降，信用拨备和一次性项目需桥接；资本总比率25.71%。,香港存款网络和跨境业务,降息、香港商用物业信用风险,息差、信用损失、普通股ROE及CET1,False,False,02388.html,batch-08
02600,中国铝业,一般金属及矿石,资源能源,铝业,观察,观察,7.64,2026-10-07 15:04:10 HKT,https://www1.hkexnews.hk/listedco/listconews/sehk/2026/0827/2026082701969.pdf,13,H1电解铝产量402万吨，同比增长1.26%；冶金氧化铝738万吨，同比下降14.19%。,铝与氧化铝量价方向不同，不以单一金属价格解释集团全部利润。,铝价及成本优化,氧化铝周期、电力和资产减值,分部吨成本、价格及现金流,False,False,02600.html,batch-29
02601,中国太保,保险,金融,寿险财险,观察,观察,27.58,2026-10-07 15:05:46 HKT,https://www1.hkexnews.hk/listedco/listconews/sehk/2026/0827/2026082700692.pdf,"12,55",H1归母307.75亿人民币；基本EPS3.20元、摊薄2.95元。,摊薄工具已使EPS明显不同，寿险与财险用各自资本和盈利框架。,寿险NBV与财险承保,投资市场、会计与资本约束,NBV、综合成本率和营运利润,False,False,02601.html,batch-08
02618,京东物流,工用支援,工业运输,物流,观察,条件关注,9.99,2026-10-07 15:05:40 HKT,https://www1.hkexnews.hk/listedco/listconews/sehk/2026/0813/2026081300555.pdf,"1,2",Q2收入641.02308亿人民币，同比增长24.3%；期内利润24.06205亿，仅增长2.5%。,高收入增速并非同等利润弹性，外部客户、低毛利组合与租赁成本须验证。,外部客户及供应链合同,价格竞争、网络扩张和客户集中,外部收入、分部利润、租赁与经营现金,False,False,02618.html,batch-27
02628,中国人寿,保险,金融,寿险,观察,观察（净利含投资收益的周期高位）,27.36,2026-10-07 15:05:37 HKT,https://www1.hkexnews.hk/listedco/listconews/sehk/2026/0827/2026082700466.pdf,5,H1归属1344.89亿人民币，同比增长228.6%；基本及摊薄EPS4.76元。,这是法定投资相关盈利，不能认证承保或NBV同幅增长，估值优先EV与营运框架。,新业务价值及投资组合,权益收益可逆、长债利率和偿付能力,NBV、投资收益、合同服务边际和资本,False,False,02628.html,batch-08
02688,新奥能源,公用事业,公用事业与电讯,城市燃气,观察,观察,49.46,2026-10-07 15:05:32 HKT,https://www1.hkexnews.hk/listedco/listconews/sehk/2026/0828/2026082800403.pdf,1,H1收入570.21亿人民币、归属26.67亿，同比增长9.8%；核心利润31.75亿，同比下降1.5%。,归属增长与核心下降冲突，不能只选更好看的口径；综合能源售量下降6.7%。,工商业气量与综合能源,上游气价和零售顺价时滞,售气量、售气毛差和应收,False,False,02688.html,batch-05
02899,紫金矿业,黄金及贵金属,资源能源,铜金矿业,观察,观察,32.36,2026-10-07 15:05:30 HKT,https://www1.hkexnews.hk/listedco/listconews/sehk/2026/0823/2026082300141.pdf,6,H1基本EPS1.473人民币元、摊薄EPS1.434元；金铜产量与成本仍需分部模型。,可转债等摊薄影响已体现，中周期金属价与并购债务不能省略。,金铜产量和矿山成本,金属价格、并购杠杆及资源风险,矿产量、单位成本、净债务与现金,False,False,02899.html,batch-29
03323,中国建材,建筑,工业运输,建材,观察,回避,3.13,2026-10-07 15:05:20 HKT,https://www1.hkexnews.hk/listedco/listconews/sehk/2026/0827/2026082702195.pdf,2,H1收入814.82841亿人民币、毛利132.18434亿，同期毛利159.79936亿。,毛利下降与固定费用刚性构成压力，不以规模和PB折价证明价值。,水泥玻纤新材料与提效,需求弱、资产减值和高杠杆,分部利润、吨价吨成本及偿债现金,False,False,03323.html,batch-27
03328,交通银行,银行,金融,银行,观察,观察,8.22,2026-10-07 15:04:32 HKT,https://www1.hkexnews.hk/listedco/listconews/sehk/2026/0828/2026082800406.pdf,"2,3",H1归母478.74亿人民币，同比增长4.04%；普通股EPS0.52元，同比下降11.86%；息差1.23%。,归母增长但EPS下降说明普通股口径和资本变化必须桥接，旧EPS外推不能使用。,综合金融与资产质量,信用成本、息差和资本摊薄,普通股ROE、息差、不良及资本,True,False,03328.html,batch-08
03606,福耀玻璃,汽车,汽车,汽车玻璃,观察,观察,54.75,2026-10-07 15:05:50 HKT,https://www1.hkexnews.hk/listedco/listconews/sehk/2026/0818/2026081800875.pdf,"6,7",H1收入219.71105亿人民币，扣非归属38.79167亿，同比下降17.58%；基本EPS1.52元。,高价值产品叙事需与当期利润下降对照，海外爬坡和汇率影响分别拆分。,高附加值玻璃及海外工厂,汽车需求、海外爬坡与汇率,单车配套价值、海外毛利及资本开支,False,False,03606.html,batch-17
03690,美团-W,专业零售,消费与服务,本地生活,观察,回避（TTM 亏损，按规则回避）,70.1,2026-10-07 15:04:40 HKT,https://www1.hkexnews.hk/listedco/listconews/sehk/2026/0828/2026082800435.pdf,"1,3",Q2调整净利25.23716亿人民币，同比增长69.0%；核心本地经营利润56.68275亿，新业务亏17.38915亿。,低基数修复不能直接外推，补贴与总部费用仍需扣除，核心和新业务分开估值。,外卖、到店及新业务效率,即时零售补贴、竞争和利润口径,核心本地营业利润、补贴、亏损与现金,False,False,03690.html,batch-13
03692,翰森制药,药品及生物科技,医疗,创新药,观察,观察,34.06,2026-10-07 15:06:00 HKT,https://www1.hkexnews.hk/listedco/listconews/sehk/2026/0826/2026082600590.pdf,"23,24,29",H1收入83.04007亿人民币，同比增长11.7%；公司说明净利增长由创新药收入及其他收益共同推动。,投资收益与主营产品增长分开，净利35.8%不能直接当产品盈利增长。,创新产品商业销售,投资与授权收益提高法定净利,产品销售、研发现金及投资收益桥接,False,False,03692.html,batch-19
03888,金山软件,软件服务,科技与内容,软件游戏,观察,观察,25.08,2026-10-07 15:05:55 HKT,https://www1.hkexnews.hk/listedco/listconews/sehk/2026/0819/2026081901069.pdf,1,Q2办公收入17.00038亿人民币，同比增长25%；游戏收入8.10381亿，同比下降15%；调整归属3.30487亿。,办公与游戏方向相反，联营投资及调整项目桥接后再作SOTP。,办公订阅与游戏新品,新品生命周期、股份支付和投资估值,办公订阅、游戏流水及经常利润,False,False,03888.html,batch-23
03908,中金公司,其他金融,金融,券商,观察,观察（净利含股市高位的周期因素）,20.18,2026-10-07 15:05:29 HKT,https://www1.hkexnews.hk/listedco/listconews/sehk/2026/0828/2026082802338.pdf,12,H1收入及其他收益260.472亿人民币、归属81.993亿，同比增长89.3%。,证券行情改善属周期，交易重估与手续费分开，不把金融OCF当工业FCF。,投行、交易和资管活动,交易周期、重估与杠杆,经纪及投行业务、风险资产和净资本,False,False,03908.html,batch-08
03968,招商银行,银行,金融,银行,观察,观察,50.95,2026-10-07 15:05:52 HKT,https://www1.hkexnews.hk/listedco/listconews/sehk/2026/0828/2026082801289.pdf,"7,8",H1归属764.45亿人民币，同比增长2.02%；普通股EPS2.98元、普通股ROE13.42%。,ROE较同期13.85%下降，财富业务优势需同时通过零售信用风险验证。,零售存款和财富管理,零售信用风险、息差和资本回报,零售不良、财富收入、普通股ROE,True,False,03968.html,batch-09
03988,中国银行,银行,金融,银行,观察,观察,6,2026-10-07 15:05:44 HKT,https://www1.hkexnews.hk/listedco/listconews/sehk/2026/0828/2026082800485.pdf,"11,12",H1股东归属1235.94亿人民币、基本EPS0.36元；普通股年化ROE8.66%、净息差1.27%。,正式中期业绩替换董事会决议；归属增长但EPS持平，普通股资本工具及信用成本决定PB。,跨境金融和低成本负债,海外利率、汇率和信用成本,息差、海外敞口、资本及普通股ROE,True,False,03988.html,batch-09
06030,中信证券,其他金融,金融,券商,观察,观察（净利含股市高位的周期因素）,23.92,2026-10-07 15:04:52 HKT,https://www1.hkexnews.hk/listedco/listconews/sehk/2026/0820/2026082001001.pdf,12,H1收入及其他收益671.83亿人民币、归属233.43亿，同比增长69.60%；经营现金流出419.80亿。,客户资金和交易资产使金融OCF波动，不将负OCF机械判为经营崩坏，也不忽略资本风险。,资本市场活动与机构业务,权益行情与交易收入周期,手续费、交易收益、净资本和杠杆,False,False,06030.html,batch-09
06060,众安在线,保险,金融,财险科技,观察,观察,9.61,2026-10-07 15:06:11 HKT,https://www1.hkexnews.hk/listedco/listconews/sehk/2026/0825/2026082500366.pdf,15,H1净利润15.49964亿人民币，基本及摊薄EPS0.92元；总投资收益率7.6%、净投资收益率1.4%。,投资回报口径差异明显，承保综合成本率与科技收入必须独立检查。,保险定价与科技服务,投资损益及赔付成本,承保综合成本率、科技利润及资本,False,False,06060.html,batch-09
06098,碧桂园服务,地产,地产与综合控股,住宅物管,观察,观察,5.23,2026-10-07 15:04:54 HKT,https://www1.hkexnews.hk/listedco/listconews/sehk/2026/0826/2026082600231.pdf,1,H1收入245.005亿人民币、集团净利9.484亿，同比下降5.4%；归属约9.503亿另列。,集团净利与归属增速不可混用，应收减值及经营现金比调整核心利润优先。,存量物业收费及第三方拓展,关联房企应收、减值与现金转换,关联应收、减值、收费率及经营现金,False,False,06098.html,batch-03
06160,百济神州,药品及生物科技,医疗,创新药,观察,观察,217.8,2026-10-07 15:05:59 HKT,https://www1.hkexnews.hk/listedco/listconews/sehk/2026/0826/2026082600783.pdf,2,H1净利润4.64364亿美元，摊薄EPS每普通股0.31美元，基本0.32美元。,旧页以TTM亏损机械回避不再充分；需产品商业利润、研发与美元港元口径重建。,肿瘤产品放量与研发规模,单品集中、竞争、费用和汇率,核心产品销售、经营盈亏及净现金,False,False,06160.html,batch-19
06186,中国飞鹤,食物饮品,消费与服务,婴幼儿奶粉,观察,观察,2.72,2026-10-07 15:05:36 HKT,https://www1.hkexnews.hk/listedco/listconews/sehk/2026/0826/2026082601817.pdf,2,H1收入93.62363亿人民币、毛利58.00076亿；基本EPS0.10元，同期0.11元。,婴幼儿奶粉收入小增而EPS下降，渠道费用、库存和人口趋势不能省略。,品牌和渠道效率,出生人口、价格竞争与存货,销量、渠道库存、费用率和现金分红,False,False,06186.html,batch-13
06618,京东健康,药品及生物科技,医疗,医药平台,观察,条件关注,35.26,2026-10-07 15:05:31 HKT,https://www1.hkexnews.hk/listedco/listconews/sehk/2026/0813/2026081300236.pdf,1,H1收入408.87884亿人民币，同比增长15.9%；营业利润31.73756亿、期内利润34.35408亿。,补齐平台经营改善证据，调整利润与金融投资收益仍需现金桥接。,自营零售及线上服务,低毛利扩张、关联渠道和竞争,服务利润、自营周转与调整净利,False,False,06618.html,batch-20
06690,海尔智家,家庭电器及用品,消费与服务,家电,观察,观察,19.74,2026-10-07 15:02:19 HKT,https://www1.hkexnews.hk/listedco/listconews/sehk/2026/0827/2026082702357.pdf,1,H1收入1521.09亿人民币，同比下降2.8%；调整营业利润127.52亿，同比下降3.4%；基本EPS1.12元。,海外品牌优势未抵消当期盈利下降，区域组合、费用和贸易成本共同验证。,高端品牌、海外与供应链,关税、汇率和渠道库存,区域利润、毛利、库存与经营现金,False,False,06690.html,batch-13
06862,海底捞,旅游及消闲设施,消费与服务,餐饮,观察,观察,9.22,2026-10-07 15:05:45 HKT,https://www1.hkexnews.hk/listedco/listconews/sehk/2026/0825/2026082501119.pdf,1,H1收入223.36906亿人民币，归属17.66871亿，同期17.58525亿。,收入增长而净利基本持平，翻台、客单价和新店效率比门店总数重要。,翻台率与单店效率,客单价、扩张和人工租赁成本,翻台率、同店、单店现金和租赁,False,False,06862.html,batch-14
06881,中国银河,其他金融,金融,券商,观察,观察（净利含股市高位的周期因素）,7.145,2026-10-07 15:06:13 HKT,https://www1.hkexnews.hk/listedco/listconews/sehk/2026/0828/2026082800555.pdf,11,H1收入及其他收益223.23312亿人民币，归属77.97061亿，同比增长20.18%。,经纪规模需与周期风险、减值及杠杆结合，不用经营现金流量直接推FCF。,经纪与财富业务规模,交易周期和融资杠杆,手续费、投资收益、减值与资本,False,False,06881.html,batch-09
09618,京东集团-SW,专业零售,消费与服务,电商,观察,观察,104.8,2026-10-07 15:05:57 HKT,https://www1.hkexnews.hk/listedco/listconews/sehk/2026/0813/2026081300917.pdf,2,Q2收入3464亿人民币，同比下降2.9%；归属普通股净利71亿、非GAAP89亿；每ADS摊薄盈利5.01元。,最新Q2/H1替换Q1；每ADS代表2普通股，零售营业利润135亿与集团45亿分别看。,零售供应链和服务收入,即时零售补贴、低利润率和竞争,零售营业利润、新业务亏损和经营现金,False,False,09618.html,batch-14
09626,哔哩哔哩-W,媒体及娱乐,科技与内容,内容平台,观察,观察,117.2,2026-10-07 15:06:21 HKT,https://www1.hkexnews.hk/listedco/listconews/sehk/2026/0827/2026082701311.pdf,3,H1收入154.11958亿人民币，同比增长7.5%；归属5.53508亿、调整归属13.01494亿。,2026列在右侧；法定与调整差额不自动视为可忽略，验证股份支付与现金。,广告和游戏变现效率,内容投入、流量竞争和股份支付,广告及游戏收入、调整净利与经营现金,False,False,09626.html,batch-23
09633,农夫山泉,食物饮品,消费与服务,饮料,观察,观察,39.8,2026-10-07 15:05:25 HKT,https://www1.hkexnews.hk/listedco/listconews/sehk/2026/0825/2026082501292.pdf,2,H1收入297.18100亿人民币、毛利180.98575亿；水和饮料需分别拆销量价格。,高毛利不代表渠道需求确定，库存与费用是关键反证。,包装水渠道与饮料结构,价格竞争、库存和消费需求,包装水销量、饮料利润、存货和回款,False,False,09633.html,batch-14
09698,万国数据-SW,软件服务,科技与内容,数据中心,观察,观察,29.38,2026-10-07 15:06:21 HKT,https://www1.hkexnews.hk/listedco/listconews/sehk/2026/0813/2026081301330.pdf,3,Q2收入30.880亿人民币，同比增长6.5%；净利8.376亿、调整EBITDA14.060亿；利用率79.2%。,最新Q2替换Q1；净利转正与EBITDA仅增长2.5%不同，处置及重估桥接仍关键。,机柜交付、上架与海外需求,高杠杆、重资本和资产出售,利用率、租金、资本开支、债务与调整EBITDA,False,False,09698.html,batch-24
09866,蔚来-SW,汽车,汽车,汽车,等待证据,回避（TTM 亏损，按规则回避）,27.16,2026-10-07 15:06:06 HKT,https://www1.hkexnews.hk/listedco/listconews/sehk/2026/0901/2026090102911.pdf,3,Q2收入321.369亿人民币，车辆毛利18.5%；法定净亏5.28亿、调整净利2610万元；现金等合计567亿含受限资金。,最新Q2替换Q1；9月28日签订吉利换电充电交易协议，交割有条件，不能当已完成或全部现金注资。,三品牌交付及成本改进,亏损、扩产和融资摊薄,车辆毛利、交付、现金消耗与股本,False,False,09866.html,batch-17
09868,小鹏集团-W,汽车,汽车,汽车,等待证据,回避（TTM 亏损，按规则回避）,37.74,2026-10-07 15:06:13 HKT,https://www1.hkexnews.hk/listedco/listconews/sehk/2026/0824/2026082401045.pdf,"3,5",Q2收入197.4亿人民币、净亏13.4亿；车辆毛利12.1%、集团毛利20.7%。,技术服务及授权可提高集团毛利，不能误称整车毛利20.7%。,新品放量和技术合作,车型价格、研发与授权时点,车辆毛利、合作收入桥接和现金,False,False,09868.html,batch-17
09888,百度集团-W,媒体及娱乐,科技与内容,搜索云,观察,观察,84.35,2026-10-07 15:06:24 HKT,https://www1.hkexnews.hk/listedco/listconews/sehk/2026/0818/2026081801092.pdf,"2,5",Q2收入313.25亿人民币，同比下降4%；经营现金约34亿；管理层称AI业务收入约125亿。,AI收入增长必须与整体广告下滑及资本投入对照，管理层定义不等于独立分部净利。,核心广告现金和云变现,搜索替代、AI投入及减值,核心广告、云经营利润和资本开支,False,False,09888.html,batch-24
09961,携程集团-S,旅游及消闲设施,消费与服务,在线旅游,观察,条件关注,302.2,2026-10-07 15:06:22 HKT,https://www1.hkexnews.hk/listedco/listconews/sehk/2026/0916/2026091600011.pdf,"2,4",Q2收入157亿人民币，同比增长6%；净亏约24亿；公司称扣除约52亿反垄断处罚后净利约27亿。,核读处罚原件：没收所得16.58亿加罚款35.21亿，退款1.22亿另列；一次性现金支出和长期整改风险不能一并删除。,国内及出境出行和海外平台,价格竞争、旅游周期和投资收益,核心服务收入、调整利润和投资桥接,False,False,09961.html,batch-14
09987,百胜中国,旅游及消闲设施,消费与服务,连锁餐饮,观察,观察,322,2026-10-07 15:06:22 HKT,https://www1.hkexnews.hk/listedco/listconews/sehk/2026/0810/2026081000819.pdf,"3,17",H1收入64.09亿美元、营业利润7.95亿；经营租赁现金支付2.51亿美元，融资租赁本金另列。,租赁现金不能从餐厅盈利中省略，同店交易及新店效率才是增长质量。,同店交易与门店效率,加盟扩张、价格及租赁成本,同店、餐厅利润、加盟现金及回购,False,False,09987.html,batch-15
09988,阿里巴巴-W,专业零售,消费与服务,电商云,观察,观察,105.1,2026-10-07 15:06:21 HKT,https://www1.hkexnews.hk/listedco/listconews/sehk/2026/0820/2026082000745.pdf,"6,7",截至2026-06季度收入2689.53亿人民币，同比增长9%；营业利润151.61亿，同比下降57%。,公司六月季度非自然H1；云增长与即时零售投入分开，旧利润增速不能沿用。,核心电商效率和云外部需求,补贴竞争、AI资本开支和投资波动,核心分部EBITA、云利润、资本开支和FCF,False,False,09988.html,batch-15
09992,泡泡玛特,家庭电器及用品,消费与服务,潮玩,观察,观察,151.8,2026-10-07 15:06:23 HKT,https://www1.hkexnews.hk/listedco/listconews/sehk/2026/0325/2026032500285.pdf,1,H1收入171.72921亿人民币，同比增长23.8%；归属50.38384亿，调整净利51.55777亿。,增长已低于此前爆发期，IP持续性、海外费用和库存需压力测试。,IP商业化与海外渠道,IP生命周期、需求透支及库存,IP收入、同店、海外利润和库存周转,False,False,09992.html,batch-15
09999,网易,软件服务,科技与内容,游戏,观察,观察,188.9,2026-10-07 15:06:18 HKT,https://www1.hkexnews.hk/listedco/listconews/sehk/2026/0820/2026082000465.pdf,"2,5",Q2收入301亿人民币，同比增长7.9%；游戏及相关增值250亿，同比增长9.7%；毛利约212亿。,产品生命周期和递延收入是增长持续性的验证，不用单季毛利外推EPS。,长线产品及新品发行,版号、内容成本及新品生命周期,游戏递延、产品流水和经营现金,False,False,09999.html,batch-24
02269,药明生物,医疗保健,医疗,生物药服务,观察,观察,56.85,2026-10-07 15:06:26 HKT,https://www1.hkexnews.hk/listedco/listconews/sehk/2026/0825/2026082500945.pdf,1,H1收入117.872亿人民币，同比增长18.4%；毛利率46.2%，净利润29.162亿，同比增长5.8%。,经营毛利改善未等比例转化净利，处置、融资及调整项目需桥接。,在手项目向生产订单转化,客户融资、地缘政策和扩产,新增项目、商业化收入、资本开支和现金,False,False,02269.html,batch-20
02359,药明康德,医疗保健,医疗,研发制造服务,观察,观察,218.8,2026-10-07 15:04:17 HKT,https://www1.hkexnews.hk/listedco/listconews/sehk/2026/0803/2026080302540.pdf,1,H1收入288.975亿人民币，同比增长38.9%；毛利率53.2%，归属110.802亿，同比增长33.7%。,持续业务增长与资产出售收益分别核对，订单集中及贸易风险不能省略。,订单与产能利用效率,处置收益、客户订单集中及贸易政策,持续业务订单、调整利润、处置桥接和现金,False,False,02359.html,batch-20
00823,领展房产基金,房地产投资信托,地产与综合控股,REIT,观察,观察（TTM 亏损来自投资物业估值下调（判断，需核实），不按亏损回避）,36.92,2026-10-07 15:06:18 HKT,https://www1.hkexnews.hk/listedco/listconews/sehk/2026/0528/2026052800355.pdf,"1,2,23",截至2026-03全年收入139.38亿港元、NPI102.30亿、可分派65.77亿；DPU2.5361港元，同比下降6.9%；NAV57.75港元。,纠正以法定亏损和普通PE回避REIT；使用分派贴现及NAV情景，财报超过90天但仍为本轮取得的最新全年报告。,商场续租、出租率与可分派收入,物业重估、融资成本和租赁市场,DPU、AFFO、NAV、债务到期与利息覆盖,True,False,00823.html,batch-03
