00001|综合控股|港口吞吐、屈臣氏同店与电讯整合后的持续利润|资产出售和IFRS16口径抬高报告利润|剔除处置的分部EBIT、英国电讯整合成本
00002|受监管电力|香港管制回报与澳洲零售发电盈利|资产出售、澳洲批发电价及燃料成本|香港营运利润、澳洲贡献与持续经营现金
00003|燃气|燃气接驳、工商业气量与新业务利润|新业务高速增长低基数、香港销量及资产减值|香港售气量、内地售气毛差与新业务现金回款
00005|银行|香港及亚洲财富收入与普通股资本回报|降息、信用减值与重大项目影响RoTE|净利息收入、剔除重大项目RoTE、CET1
00006|基础设施投资|出售资产回款后的现金再配置|处置收益不可重复且失去被售资产经常收益|持续投资组合利润、净现金与再投资回报
00012|香港地产|住宅交付和租赁现金流|收地收益与重估影响基础利润质量|剔除收地利润、租金、未确认销售及净负债
00016|香港地产|香港售楼交付与经常性租金|售楼时点集中、内地办公租赁承压|年度基础利润桥接、香港及内地租赁贡献
00027|博彩|澳门中场客流及银河新增设施变现|博彩收入增长未必转为EBITDA增长|中场赢率归一化EBITDA、营销费用与新增设施回报
00066|轨道地产|铁路客流与沿线物业兑现|物业结算不稳定、海外特许经营亏损|经常业务利润、物业结算与建设资本开支
00101|商业地产|内地高端商场客流与租赁收入|融资成本和新增商场投入拖累租金增长转利润|内地同店租金、空置率、资本化利息及基础利润
00175|汽车|新能源与海外销量、车型结构|竞争降价和品牌整合成本侵蚀毛利|单车售价、核心利润、新能源销量与经营现金
00241|医药平台|医药自营及平台服务变现|低毛利自营增长、关联平台依赖|自营和平台利润、调整净利桥接及经营现金
00267|综合控股|金融子公司分红与资源制造回报|综合集团折价、不同报表币种及子公司利润误归母|普通股归属利润、上游分红及母公司债务
00268|软件订阅|云订阅ARR与续费向盈利兑现|转盈低基数、研发资本化及获客成本|ARR增速、续费率、订阅现金回款与调整利润桥接
00285|电子制造|AI服务器和电子制造业务组合|手机毛利承压、扩产折旧与客户集中|服务器毛利和订单现金、新能源客户应收
00288|肉制品|包装肉品牌定价与海外盈利|生猪周期和生物资产重估影响|包装肉利润、猪肉价差和生物资产调整桥接
00291|啤酒白酒|高端啤酒结构与渠道效率|销量和白酒存货压力侵蚀结构升级|啤酒销量、吨价、白酒库存与分部利润
00300|家电工业|海外自有品牌与工业业务利润|关税、渠道库存和整合费用|海外OBM毛利、库存周转与工业分部利润
00316|集装箱航运|箱量与有效运价|航线扰动的高运费不能长期重复|运价、单箱成本、船舶资本开支和订单交付
00322|食品饮料|饮料销量与方便面提效|价格竞争、原料成本和渠道压货|销量、售价、分部毛利与经营现金
00386|油气炼化|炼油化工价差与销售网络|高油价不必然利好炼化、存货损益|分部经营利润、炼化价差和扣非现金覆盖
00388|交易所|成交额、IPO和衍生品活动|成交热度周期性、投资收益与收费变化|交易及结算收入、平均日成交和净投资收益
00390|工程建筑|订单兑现及基建回款|收入萎缩、合同资产和地方融资压力|新签订单、合同资产、回款及扣非利润
00522|半导体设备|先进封装订单交付|业务出售改变比较基础、订单兑现波动|持续经营订单、毛利与调整利润桥接
00669|电动工具|专业工具份额与毛利提升|渠道库存、关税和价格传导|核心品牌有机增速、毛利与FCF定义
00688|内地地产|销售交付和低融资成本|地产毛利压缩和存货减值|权益销售、开发毛利、净负债与销售现金
00700|互联网平台|游戏及营销收入、微信生态变现|AI资本开支、投资收益与股份支付|游戏流水、营销毛利、资本开支及调整利润桥接
00728|电信|云网业务和移动宽带变现|云收入不等于利润、算力资本投入|服务收入、云利润、资本开支与股息现金覆盖
00762|电信|高值连接与算力业务|低增长与算力投资回报压力|服务收入、算力毛利、ARPU及现金覆盖
00780|在线旅游|低线城市客群与服务变现|获客费用、出行价格竞争|交易客群、调整净利桥接及经营现金
00836|发电|火电成本与新能源出力|电价下行、煤价及新增装机折旧|同口径火电价差、新能源利用小时与净负债
00857|综合油气|油气产量、销售与成本控制|高油价周期、炼化结构及口径重述|上游成本、销量、IFRS与CAS利润差异
00868|玻璃|汽车及建筑玻璃需求与成本|浮法过剩、利润被非经营收益支撑|分部毛利、售量、能源成本及税后非经营收益
00881|汽车经销|售后服务现金流与品牌转型|新车毛亏、库存减值及厂商返利|新车毛利、售后利润、库存天数与授信
00883|上游油气|低成本产量增长|油价下行情景与资本开支刚性|产量、桶油成本、实现油价和分红覆盖
00914|水泥|需求及区域价格恢复|产能过剩、需求收缩和能源成本|吨售价、吨成本、销量及资产减值
00939|银行|贷款结构与存款成本改善|房地产信用成本和息差压力|净息差、不良生成、普通股ROE与CET1
00941|电信|连接、政企业务和现金分红|收入成熟、折旧与算力投资|通信服务收入、资本开支、净现金与分红覆盖
00960|内地地产|回款与经营物业租金|销售下降及债务再融资|到期债务、受限现金、租金与交付保障
00968|光伏玻璃|销量和生产成本效率|行业新增供给压低售价|玻璃售价、成本、开工率和库存
00981|晶圆代工|产能利用率与产品组合|资本开支及折旧、出口限制|ASP、利用率、折旧、毛利和经营现金
00992|计算机硬件|PC结构、服务器及方案服务|AI服务器收入低毛利和营运资金占用|分部营业利润、服务器应收与现金回款
01024|内容平台|广告、直播及电商效率|获客竞争、内容成本及股份支付|广告和电商变现、调整净利及自由现金
01038|基础设施投资|受监管资产运营与资产配置|资产出售放大盈利、汇率与杠杆|剔除处置的投资利润、净债务和再投资回报
01044|生活用品|高端纸巾卫生用品与提效|原料周期、产品竞争和渠道压货|销量、吨成本、产品毛利与库存回款
01088|煤炭综合|煤电一体化成本与长协|煤价下行及资本开支影响派息|长协售价、煤电分部利润与FCF覆盖
01093|创新药|新品销售与研发管线兑现|授权收入时点、集采和研发成本|已上市新品销量、授权里程碑和持续利润
01099|医药流通|规模配送和资金周转|应收增长、医院回款及低利润率|应收天数、融资费用和经营现金
01109|内地地产|销售交付和商业物业租金|开发减值、地产毛利和资本支出|开发与商业利润、权益回款及净负债
01113|综合地产|物业、酒店和基础设施现金|资产处置、香港楼市及负债|持续租金与酒店利润、处置收益和母公司现金
01171|煤炭|产量增长和海外矿成本|煤价与海外运营杠杆|煤价、销量、单位成本和净负债
01177|创新药|创新药销售及产品结构|授权及投资收益、研发和集采|创新药产品销售、研发现金及归一化利润
01186|工程建筑|基建订单交付和海外业务|合同资产回款、低毛利和负债|订单质量、经营现金和合同资产
01209|商业物管|商场运营与物业管理现金|关联开发商敞口、外拓费用|商业同店利润、应收及第三方项目现金
01211|汽车电池|出口、混动纯电组合与规模|价格战、渠道库存和贸易壁垒|单车利润、海外销量、应付和经营现金
01288|银行|县域存款网络与贷款增长|贷款增长未必提高风险调整回报|净息差、不良、信用成本与普通股ROE
01299|寿险|新业务价值及代理人产能|利率、汇率和经营ROE假设|NBV、EV回报、资本与回购约束
01336|寿险|新业务结构与投资收益|资产市场波动放大法定利润|NBV、剩余边际、投资收益和偿付能力
01347|晶圆代工|特色工艺利用率与新厂爬坡|新厂折旧及成熟制程价格|利用率、ASP、折旧和经营现金
01378|铝业|电解铝成本优势与一体化|铝价、电力及产能限制|吨铝成本、铝价、氧化铝结构和现金
01385|芯片设计|FPGA和安全芯片产品结构|客户集中、存货及研发成本|新品销售、毛利、存货和研发现金
01398|银行|存款规模和信用风险缓冲|息差和房地产敞口|普通股ROE、息差、不良生成及资本
01658|银行|零售存款及县域网络|代理费、零售信贷质量和息差|储蓄代理费、息差、不良和资本
01772|锂资源|锂价与上下游产能|周期亏损、资本投入和库存减值|吨锂成本、实现价、产量及净负债
01797|直播电商|自营产品和直播流量变现|主播集中、流量费用和退货|自营收入、核心利润、获客及退货率
01800|工程建筑|港口公路工程及海外订单|回款慢、特许经营资本占用|订单、合同资产、回款及项目债务
01801|创新药|已上市药品组合与适应症|商业化费用、研发管线和授权时点|产品销售毛利、研发现金及授权桥接
01810|消费硬件汽车|高端手机、生态与汽车交付|汽车资本强度、价格竞争和股份支付|手机毛利、汽车单车利润与资本开支
01876|啤酒|高端渠道和区域销量|消费走弱与品牌定价承压|中国及韩国销量、吨价、EBITDA和现金
01898|煤炭|长协与煤化工经营|煤价下行、化工价差及扩产|煤炭销量、单位成本和资本开支
01919|集装箱航运|箱量、运价与码头收益|新船供给和运价正常化|单箱收入、成本、新船交付和现金分红
01928|博彩|澳门中场与酒店运营|促销竞争、债务与资本开支|EBITDA、营销费用、利息及自由现金
01929|珠宝零售|品牌升级与加盟效率|金价上行压销量、存货和套保|同店、克重、毛利及库存套保桥接
01958|汽车合资|豪华合资利润和自主转型|合资销量弱、权益法利润和现金分配|合资利润、收到股息、自主亏损与现金
01997|商业地产|核心商场租金与融资成本|物业估值下调、集中度及分红政策|海港城租金、基础利润、债务与股息覆盖
02015|汽车|车型切换和纯电放量|销量下滑、车辆毛利及费用|交付、车辆毛利、亏损及净现金
02020|运动服饰|多品牌零售和海外扩张|渠道库存、收购整合与折扣|主品牌和FILA流水、库存、核心利润
02057|快递|单票成本和服务网络|低价竞争、资本开支和关联交易|件量、单票收入成本及调整利润现金
02196|医药综合|创新药和器械业务|集团杠杆、资产处置及投资收益|持续分部利润、债务、研发和处置桥接
02238|汽车|自主新能源与合资转型|合资利润下降、自主亏损和补贴|自主单车利润、合资贡献、存货及现金
02313|服装制造|核心品牌订单和产能效率|客户集中、汇率和海外产能成本|订单量、毛利、产能利用率和现金
02318|保险综合|寿险NBV和银行资产质量|投资收益、保险会计及地产敞口|寿险NBV、营运利润、资本和现金分红
02319|乳品|产品结构与渠道效率|奶源周期、需求和渠道库存|销量、吨价、原奶成本和库存
02331|运动服饰|产品与渠道运营效率|折扣、渠道库存和同店疲弱|零售流水、库存、毛利和经营现金
02333|汽车|高价值车型和出口|国内竞争、车型周期及销售费用|单车售价、出口利润和现金回款
02378|寿险|亚洲及非洲新业务价值|区域执行、汇率与资本释放|NBV、自由盈余、偿付能力和现金汇回
02382|光学器件|车载与高端手机镜头结构|手机客户竞争、ASP和资本开支|车载及手机出货、ASP、毛利及应收
02388|银行|香港存款网络和跨境业务|降息、香港商用物业信用风险|息差、信用损失、普通股ROE及CET1
02600|铝业|铝价及成本优化|氧化铝周期、电力和资产减值|分部吨成本、价格及现金流
02601|寿险财险|寿险NBV与财险承保|投资市场、会计与资本约束|NBV、综合成本率和营运利润
02618|物流|外部客户及供应链合同|价格竞争、网络扩张和客户集中|外部收入、分部利润、租赁与经营现金
02628|寿险|新业务价值及投资组合|权益收益可逆、长债利率和偿付能力|NBV、投资收益、合同服务边际和资本
02688|城市燃气|工商业气量与综合能源|上游气价和零售顺价时滞|售气量、售气毛差和应收
02899|铜金矿业|金铜产量和矿山成本|金属价格、并购杠杆及资源风险|矿产量、单位成本、净债务与现金
03323|建材|水泥玻纤新材料与提效|需求弱、资产减值和高杠杆|分部利润、吨价吨成本及偿债现金
03328|银行|综合金融与资产质量|信用成本、息差和资本摊薄|普通股ROE、息差、不良及资本
03606|汽车玻璃|高附加值玻璃及海外工厂|汽车需求、海外爬坡与汇率|单车配套价值、海外毛利及资本开支
03690|本地生活|外卖、到店及新业务效率|即时零售补贴、竞争和利润口径|核心本地营业利润、补贴、亏损与现金
03692|创新药|创新产品商业销售|投资与授权收益提高法定净利|产品销售、研发现金及投资收益桥接
03888|软件游戏|办公订阅与游戏新品|新品生命周期、股份支付和投资估值|办公订阅、游戏流水及经常利润
03908|券商|投行、交易和资管活动|交易周期、重估与杠杆|经纪及投行业务、风险资产和净资本
03968|银行|零售存款和财富管理|零售信用风险、息差和资本回报|零售不良、财富收入、普通股ROE
03988|银行|跨境金融和低成本负债|海外利率、汇率和信用成本|息差、海外敞口、资本及普通股ROE
06030|券商|资本市场活动与机构业务|权益行情与交易收入周期|手续费、交易收益、净资本和杠杆
06060|财险科技|保险定价与科技服务|投资损益及赔付成本|承保综合成本率、科技利润及资本
06098|住宅物管|存量物业收费及第三方拓展|关联房企应收、减值与现金转换|关联应收、减值、收费率及经营现金
06160|创新药|肿瘤产品放量与研发规模|单品集中、竞争、费用和汇率|核心产品销售、经营盈亏及净现金
06186|婴幼儿奶粉|品牌和渠道效率|出生人口、价格竞争与存货|销量、渠道库存、费用率和现金分红
06618|医药平台|自营零售及线上服务|低毛利扩张、关联渠道和竞争|服务利润、自营周转与调整净利
06690|家电|高端品牌、海外与供应链|关税、汇率和渠道库存|区域利润、毛利、库存与经营现金
06862|餐饮|翻台率与单店效率|客单价、扩张和人工租赁成本|翻台率、同店、单店现金和租赁
06881|券商|经纪与财富业务规模|交易周期和融资杠杆|手续费、投资收益、减值与资本
09618|电商|零售供应链和服务收入|即时零售补贴、低利润率和竞争|零售营业利润、新业务亏损和经营现金
09626|内容平台|广告和游戏变现效率|内容投入、流量竞争和股份支付|广告及游戏收入、调整净利与经营现金
09633|饮料|包装水渠道与饮料结构|价格竞争、库存和消费需求|包装水销量、饮料利润、存货和回款
09698|数据中心|机柜交付、上架与海外需求|高杠杆、重资本和资产出售|利用率、租金、资本开支、债务与调整EBITDA
09866|汽车|三品牌交付及成本改进|亏损、扩产和融资摊薄|车辆毛利、交付、现金消耗与股本
09868|汽车|新品放量和技术合作|车型价格、研发与授权时点|车辆毛利、合作收入桥接和现金
09888|搜索云|核心广告现金和云变现|搜索替代、AI投入及减值|核心广告、云经营利润和资本开支
09961|在线旅游|国内及出境出行和海外平台|价格竞争、旅游周期和投资收益|核心服务收入、调整利润和投资桥接
09987|连锁餐饮|同店交易与门店效率|加盟扩张、价格及租赁成本|同店、餐厅利润、加盟现金及回购
09988|电商云|核心电商效率和云外部需求|补贴竞争、AI资本开支和投资波动|核心分部EBITA、云利润、资本开支和FCF
09992|潮玩|IP商业化与海外渠道|IP生命周期、需求透支及库存|IP收入、同店、海外利润和库存周转
09999|游戏|长线产品及新品发行|版号、内容成本及新品生命周期|游戏递延、产品流水和经营现金
02269|生物药服务|在手项目向生产订单转化|客户融资、地缘政策和扩产|新增项目、商业化收入、资本开支和现金
02359|研发制造服务|订单与产能利用效率|处置收益、客户订单集中及贸易政策|持续业务订单、调整利润、处置桥接和现金
00823|REIT|商场续租、出租率与可分派收入|物业重估、融资成本和租赁市场|DPU、AFFO、NAV、债务到期与利息覆盖
