00001|1,3|H1按IFRS16前口径基础净利125.92亿港元、报告归属利润267.85亿；IFRS16后分别125.81亿与268.01亿。|保留基础经营改善，撤回将报告利润增长直接外推的判断；必须分列IFRS16和英国电讯调整。
00002|1,17|H1营运盈利57.33亿港元，总盈利59.97亿；收入428.56亿与同期428.54亿基本持平。|盈利改善主要来自结构和成本，不能描述为收入高速增长；处置电厂收益需单列。
00003|1,3,4|H1营运税后利润47.46亿港元、归母36.40亿；基本EPS19.5港仙，收入295.261亿港元。|营运及归母口径分开；增长业务的三倍增幅不代表集团可持续利润增速。
00005|4|H1美元口径税前利润195.22亿，基本及摊薄EPS每普通股0.85美元，净息差1.61%。|纠正普通股与ADS混用风险；RoTE与剔除重大项目利润优先于统一PE。
00006|1|H1净利147.04亿港元，同比383%，公告明确由出售UKPN及UK Rails推动；中期股息0.78港元。|处置利润不能支持383%的持续增长；须估算出售后每年失去的投资收益与再投资回报。
00012|1|H1基础利润50.71亿港元、基础EPS1.05；物业重估亏损9.81亿，报告归母40.90亿。|基础利润仍包含政府收地收益，不等于全部经常盈利；开发、租赁与投资分别估值。
00016|1,33|截至2026-06的全年基础利润228.50亿港元、基础EPS7.89；报告归母214.26亿、EPS7.39，全年股息3.91。|修正财年与半年混用；基础利润还要桥接个别减值及售楼时点，不用重估损益解释全部差异。
00027|4|H1净收入242亿港元、调整EBITDA70亿、股东净利53亿；Q2净收入118亿，同比下降2%。|半年增长与Q2减速同时保留；博彩赢率归一化后才判断趋势，新增项目不直接等同利润。
00066|1|H1收入262.31亿港元，经常业务利润34.34亿、物业开发利润122.33亿、股东净利158.72亿。|净利翻倍主要是物业结算，经常业务只增长1.3%；铁路回报与地产结算分开。
00101|3,5|H1总收入61.13亿港元，其中租赁49.23亿；基础净利14.36亿，同比下降10%。|租金上升与净利下降并存，融资及资本化利息是核心桥接，不能用租金增速外推EPS。
00175|2|H1收入1736亿人民币，同比15%；归母和核心归母按公告分列。|销量增长须结合单车价格、成本与整合支出；不以新能源渗透率直接证明盈利。
00241|1,2|截至2026-03的全年收入342.551亿人民币，净利19.363亿、调整净利23.262亿。|财年截至三月，不能标2026H1；法定增长35.2%与调整增长19.3%分列。
00267|9|H1收入4087.66亿人民币、集团净利708.45亿、普通股归属利润337.64亿；普通股EPS1.16、净资产27.53。|补齐原来缺失的集团数据，不能把集团净利或子公司净利全部归属上市普通股。
00268|1,2|H1收入36.25422亿人民币，归属利润5449.7万元；云收入31.16191亿，占86.0%，AI原生产品收入约2.96亿。|首次转盈需要持续现金验证；AI已是可量化收入变量，但不能外推189%增速。
00285|7|H1收入822.34亿人民币，同比2.02%；毛利40.37亿，同比下降27.18%；归母4.26亿，同比下降75.35%。|AI服务器叙事不能覆盖整体毛利下滑；先核验手机与服务器各自盈利。
00288|1,4|H1收入138.27亿美元；生物资产调整前归属利润7.70亿、调整后7.73亿；相应基本EPS6.00及6.02美分。|生物资产调整前后必须分列；集团净利增长不能替代包装肉营业利润改善。
00291|2,8|H1营业额242.40亿人民币、归母51.69亿；基本EPS1.59元，同期1.78元。|收入微增而归母下降，啤酒结构升级必须抵消白酒与费用拖累才能成立。
00300|81,152|H1收入2610.52亿人民币；归属利润264.46037亿，基本EPS3.52元，计算EPS前扣限制股预期股息。|利润与EPS分母有股份激励桥接；海外自有品牌和工业业务分别检查现金回报。
00316|1,4|H1收入51.73277亿美元、股东归属利润7.27950亿美元，同期9.54229亿。|收入增长而利润下降，需拆运价、成本及船舶投入，低PE不证明中周期便宜。
00322|2|H1收入405.44565亿人民币、毛利145.07101亿、归母24.33042亿。|毛利提升是否来自成本周期或产品结构需量价拆分，不能将节省成本无限外推。
00386|5|H1归母256.27亿人民币、扣非252.73亿，基本EPS0.212元；经营现金624.99亿。|保留法定和扣非差异，炼化价差与上游油价方向可能相反，采用分部及中周期估值。
00388|2|H1营业收入139.80亿港元、收入及其他收益167.02亿、归属利润105.68亿；净投资收益25.60亿。|纠正营业收入与包含投资收益总收入混用；成交与净投资收益分别建模。
00390|2|H1收入4731.07亿人民币，同比下降7.7%；归属利润86.55亿，同比下降26.8%；基本EPS0.320元。|订单规模不能替代回款和利润，合同资产与现金转换是估值约束。
00522|1|H1收入89.026亿港元，毛利率41.1%；法定净利7.416亿、基本EPS1.79港元。|持续经营和调整指标分别核验；业务处置后的可比口径不能沿用集团旧TTM。
00669|1|H1收入82.92亿美元，同比5.9%；毛利率42.9%，归属利润7.38亿、基本EPS40.50美分；公司定义FCF7.53亿。|现金与毛利改善值得优先核验；FCF须复核公司定义，不把美国收入直接换成港元EPS。
00688|2|H1收入975.99111亿人民币，基本及摊薄EPS0.64元，同期0.79元。|交付收入增长未带动EPS，开发利润率和项目回款优先于简单PB折价。
00700|1,2|Q2收入2047.85亿人民币，归属利润560.22亿；H1收入4012.43亿、归属利润1141.15亿，基本EPS12.639元。|Q2归属增长0.7%与半年增长10%不同；调整利润、投资收益、回购和AI资本开支必须桥接。
00728|17,21|H1股东归属利润195.88亿人民币，同期230.17亿；基本及摊薄EPS0.21元，同期0.25元。|云网增长不能直接替代集团盈利下降，需要可比口径与资本开支回报解释。
00762|8|H1收入2013.64亿人民币，股东归属利润94.68亿，同期144.84亿；基本及摊薄EPS0.31元。|收入基本平稳而归属利润下降，算力收入增长不能单独作为盈利上行证据。
00780|2|Q2收入49.87027亿人民币，同比增长6.8%；法定期内利润6.33724亿、调整净利8.50902亿。|调整盈利增长与法定期内利润下降分开；服务变现和费用桥接比流水重要。
00836|1,2|H1归属利润66.49412亿港元，同比下降15.5%；基本EPS1.28港元，中期股息0.321港元。|售电收入增长不证明盈利增长；电价、燃料、折旧和减值分别验证。
00857|3,4|H1IFRS归属利润1039.36亿人民币；CAS归母1039.34亿；IFRS基本EPS0.57元，经营现金2512.81亿。|同期比较含调整前后数据；保留IFRS与CAS微小差异，不混合多个口径形成单一TTM。
00868|1,2|H1收入95.208亿人民币、归属11.841亿；基本EPS26.76人民币分，毛利28.63410亿。|报告币种是人民币、交易价是港元；收入下降而净利提升，不能忽视毛利下降及其他收益。
00881|1,2|H1收入630.223亿人民币，新车毛亏5.797亿；归属利润1.106亿，同比下降89.1%。|售后现金业务不能掩盖新车亏损，先确认库存和返利后再讨论估值修复。
00883|1|H1油气产量3.987亿桶油当量、销售2061亿人民币；归属利润858亿、基本及摊薄EPS1.81元。|利润增长同时包含油价和产量，2027情景须独立压力测试低油价及刚性资本投入。
00914|2|H1收入369.26872亿人民币，同比下降10.88%；归属利润27.19786亿，同比下降41.85%。|剔除周期顶部PE锚，需求、售价和成本恢复前不能认证成长评级。
00939|8,9|H1集团净利1716.77亿人民币，股东归属1695.64亿；基本及摊薄EPS0.65元，不良率1.29%。|旧页把集团净利增速5.56%用作归母增长；归属增速实际4.62%，普通股EPS亦受资本工具分配影响。
00941|3,22|H1归属利润789.34亿人民币，同比下降6.3%；基本EPS3.64元，EPS加权股数216.62528008亿股。|保留可比口径增长声明，但不能将其替代法定利润；股息安全需资本投入后现金覆盖。
00960|2|H1收入397.95243亿人民币、毛利44.23546亿、股东归属19.61420亿。|销售与利润下降背景下，经营物业能否覆盖再融资需独立检验，PB折价不等于偿债现金。
00968|1|H1收入84.301亿人民币，同比下降22.9%；归属3900万元，同比下降94.8%；基本EPS0.43人民币分。|光伏玻璃近盈亏平衡，产量增长若伴随售价下降不能恢复利润；币种及分钱单位需纠正。
00981|7|H1收入55.11075亿美元；归属利润6.76645亿，剔除非经常损益4.33383亿；经营现金32.07101亿。|法定和非经常调整并非同一增长率，经营现金高于净利仍需扣重资本投入。
00992|1|FY2026/27第一季收入269.43亿美元，同比增长43%；毛利率16.5%，同比增加1.8个百分点。|该财季截至2026-06，不能误标自然年H1；分部利润和服务器现金回款决定增长质量。
01024|1,2|Q2收入355.35亿人民币、调整净利39.13亿，同比下降30.3%；H1收入692.51亿。|收入小幅增长而利润下滑，AI和电商不直接支持盈利上行，先解释毛利及费用。
01038|1,12|H1净利212.52亿港元，同比389%；EPS8.43港元，公告明确出售UKPN及UK Rails贡献重大。|剔除处置收益重建持续投资利润；净现金339亿港元的未来回报仍属待验证配置。
01044|1|H1收入110.91415亿人民币，同比下降6.1%；毛利率35.3%；归属12.54042亿，同比下降8.7%。|毛利率提高未带动归属增长，利息、投资及费用需桥接。
01088|8|H1IFRS收入1893.38亿人民币、归属310.54亿，基本EPS1.448元；同比基准包含重述。|须区分重述同期与未重述同期，煤炭价格和资产范围变化不能用普通EPS增长率代替。
01093|1|H1收入185.94494亿人民币，报告归属60.94212亿、基础归属61.64279亿。|基础利润仍需核对主营授权收入和新品销售；不机械排除全部许可费。
01099|2|H1收入2827.99605亿人民币、归母34.03773亿，基本及摊薄EPS1.09元。|低利润率业务应重点检查应收及融资成本，金融资产出售损失单列。
01109|3|H1收入678.69309亿人民币、毛利172.20326亿；物业公允价值收益54.42123亿。|重估收益放大法定利润，商业租金现金与地产交付必须分别估值。
01113|1|H1基础利润66.40亿港元；联营减值60.23亿、英国合资处置收益97.87亿，归属86.83亿。|明确桥接减值、重估及处置，37.8%的法定增长不能当经常性增速。
01171|8,9|H1归属78.74971亿人民币，同比57.20%；经营现金121.19389亿，同比下降4.11%；注销限制股628524股。|利润与现金方向相反须解释营运资金；已读限制股注销不等于全部股份变动闭合。
01177|1|H1收入194.4亿人民币；报告归属34.3亿、基础33.4亿；剔除科兴股息后的基础同期17.4亿。|92.3%增长采用剔除同期科兴股息基数，与基础净利增长8.1%并列，不能混用。
01186|8|H1收入4284.37974亿人民币，同比下降12.42%；归母86.89842亿，同比下降18.80%。|基建规模不证明利润与回款，合同资产和融资成本构成下行约束。
01209|2|H1收入92.16785亿人民币、毛利35.06632亿；基本及摊薄EPS98.1人民币分。|补齐旧页缺失经营数据；轻资产性质需应收和商业外拓现金验证。
01211|6|H1收入3448.15亿人民币，同比下降7.13%；归属123.25亿，同比下降20.54%。|品牌与出口优势不能遮盖盈利下降；股本变化后EPS和所有价位须统一。
01288|11,12|H1净利1480.62亿人民币、归属1463.81亿、基本EPS0.40元；净息差1.28%，普通股BVPS8.17元。|净息差较一季度改善不代表同比改善（同期1.32%）；不良1.25%和拨备290.10%分列。
01299|9|H1新业务价值32.12亿美元，同比增长10%；年化经营ROEV18.0%、经营ROE17.5%。|不用法定PE替代EV/NBV框架；美元EV、港元价和回购后股数桥接。
01336|22|H1收入815.54亿人民币、归母227.93亿，同比54.0%。|法定净利含投资环境影响，优先NBV和偿付能力，不把投资收益视作可持续承保盈利。
01347|6|H1收入13.78462亿美元，同比24.5%；毛利2.04463亿，同比83.2%。|新厂爬坡提升毛利但折旧和资本投入仍关键，不能只看收入高增长。
01378|2,3|H1收入875.05895亿人民币、毛利275.26337亿；基本EPS1.734元。|铝价和电力成本拆开，中周期估值优先于高利润时点的低PE。
01385|2|H1收入约22.25亿人民币；归母约8.49亿、扣非约4.12亿；战略配售股份公允价值收益约4.20亿。|一次性估值收益解释大部分法定与扣非差异，338.58%的净利增速不等于核心增长125.88%。
01398|3|H1净利1764.75亿人民币、归属1736.82亿；基本及摊薄EPS0.47元。|集团净利和归属普通股利润区分，息差、信用成本和资本派息能力比统一PE重要。
01658|12,14|H1归属515.03亿人民币；加权ROE9.60%、净息差1.63%，同期分别10.91%和1.70%。|利润增长与回报率下降可以同时发生，代理费及资本约束需纳入PB。
01772|2,3|H1收入228.84121亿人民币、毛利71.35927亿；集团期内利润44.32239亿，同期亏损7.86383亿。|周期转盈不能使用负基数普通增长率，集团期内利润不当作全部归母。
01797|1|截至2026-05的全年收入57.01007亿人民币；期内利润5.43870亿，摊薄EPS0.51元。|纠正五月财年；极低基数导致数千百分比增长不宜外推。
01800|1|H1收入3331.60亿人民币，同比下降1.16%；毛利328.31亿，同比下降8.49%。|海外订单不能抵消所有国内回款风险，利润和合同现金必须共同验证。
01801|2,3|H1产品收入82.01469亿人民币，同比增长56.7%；总收入86.17801亿，毛利率85.0%。|产品收入与总收入分开；毛利率下降1个百分点，研发商业费用及许可收益仍需桥接。
01810|1|Q2收入1089.216亿人民币，同比下降6.1%；期内利润94.634亿，同比下降20.3%。|手机、汽车与投资损益分部核对，不能把汽车交付增长当集团EPS增速。
01876|2,3|H1收入31.71亿美元，报告增长1.1%，有机下降1.4%；销量下降2.2%，正常化EBITDA率29.2%。|报告和有机增速方向不同必须并列；区域组合和费用比简单高端化叙事重要。
01898|2|H1收入731.36057亿人民币，同期重述744.47082亿；毛利160.27201亿。|成本改善与煤价周期分开；统一重述同期口径后再判断盈利。
01919|1|H1收入1119.21748亿人民币、归属133.92738亿，同期175.27589亿；基本EPS0.88元。|收入略增但净利下滑，运价正常化和新船供给决定2027下行。
01928|5|公告列威尼斯人入住率98.6%、伦敦人客房收入同比21.4%；集团利润仍需经营表核对。|高入住率不等于高自由现金，设施改造、促销和利息必须扣除。
01929|7|截至2026-03全年收入943.98亿港元，同比增长5.3%；归属90.04亿，毛利率32.3%。|2026H1不是最新报告期；金价推高毛利还要检查销量、存货及套保影响。
01958|2|H1收入577.25704亿人民币、归属亏损15.93893亿；基本及摊薄EPS亏损0.20元。|已以正式中期报表替换补充公告；权益法合资利润与收到股息不同，持续亏损待改善。
01997|5,6|H1基础净利33.11亿港元，经常核心31.78亿；法定归属亏损1.76亿；基础EPS1.09港元。|不用法定亏损机械回避，也不将高派息反推出全部正常EPS；地产重估独立压力测试。
02015|2,9|H1收入486.49801亿人民币、期内净亏39.81289亿；表格将2025放左、2026放右。|明确纠正年度列序，车辆毛利与现金消耗恢复前不认证EPS估值。
02020|55|H1归属利润94.87亿人民币，摊薄利润加回可转债税后利息1.77亿至96.64亿。|普通及摊薄利润分子不同；多品牌利润需扣总部费用和联营贡献。
02057|2,5|H1收入278.32256亿人民币，同比增长22.5%；普通股归属51.69224亿，摊薄EPS6.44元。|表格2025在左、2026在右；每普通股与每ADS转换按原公告单位，不混用。
02196|2|H1收入203.76519亿人民币、毛利100.88330亿；分部与投资收益桥接未完成。|创新药收入增长不自动提高集团回报，处置及权益法收益需单列。
02238|2|H1收入465.00339亿人民币、毛亏19.75123亿，同期毛亏18.49475亿。|先证明自主经营毛利修复，合资权益利润不能掩盖自身营业毛亏。
02313|2|H1收入141.79177亿人民币、毛利31.97464亿；基本及摊薄EPS1.27元，同期2.11元。|客户订单优势尚未转化为盈利增长，毛利和海外产能效率是关键。
02318|8,14|H1集团归属营运税后利润841.96亿人民币，法定归母925.85亿；寿险NBV248.47亿，同比增长11.2%。|36.1%的法定净利增长高于营运8.3%，不能以法定增长外推保险主业。
02319|2|H1收入447.94932亿人民币、毛利182.57855亿；分部及销量价格桥接仍待补。|收入增长须验证奶源成本和销售费用，品牌优势不足以认证可持续EPS。
02331|2|H1收入152.35250亿人民币、毛利77.50727亿；销售费用46.39732亿，同期42.92730亿。|毛利改善需抵消费用增长，门店扩张不能替代同店和库存质量。
02333|11|H1收入1021.014305亿人民币，归母24.645092亿、扣非16.101214亿；同比下降61.11%和55.04%。|利润显著下降而经营现金104.361016亿上升，需营运资金桥接，不以现金一项宣布反转。
02378|4|H1调整营运税后利润15.23亿美元，IFRS税后利润9.95亿美元；相应EPS58.4及37.9美分。|调整经营增长与法定净利下降并列，使用自由盈余和新业务价值检查。
02382|2,3|H1收入219.05704亿人民币、毛利42.68666亿；基本EPS168.03人民币分。|手机与车载量价分别核对，不能把出货增速直接当EPS增速。
02388|2|H1归属237.39亿港元、EPS2.2453港元；净经营收入399.03亿，ROE13.18%。|归属增长伴随收入下降，信用拨备和一次性项目需桥接；资本总比率25.71%。
02600|13|H1电解铝产量402万吨，同比增长1.26%；冶金氧化铝738万吨，同比下降14.19%。|铝与氧化铝量价方向不同，不以单一金属价格解释集团全部利润。
02601|12,55|H1归母307.75亿人民币；基本EPS3.20元、摊薄2.95元。|摊薄工具已使EPS明显不同，寿险与财险用各自资本和盈利框架。
02618|1,2|Q2收入641.02308亿人民币，同比增长24.3%；期内利润24.06205亿，仅增长2.5%。|高收入增速并非同等利润弹性，外部客户、低毛利组合与租赁成本须验证。
02628|5|H1归属1344.89亿人民币，同比增长228.6%；基本及摊薄EPS4.76元。|这是法定投资相关盈利，不能认证承保或NBV同幅增长，估值优先EV与营运框架。
02688|1|H1收入570.21亿人民币、归属26.67亿，同比增长9.8%；核心利润31.75亿，同比下降1.5%。|归属增长与核心下降冲突，不能只选更好看的口径；综合能源售量下降6.7%。
02899|6|H1基本EPS1.473人民币元、摊薄EPS1.434元；金铜产量与成本仍需分部模型。|可转债等摊薄影响已体现，中周期金属价与并购债务不能省略。
03323|2|H1收入814.82841亿人民币、毛利132.18434亿，同期毛利159.79936亿。|毛利下降与固定费用刚性构成压力，不以规模和PB折价证明价值。
03328|2,3|H1归母478.74亿人民币，同比增长4.04%；普通股EPS0.52元，同比下降11.86%；息差1.23%。|归母增长但EPS下降说明普通股口径和资本变化必须桥接，旧EPS外推不能使用。
03606|6,7|H1收入219.71105亿人民币，扣非归属38.79167亿，同比下降17.58%；基本EPS1.52元。|高价值产品叙事需与当期利润下降对照，海外爬坡和汇率影响分别拆分。
03690|1,3|Q2调整净利25.23716亿人民币，同比增长69.0%；核心本地经营利润56.68275亿，新业务亏17.38915亿。|低基数修复不能直接外推，补贴与总部费用仍需扣除，核心和新业务分开估值。
03692|23,24,29|H1收入83.04007亿人民币，同比增长11.7%；公司说明净利增长由创新药收入及其他收益共同推动。|投资收益与主营产品增长分开，净利35.8%不能直接当产品盈利增长。
03888|1|Q2办公收入17.00038亿人民币，同比增长25%；游戏收入8.10381亿，同比下降15%；调整归属3.30487亿。|办公与游戏方向相反，联营投资及调整项目桥接后再作SOTP。
03908|12|H1收入及其他收益260.472亿人民币、归属81.993亿，同比增长89.3%。|证券行情改善属周期，交易重估与手续费分开，不把金融OCF当工业FCF。
03968|7,8|H1归属764.45亿人民币，同比增长2.02%；普通股EPS2.98元、普通股ROE13.42%。|ROE较同期13.85%下降，财富业务优势需同时通过零售信用风险验证。
03988|11,12|H1股东归属1235.94亿人民币、基本EPS0.36元；普通股年化ROE8.66%、净息差1.27%。|正式中期业绩替换董事会决议；归属增长但EPS持平，普通股资本工具及信用成本决定PB。
06030|12|H1收入及其他收益671.83亿人民币、归属233.43亿，同比增长69.60%；经营现金流出419.80亿。|客户资金和交易资产使金融OCF波动，不将负OCF机械判为经营崩坏，也不忽略资本风险。
06060|15|H1净利润15.49964亿人民币，基本及摊薄EPS0.92元；总投资收益率7.6%、净投资收益率1.4%。|投资回报口径差异明显，承保综合成本率与科技收入必须独立检查。
06098|1|H1收入245.005亿人民币、集团净利9.484亿，同比下降5.4%；归属约9.503亿另列。|集团净利与归属增速不可混用，应收减值及经营现金比调整核心利润优先。
06160|2|H1净利润4.64364亿美元，摊薄EPS每普通股0.31美元，基本0.32美元。|旧页以TTM亏损机械回避不再充分；需产品商业利润、研发与美元港元口径重建。
06186|2|H1收入93.62363亿人民币、毛利58.00076亿；基本EPS0.10元，同期0.11元。|婴幼儿奶粉收入小增而EPS下降，渠道费用、库存和人口趋势不能省略。
06618|1|H1收入408.87884亿人民币，同比增长15.9%；营业利润31.73756亿、期内利润34.35408亿。|补齐平台经营改善证据，调整利润与金融投资收益仍需现金桥接。
06690|1|H1收入1521.09亿人民币，同比下降2.8%；调整营业利润127.52亿，同比下降3.4%；基本EPS1.12元。|海外品牌优势未抵消当期盈利下降，区域组合、费用和贸易成本共同验证。
06862|1|H1收入223.36906亿人民币，归属17.66871亿，同期17.58525亿。|收入增长而净利基本持平，翻台、客单价和新店效率比门店总数重要。
06881|11|H1收入及其他收益223.23312亿人民币，归属77.97061亿，同比增长20.18%。|经纪规模需与周期风险、减值及杠杆结合，不用经营现金流量直接推FCF。
09618|2|Q2收入3464亿人民币，同比下降2.9%；归属普通股净利71亿、非GAAP89亿；每ADS摊薄盈利5.01元。|最新Q2/H1替换Q1；每ADS代表2普通股，零售营业利润135亿与集团45亿分别看。
09626|3|H1收入154.11958亿人民币，同比增长7.5%；归属5.53508亿、调整归属13.01494亿。|2026列在右侧；法定与调整差额不自动视为可忽略，验证股份支付与现金。
09633|2|H1收入297.18100亿人民币、毛利180.98575亿；水和饮料需分别拆销量价格。|高毛利不代表渠道需求确定，库存与费用是关键反证。
09698|3|Q2收入30.880亿人民币，同比增长6.5%；净利8.376亿、调整EBITDA14.060亿；利用率79.2%。|最新Q2替换Q1；净利转正与EBITDA仅增长2.5%不同，处置及重估桥接仍关键。
09866|3|Q2收入321.369亿人民币，车辆毛利18.5%；法定净亏5.28亿、调整净利2610万元；现金等合计567亿含受限资金。|最新Q2替换Q1；9月28日签订吉利换电充电交易协议，交割有条件，不能当已完成或全部现金注资。
09868|3,5|Q2收入197.4亿人民币、净亏13.4亿；车辆毛利12.1%、集团毛利20.7%。|技术服务及授权可提高集团毛利，不能误称整车毛利20.7%。
09888|2,5|Q2收入313.25亿人民币，同比下降4%；经营现金约34亿；管理层称AI业务收入约125亿。|AI收入增长必须与整体广告下滑及资本投入对照，管理层定义不等于独立分部净利。
09961|2,4|Q2收入157亿人民币，同比增长6%；净亏约24亿；公司称扣除约52亿反垄断处罚后净利约27亿。|核读处罚原件：没收所得16.58亿加罚款35.21亿，退款1.22亿另列；一次性现金支出和长期整改风险不能一并删除。
09987|3,17|H1收入64.09亿美元、营业利润7.95亿；经营租赁现金支付2.51亿美元，融资租赁本金另列。|租赁现金不能从餐厅盈利中省略，同店交易及新店效率才是增长质量。
09988|6,7|截至2026-06季度收入2689.53亿人民币，同比增长9%；营业利润151.61亿，同比下降57%。|公司六月季度非自然H1；云增长与即时零售投入分开，旧利润增速不能沿用。
09992|1|H1收入171.72921亿人民币，同比增长23.8%；归属50.38384亿，调整净利51.55777亿。|增长已低于此前爆发期，IP持续性、海外费用和库存需压力测试。
09999|2,5|Q2收入301亿人民币，同比增长7.9%；游戏及相关增值250亿，同比增长9.7%；毛利约212亿。|产品生命周期和递延收入是增长持续性的验证，不用单季毛利外推EPS。
02269|1|H1收入117.872亿人民币，同比增长18.4%；毛利率46.2%，净利润29.162亿，同比增长5.8%。|经营毛利改善未等比例转化净利，处置、融资及调整项目需桥接。
02359|1|H1收入288.975亿人民币，同比增长38.9%；毛利率53.2%，归属110.802亿，同比增长33.7%。|持续业务增长与资产出售收益分别核对，订单集中及贸易风险不能省略。
00823|1,2,23|截至2026-03全年收入139.38亿港元、NPI102.30亿、可分派65.77亿；DPU2.5361港元，同比下降6.9%；NAV57.75港元。|纠正以法定亏损和普通PE回避REIT；使用分派贴现及NAV情景，财报超过90天但仍为本轮取得的最新全年报告。
