code,name,category,judgment,certified,numericDraft,periodEnd,sourceDate,filing,sourceStatus,quoteTime,rating,instrument,batch
TSM,台积电,海外龙头,业务增长有原件支撑，但不以营收增长推算2027 EPS；7nm以下不是HPC收入占比,False,False,2026-06-30,2026-07-16,https://www.sec.gov/Archives/edgar/data/1046179/000104617926000451/a2q26e_withguidancexfinal.htm,监管原件已核验,2026-10-06 20:00:03 UTC,观察,ADS底层比例 [MISSING]；公司直接披露的每ADS美元盈利可引用，不能据本币普通股EPS猜倍率,batch-15
ASML,阿斯麦,海外龙头,基本与摊薄EPS分列；纽约注册普通股不应笼统叫ADS；现金流受客户预付款波动影响,False,False,2026-06-28,2026-07-15,https://www.sec.gov/Archives/edgar/data/937966/000162828026048235/presentationinvestorrela.htm,监管原件已核验,2026-10-06 20:00:01 UTC,观察,美国交易的是直接上市/注册普通股；不能套用ADR倍率；股本与类别变化仍需核对,batch-01
NVO,诺和诺德,海外龙头,reported增长含上年340B拨备逆转及本年减值；不把调整后的恢复视为无风险加速,False,False,2026-06-30,2026-08-04,https://www.sec.gov/Archives/edgar/data/353278/000035327826000023/caq22026.htm,监管原件已核验,2026-10-06 20:00:02 UTC,观察,ADS底层比例 [MISSING]；公司直接披露的每ADS美元盈利可引用，不能据本币普通股EPS猜倍率,batch-01
SAP,SAP,海外龙头,合同积压与收入不是同一指标；收购对non-IFRS利润指引的摊薄须保留,False,False,2026-06-30,2026-07-28,https://www.sec.gov/Archives/edgar/data/1000184/000110465926087251/tm2621275d1_ex99-1.htm,监管原件已核验,2026-10-06 20:00:02 UTC,观察,1 ADS = 1 股普通股；实施日期、后续发行/回购仍需逐项桥接,batch-01
TM,丰田汽车,海外龙头,财年标签修正为FY2027Q1；制造现金与汽车金融债务必须拆开,False,False,2026-06-30,2026-08-04,https://global.toyota/pages/global_toyota/ir/financial-results/2027_1q_summary_en.pdf,公司IR原件已核读,2026-10-06 20:00:02 UTC,观察,ADS底层比例 [MISSING]；公司直接披露的每ADS美元盈利可引用，不能据本币普通股EPS猜倍率,batch-01
SONY,索尼,海外龙头,金融分拆前后EPS不可拼接；游戏、音乐及传感器需SOTP重新建模,False,False,2026-06-30,2026-07-31,https://www.sec.gov/Archives/edgar/data/313838/000110465926088915/tm2621477d1_6k.htm,监管原件已核验,2026-10-06 20:00:02 UTC,观察,ADS底层比例 [MISSING]；公司直接披露的每ADS美元盈利可引用，不能据本币普通股EPS猜倍率,batch-01
AZN,阿斯利康,海外龙头,core EPS不能替代reported EPS；每美股单位比例另核；浏览器已核读公司网页，直接下载403不代表业务恶化,False,False,2026-06-30,2026-07-27,https://www.astrazeneca.com/media-centre/press-releases/2026/h1-and-q2-2026-results.html,公司原网页已通过浏览器核读；直接下载403,2026-10-06 20:00:02 UTC,观察,ADS底层比例 [MISSING]；公司直接披露的每ADS美元盈利可引用，不能据本币普通股EPS猜倍率,batch-02
NVS,诺华,海外龙头,销量贡献+18pp被仿制竞争−14pp与价格−3pp抵销，不能仅按收入增长判断药品份额,False,False,2026-06-30,2026-07-21,https://www.sec.gov/Archives/edgar/data/1114448/000111444826000012/nvs-20260630-99_2.htm,监管原件已核验,2026-10-06 20:00:02 UTC,观察,ADS底层比例 [MISSING]；公司直接披露的每ADS美元盈利可引用，不能据本币普通股EPS猜倍率,batch-02
SNY,赛诺菲,海外龙头,业务利润增长与IFRS净利大跌同时存在；Opella/EuroAPI及调整桥接未闭合，不机械年化business EPS,False,False,2026-06-30,2026-07-30,https://www.sec.gov/Archives/edgar/data/1121404/000112140426000008/pressreleaseq22026english.htm,监管原件已核验,2026-10-06 20:00:00 UTC,观察,1 ADS = 0.5 股普通股；实施日期、后续发行/回购仍需逐项桥接,batch-02
GSK,葛兰素史克,海外龙头,核心盈利需与重估、处置和诉讼逐项桥接，不能把reported低PE当作折价证明,False,False,2026-06-30,2026-07-28,https://www.sec.gov/Archives/edgar/data/1131399/000165495426006949/a1493o.htm,监管原件已核验,2026-10-06 20:00:02 UTC,观察,ADS底层比例 [MISSING]；公司直接披露的每ADS美元盈利可引用，不能据本币普通股EPS猜倍率,batch-02
SHEL,壳牌,海外龙头,经营现金不等于FCF；高商品价格与营运资本流入不能按季度四倍长期外推,False,False,2026-06-30,2026-07-30,https://www.shell.com/investors/results-and-reporting/quarterly-results/_jcr_content/root/main/section/simple/promo_1962010312_cop/links/item1.stream/1785372069018/bc8fbda1b9bf1a883a12938b6c100aa51acf8abf/q2-2026-qra-document.pdf,公司IR原件已核读,2026-10-06 20:00:02 UTC,观察,ADS底层比例 [MISSING]；公司直接披露的每ADS美元盈利可引用，不能据本币普通股EPS猜倍率,batch-02
TTE,道达尔能源,海外龙头,H1净利不可与Q2分部现金拼接；CFFO排除营运资本，不等于会计OCF,False,False,2026-06-30,2026-07-23,https://www.sec.gov/Archives/edgar/data/879764/000110465926086078/tot-20260630xex99d1.htm,监管原件已核验,2026-10-06 20:00:02 UTC,观察,ADS底层比例 [MISSING]；公司直接披露的每ADS美元盈利可引用，不能据本币普通股EPS猜倍率,batch-03
BP,英国石油,海外龙头,RC利润非IFRS归属利润，出售资产及重整不能视为永久增长,False,False,2026-06-30,2026-08-04,https://www.sec.gov/Archives/edgar/data/313807/000165495426007201/a0879p.htm,监管原件已核验,2026-10-06 20:00:03 UTC,观察,ADS底层比例 [MISSING]；公司直接披露的每ADS美元盈利可引用，不能据本币普通股EPS猜倍率,batch-03
HSBC,汇丰控股,海外龙头,普通股NAV须扣优先股及资本工具；资本比例下降不能被高ROTE掩盖；DDM资本约束待补,False,True,2026-06-30,2026-08-04,https://www.sec.gov/Archives/edgar/data/1089113/000165495426007212/a1266p.htm,监管原件已核验,2026-10-06 20:00:03 UTC,观察,1 ADS = 5 股普通股；实施日期、后续发行/回购仍需逐项桥接,batch-03
MUFG,三菱日联金融,海外龙头,撤回金融公司OCF/FCF筛选；季度盈利与全年目标分列，重新核普通股ROE与信用成本,False,False,2026-06-30,2026-08-03,https://www.sec.gov/Archives/edgar/data/67088/000119312526329414/d155346d6k.htm,监管原件已核验,2026-10-06 20:00:02 UTC,观察,ADS底层比例 [MISSING]；公司直接披露的每ADS美元盈利可引用，不能据本币普通股EPS猜倍率,batch-03
SMFG,三井住友金融,海外龙头,公司全年预测不是季度实际；回购不能只提高EPS而忽略资本消耗,False,False,2026-06-30,2026-07-31,https://www.sec.gov/Archives/edgar/data/1022837/000119312526326659/d155373d6k.htm,监管原件已核验,2026-10-06 20:00:03 UTC,观察,1 ADS = 0.6 股普通股；实施日期、后续发行/回购仍需逐项桥接,batch-03
TD,多伦多道明银行,海外龙头,替换接口滞后的Q2；反洗钱整改与美国业务限制继续单列，不由adjusted盈利剔除风险,False,True,2026-07-31,2026-08-27,https://www.td.com/content/dam/tdcom/canada/about-td/pdf/quarterly-results/2026/q3/2026-q3-report-shareholders-en.pdf,公司IR原件已核读,2026-10-06 20:00:02 UTC,观察,美国交易的是直接上市/注册普通股；不能套用ADR倍率；股本与类别变化仍需核对,batch-04
RY,加拿大皇家银行,海外龙头,财年最新Q3不是自然年Q2；股价美元而EPS加元，不能直接相除,False,False,2026-07-31,2026-08-27,https://www.rbc.com/investor-relations/_assets-custom/pdf/2026q3_report.pdf,公司IR原件已核读,2026-10-06 20:00:02 UTC,观察,美国交易的是直接上市/注册普通股；不能套用ADR倍率；股本与类别变化仍需核对,batch-04
SHOP,Shopify,海外龙头,GAAP净利大幅含重估；FCF仍需扣SBC经济成本和摊薄，不能沿用旧低PE论点,False,False,2026-06-30,2026-08-05,https://www.sec.gov/Archives/edgar/data/1594805/000159480526000046/exhibit991pressreleaseq220.htm,监管原件已核验,2026-10-06 20:00:00 UTC,观察,美国交易的是直接上市/注册普通股；不能套用ADR倍率；股本与类别变化仍需核对,batch-04
SPOT,Spotify,海外龙头,报告币种EUR、交易币种USD；同比从亏损转盈受税与SBC波动影响，不能直接构造PEG,False,False,2026-06-30,2026-08-04,https://www.sec.gov/Archives/edgar/data/1639920/000162828026052543/spot-20260630x6xk.htm,监管原件已核验,2026-10-06 20:00:03 UTC,观察,美国交易的是直接上市/注册普通股；不能套用ADR倍率；股本与类别变化仍需核对,batch-04
ARM,Arm 控股,海外龙头,净利增长与营业利润下降并存；授权合同、关联方及税项需拆分，adjusted不得替代GAAP,False,False,2026-06-30,2026-07-29,https://www.sec.gov/Archives/edgar/data/1973239/000197323926000114/arm-20260630.htm,监管原件已核验,2026-10-06 20:00:01 UTC,观察,ADS底层比例 [MISSING]；公司直接披露的每ADS美元盈利可引用，不能据本币普通股EPS猜倍率,batch-15
HMC,本田汽车,海外龙头,增长含上年EV损失和FX比较效应，不把117%当作持续EPS增速,False,False,2026-06-30,2026-08-05,https://www.sec.gov/Archives/edgar/data/715153/000119312526333722/d371554d6k.htm,监管原件已核验,2026-10-06 20:00:03 UTC,观察,1 ADS = 3 股普通股；实施日期、后续发行/回购仍需逐项桥接,batch-04
E,埃尼,海外龙头,混合债融资不是经营现金；权益伙伴贡献与处置需单列，油气用中周期模型,False,False,2026-06-30,2026-08-04,https://www.sec.gov/Archives/edgar/data/1002242/000117494726000742/form6k-36145_eni.htm,监管原件已核验,2026-10-06 20:00:02 UTC,观察,1 ADS = 2 股普通股；实施日期、后续发行/回购仍需逐项桥接,batch-05
CNI,加拿大国家铁路,海外龙头,每股单位为直接普通股，但财报加元；价格/运量及费用率优先于简单收入外推,False,False,2026-06-30,2026-07-24,https://www.sec.gov/Archives/edgar/data/16868/000001686826000036/a2026q2fsnotes.htm,监管原件已核验,2026-10-06 20:00:02 UTC,观察,美国交易的是直接上市/注册普通股；不能套用ADR倍率；股本与类别变化仍需核对,batch-05
LYG,劳埃德银行,海外龙头,普通股每股便士不是每ADS美元；赔偿、资本及有形净资产必须重估,False,False,2026-06-30,2026-07-30,https://www.sec.gov/Archives/edgar/data/1160106/000116010626000022/lyg-20260630.htm,监管原件已核验,2026-10-06 20:00:02 UTC,观察,ADS底层比例 [MISSING]；公司直接披露的每ADS美元盈利可引用，不能据本币普通股EPS猜倍率,batch-05
BABA,阿里巴巴,中概,集团净利不等于归属普通股；电商与即时零售投入、投资损益及FCF另列,False,False,2026-06-30,2026-08-20,https://www.sec.gov/Archives/edgar/data/1577552/000110465926099220/tm2623667d1_ex99-1.htm,监管原件已核验,2026-10-06 20:05:20 UTC,观察,1 ADS = 8 股普通股；实施日期、后续发行/回购仍需逐项桥接,batch-07
PDD,拼多多,中概,平台规模增长与普通股净利下降同时存在，跨境业务缺少独立披露不能默认Temu占比,False,False,2026-06-30,2026-08-25,https://www.sec.gov/Archives/edgar/data/1737806/000110465926100534/tm2623874d1_ex99-1.htm,监管原件已核验,2026-10-06 20:00:00 UTC,观察,1 ADS = 4 股普通股；实施日期、后续发行/回购仍需逐项桥接,batch-07
JD,京东,中概,零售利润、物流与新业务投入拆开；H1不能当单季；USD51.1bn不要误读脚注为151.1bn,False,False,2026-06-30,2026-08-13,https://www.sec.gov/Archives/edgar/data/1549802/000119312526347753/d143720dex991.htm,监管原件已核验,2026-10-06 20:00:01 UTC,观察,1 ADS = 2 股普通股；实施日期、后续发行/回购仍需逐项桥接,batch-07
BIDU,百度,中概,AI子业务增长不能掩盖集团收入下降；管理层新分组不可与旧core标签直接拼接,False,False,2026-06-30,2026-08-18,https://www.sec.gov/Archives/edgar/data/1329099/000119312526355431/d112854dex991.htm,监管原件已核验,2026-10-06 20:00:01 UTC,观察,1 ADS = 8 股普通股；实施日期、后续发行/回购仍需逐项桥接,batch-07
NTES,网易,中概,本轮摘要给的是基本EPS，估值不能标作摊薄TTM；投资及游戏生命周期分别跟踪,False,False,2026-06-30,2026-08-20,https://www.sec.gov/Archives/edgar/data/1110646/000110465926098940/tm2623482d1_ex99-1.htm,监管原件已核验,2026-10-06 20:00:00 UTC,观察,1 ADS = 5 股普通股；实施日期、后续发行/回购仍需逐项桥接,batch-07
TCOM,携程,中概,监管处罚及收入冲减同时影响GAAP；剔除费用不撤销现金支付和整改风险,False,False,2026-06-30,2026-09-16,https://www.sec.gov/Archives/edgar/data/1269238/000119312526392473/d167816dex991.htm,监管原件已核验,2026-10-06 20:00:01 UTC,观察,1 ADS = 1 股普通股；实施日期、后续发行/回购仍需逐项桥接,batch-08
YUMC,百胜中国,中概,每股增长含回购及投资收益，核心经营增速与美元EPS不可等同,False,False,2026-06-30,2026-07-30,https://www.sec.gov/Archives/edgar/data/1673358/000119312526324793/yumc-ex99_1.htm,监管原件已核验,2026-10-06 20:00:02 UTC,观察,美国交易的是直接上市/注册普通股；不能套用ADR倍率；股本与类别变化仍需核对,batch-08
NIO,蔚来,中概,adjusted转盈不能当GAAP转盈；9月吉利换电交易有交割条件，不能当全额现金注资,False,False,2026-06-30,2026-09-01,https://www.nio.io/news/20260901002,公司IR原件已核读,2026-10-06 20:00:03 UTC,等待证据,1 ADS = 1 股普通股；实施日期、后续发行/回购仍需逐项桥接,batch-08
XPEV,小鹏汽车,中概,服务收入毛利与汽车毛利分列，不能用集团20.7%当车辆利润率,False,False,2026-06-30,2026-08-25,https://www.sec.gov/Archives/edgar/data/1810997/000119312526364050/d75446dex991.htm,监管原件已核验,2026-10-06 20:00:02 UTC,等待证据,1 ADS = 2 股普通股；实施日期、后续发行/回购仍需逐项桥接,batch-08
LI,理想汽车,中概,旧盈利框架撤回；库存、新车型销量及费用恢复优先于PE,False,False,2026-06-30,2026-08-26,https://www.sec.gov/Archives/edgar/data/1791706/000110465926101065/tm2624080d1_ex99-1.htm,监管原件已核验,2026-10-06 20:00:01 UTC,等待证据,1 ADS = 2 股普通股；实施日期、后续发行/回购仍需逐项桥接,batch-08
ZTO,中通快递,中概,普通股/ADS和H1/单季必须一致；利润改善需拆单票价格与成本,False,False,2026-06-30,2026-08-19,https://www.sec.gov/Archives/edgar/data/1677250/000110465926098506/tm2623526d1_ex99-1.htm,监管原件已核验,2026-10-06 20:00:02 UTC,观察,ADS底层比例 [MISSING]；公司直接披露的每ADS美元盈利可引用，不能据本币普通股EPS猜倍率,batch-09
BEKE,贝壳,中概,毛利提升不能替代家装/租赁收入下降与履约风险检查,False,False,2026-06-30,2026-08-24,https://www.sec.gov/Archives/edgar/data/1809587/000110465926100295/tm2623857d1_ex99-1.htm,监管原件已核验,2026-10-06 20:00:03 UTC,观察,1 ADS = 3 股普通股；实施日期、后续发行/回购仍需逐项桥接,batch-09
TME,腾讯音乐,中概,新音乐相关服务定义包含线下演出等，不直接拼旧订阅增长；non-IFRS不是GAAP盈利,False,False,2026-06-30,2026-08-11,https://www.sec.gov/Archives/edgar/data/1744676/000095010326012141/dp251620_ex9901.htm,监管原件已核验,2026-10-06 20:00:03 UTC,观察,1 ADS = 2 股普通股；实施日期、后续发行/回购仍需逐项桥接,batch-09
VIPS,唯品会,中概,净利暴增不是主营爆发；REIT相关税RMB1.63bn及其他税项需逐项桥接,False,False,2026-06-30,2026-08-25,https://www.sec.gov/Archives/edgar/data/1529192/000110465926100484/tm2623972d1_ex99-1.htm,监管原件已核验,2026-10-06 20:00:02 UTC,观察,1 ADS = 0.2 股普通股；实施日期、后续发行/回购仍需逐项桥接,batch-09
BILI,哔哩哔哩,中概,撤回机械GAAP亏损回避；转盈已披露，但SBC与现金质量仍需验证,False,False,2026-06-30,2026-08-27,https://www.sec.gov/Archives/edgar/data/1723690/000119312526371261/d434015dex991.htm,监管原件已核验,2026-10-06 20:00:00 UTC,观察,1 ADS = 1 股普通股；实施日期、后续发行/回购仍需逐项桥接,batch-09
MNSO,名创优品,中概,营收与EPS增幅差距需拆并购、费用及股数；不能直接按开店增速推EPS,False,False,2026-06-30,2026-08-31,https://www.sec.gov/Archives/edgar/data/1815846/000110465926103582/tm2624284d1_ex99-1.htm,监管原件已核验,2026-10-06 20:00:03 UTC,观察,1 ADS = 4 股普通股；实施日期、后续发行/回购仍需逐项桥接,batch-10
HTHT,华住,中概,管理加盟收入是集团业务结构维度，不与HWC/HWI简单相加；季节性不机械四倍年化,False,False,2026-06-30,2026-08-17,https://www.sec.gov/Archives/edgar/data/1483994/000110465926097496/tm2623383d1_ex99-1.htm,监管原件已核验,2026-10-06 20:00:01 UTC,观察,1 ADS = 10 股普通股；实施日期、后续发行/回购仍需逐项桥接,batch-10
FUTU,富途,中概,客户现金/证券与公司可分派净现金分开；美股USD而财报HKD,False,False,2026-06-30,2026-08-20,https://www.sec.gov/Archives/edgar/data/1754581/000110465926098911/tm2623384d1_ex99-1.htm,监管原件已核验,2026-10-06 20:00:01 UTC,观察,1 ADS = 8 股普通股；实施日期、后续发行/回购仍需逐项桥接,batch-10
TAL,好未来,中概,净利高增长不能当主营EPS增长；3 ADS=1普通股，禁止把比例倒置,False,False,2026-05-31,2026-07-30,https://www.sec.gov/Archives/edgar/data/1499620/000110465926088660/tm2621668d1_ex99-1.htm,监管原件已核验,2026-10-06 20:00:02 UTC,观察,3 ADS = 1 股普通股（1 ADS = 1/3 普通股）；实施日期、后续发行/回购仍需逐项桥接,batch-11
EDU,新东方,中概,本轮最新为截至5月全年；775%净利是低基数修复，不能外推PEG,False,False,2026-05-31,2026-07-29,https://www.sec.gov/Archives/edgar/data/1372920/000119312526322173/d148153dex991.htm,监管原件已核验,2026-10-06 20:00:02 UTC,观察,1 ADS = 10 股普通股；实施日期、后续发行/回购仍需逐项桥接,batch-11
GRAB,Grab,新兴市场平台,EBITDA、季度OCF与TTM adjusted FCF不可混作同一盈利口径,False,False,2026-06-30,2026-08-04,https://www.sec.gov/Archives/edgar/data/1855612/000185561226000125/a52026q2-earningspressrele.htm,监管原件已核验,2026-10-06 20:00:00 UTC,观察,美国交易的是直接上市/注册普通股；不能套用ADR倍率；股本与类别变化仍需核对,batch-12
SE,Sea,新兴市场平台,营收增速显著快于净利；Shopee补贴与Monee信用损失必须分部检验,False,False,2026-06-30,2026-08-11,https://www.sec.gov/Archives/edgar/data/1703399/000119312526344596/d120948dex991.htm,监管原件已核验,2026-10-06 20:00:02 UTC,观察,1 ADS = 1 股普通股；实施日期、后续发行/回购仍需逐项桥接,batch-12
MELI,MercadoLibre,新兴市场平台,量增与利润率下滑同时存在；信贷增长不等于净现金增加，不能按营收50%推EPS,False,False,2026-06-30,2026-08-05,https://www.sec.gov/Archives/edgar/data/1099590/000109959026000021/meli-20260805xex991.htm,监管原件已核验,2026-10-06 20:00:01 UTC,观察,美国交易的是直接上市/注册普通股；不能套用ADR倍率；股本与类别变化仍需核对,batch-12
NU,Nu Holdings,新兴市场平台,NIM高受无抵押信贷结构影响；风险调整NIM、信用损失与资本约束优先,False,False,2026-06-30,2026-08-13,https://international.nubank.com.br/en/newsroom/company/nu-holdings-ltd-reports-second-quarter-2026-financial-results,公司IR原件已核读,2026-10-06 20:00:02 UTC,观察,美国交易的是直接上市/注册普通股；不能套用ADR倍率；股本与类别变化仍需核对,batch-12
CPNG,Coupang,新兴市场平台,处罚一次性不等于亏损完全一次性；剔除后营业仍亏，旧盈利估值撤回,False,False,2026-06-30,2026-08-04,https://www.sec.gov/Archives/edgar/data/1834584/000183458426000070/cpng-06302026ex991.htm,监管原件已核验,2026-10-06 20:00:02 UTC,等待证据,美国交易的是直接上市/注册普通股；不能套用ADR倍率；股本与类别变化仍需核对,batch-12
INFY,印孚瑟斯,新兴市场平台,附件标成CHARTER/BYLAWS只是接口标签，原件实际为结果；不能用印度单体报表替代美元合并数据,False,False,2026-06-30,2026-07-23,https://www.sec.gov/Archives/edgar/data/1067491/000106749126000034/exv99w02.htm,监管原件已核验,2026-10-06 20:00:02 UTC,观察,1 ADS = 1 股普通股；实施日期、后续发行/回购仍需逐项桥接,batch-13
HDB,HDFC 银行,新兴市场平台,crore=千万卢比；合并/单体和拆股/ADS变化待桥接，不能直接按普通股EPS除美股价,False,False,2026-06-30,2026-07-20,https://www.sec.gov/Archives/edgar/data/1144967/000119312526308398/d101962dex99.htm,监管原件已核验,2026-10-06 20:00:02 UTC,观察,ADS底层比例 [MISSING]；公司直接披露的每ADS美元盈利可引用，不能据本币普通股EPS猜倍率,batch-13
IBN,ICICI 银行,新兴市场平台,全年报告不能冒充Q1；NPA、信用成本及普通股资本需要独立校验,False,False,2026-06-30,2026-07-22,https://www.sec.gov/Archives/edgar/data/1103838/000095010326011002/dp250269_6k.htm,监管原件已核验,2026-10-06 20:00:02 UTC,观察,1 ADS = 2 股普通股；实施日期、后续发行/回购仍需逐项桥接,batch-13
VALE,淡水河谷,新兴市场平台,修订版优先于原版；矿价与暂定价格重估、尾矿赔偿现金分开，不套成长PEG,False,False,2026-06-30,2026-08-24,https://www.sec.gov/Archives/edgar/data/917851/000129281426004322/valedfifrs2q26_6ka.htm,监管原件已核验,2026-10-06 20:00:02 UTC,观察,1 ADS = 1 股普通股；实施日期、后续发行/回购仍需逐项桥接,batch-13
PBR,巴西石油,新兴市场平台,国有控股分红约束与资本开支独立检验；PBR普通股ADS不得混用PBRA优先股,False,False,2026-06-30,2026-08-07,https://www.sec.gov/Archives/edgar/data/1119639/000129281426004128/pbr20260806_6k1.htm,监管原件已核验,2026-10-06 20:00:03 UTC,观察,ADS底层比例 [MISSING]；公司直接披露的每ADS美元盈利可引用，不能据本币普通股EPS猜倍率,batch-13
ITUB,伊塔乌联合银行,新兴市场平台,不是8月6日基于2025年末的Reference Form；recurring ROE须对上普通股口径与资本,False,False,2026-06-30,2026-08-07,https://www.sec.gov/Archives/edgar/data/1132597/000113259726000223/managementdiscussionanal.htm,监管原件已核验,2026-10-06 20:00:02 UTC,观察,1 ADS = 1 股优先股；实施日期、后续发行/回购仍需逐项桥接,batch-14
STNE,StoneCo,新兴市场平台,H1税收益不能当Q2经营增长；软件处置后盈利和share count需正常化,False,False,2026-06-30,2026-08-13,https://www.sec.gov/Archives/edgar/data/1745431/000207097926000274/stoneco_06x2026.htm,监管原件已核验,2026-10-06 20:00:00 UTC,观察,美国交易的是直接上市/注册普通股；不能套用ADR倍率；股本与类别变化仍需核对,batch-14
PAGS,PagSeguro,新兴市场平台,支付TPV和银行入金非营收；EPS增长受回购影响需查分母,False,False,2026-06-30,2026-08-11,https://www.sec.gov/Archives/edgar/data/1712807/000155485526001793/MainDocument.htm,监管原件已核验,2026-10-06 20:00:02 UTC,观察,美国交易的是直接上市/注册普通股；不能套用ADR倍率；股本与类别变化仍需核对,batch-14
SKHY,SK 海力士,新上市/热门,ADS比为十分之一，不能倒置；财报期末股数尚未包含7月发行，必须摊薄；存储仍按周期研究,False,False,2026-06-30,2026-08-18,https://www.sec.gov/Archives/edgar/data/2120882/000119312526354777/d147827d6k.htm,监管原件已核验,2026-10-06 20:00:00 UTC,观察,1 ADS = 0.1 股普通股；实施日期、后续发行/回购仍需逐项桥接,batch-15
SPCX,SpaceX,新上市/热门,上市主体含AI业务，不能只按火箭加Starlink估值；EBITDA不能替代巨额资本开支后的现金,False,False,2026-06-30,2026-08-04,https://www.sec.gov/Archives/edgar/data/1181412/000162828026052515/earningsreleaseq22608042.htm,监管原件已核验,2026-10-06 20:00:00 UTC,等待证据,美国交易的是直接上市/注册普通股；不能套用ADR倍率；股本与类别变化仍需核对,batch-15
BHP,必和必拓,海外龙头,全年不是半年；合资权益及Jansen资本开支必须扣除，商品高盈利不线性延长,False,False,2026-06-30,2026-08-18,https://www.sec.gov/Archives/edgar/data/811809/000119312526354647/bhp-20260630.htm,监管原件已核验,2026-10-06 20:00:02 UTC,观察,1 ADS = 2 股普通股；实施日期、后续发行/回购仍需逐项桥接,batch-05
RIO,力拓,海外龙头,分红接近半年FCF需全年压力检验；更新后的FCF定义需重列可比，避免误判跳升,False,False,2026-06-30,2026-07-29,https://www.sec.gov/Archives/edgar/data/887028/000162828026050377/rio-20260630_d2.htm,监管原件已核验,2026-10-06 20:00:02 UTC,观察,ADS底层比例 [MISSING]；公司直接披露的每ADS美元盈利可引用，不能据本币普通股EPS猜倍率,batch-05
UL,联合利华,海外龙头,分拆后持续经营可比与量价先校验；毛利率下降70bp不能被提价叙事掩盖,False,False,2026-06-30,2026-07-28,https://www.sec.gov/Archives/edgar/data/217410/000021741026000057/ul-20260630.htm,监管原件已核验,2026-10-06 20:00:02 UTC,观察,ADS底层比例 [MISSING]；公司直接披露的每ADS美元盈利可引用，不能据本币普通股EPS猜倍率,batch-06
DEO,帝亚吉欧,海外龙头,FY2026全年截至6月；库存、减值/例外与净债务优先，不能按成本修复套成长PEG,False,False,2026-06-30,2026-08-06,https://www.sec.gov/Archives/edgar/data/835403/000165495426007321/a6068p.htm,监管原件已核验,2026-10-06 20:00:02 UTC,观察,ADS底层比例 [MISSING]；公司直接披露的每ADS美元盈利可引用，不能据本币普通股EPS猜倍率,batch-06
BTI,英美烟草,海外龙头,EPS普通股便士与每ADS美元不同；reported下降和adjusted增长不能择一删去,False,False,2026-06-30,2026-07-30,https://www.bat.com/content/dam/batcom/global/main-nav/investors-and-reporting/results-centre/pdf/HY_2026_Annoucement.pdf,公司IR原件已核读,2026-10-06 20:00:02 UTC,观察,ADS底层比例 [MISSING]；公司直接披露的每ADS美元盈利可引用，不能据本币普通股EPS猜倍率,batch-06
ONC,百济神州（BeOne）,中概,旧称持续亏损撤回；产品DCF和管线rNPV仍需区分，EPS必须按ADS单位核实,False,False,2026-06-30,2026-08-05,https://www.sec.gov/Archives/edgar/data/1651308/000162828026052878/bgne-20260630.htm,监管原件已核验,2026-10-06 20:00:00 UTC,观察,1 ADS = 13 股普通股；实施日期、后续发行/回购仍需逐项桥接,batch-11
