TSM|晶圆代工、先进封装|先进制程晶圆需求、HPC结构与封装产能能否把资本开支转化为自由现金流|客户AI开支集中、海外工厂折旧及地缘风险|HPC收入占比、3nm/2nm利用率、CoWoS扩产、毛利率及资本开支|正常化每ADS EPS与股权现金流DCF|晶圆代工;先进封装;平台收入按HPC/智能手机披露
ASML|光刻系统及装机服务|EUV与High-NA出货、服务升级和订单转换影响收入确认|订单季度波动、出口许可与客户资本开支推迟|系统收入、服务收入、订单、积压与毛利率|周期正常化EPS与DCF|EUV/DUV系统;装机服务;地区收入
NVO|糖尿病、肥胖症及其他药物|GLP-1销量、净实现价格与新增适应症决定盈利持续性|竞品、美国净价压力、复合药与临床结果|Ozempic/Wegovy销售、量价、美国净价格、研发及指引|产品DCF与正常化EPS|糖尿病;肥胖症;罕见病
SAP|企业软件、云订阅及支持|云积压转为收入、迁移客户与费用率推动利润|云迁移延误、重组调整与SBC对现金和摊薄的影响|当前云积压、云收入、IFRS利润、FCF和SBC|EPS与扣SBC后的股权DCF|云业务;软件许可证;支持与服务
TM|汽车制造及汽车金融|混动结构、销量和地域定价推动利润，金融业务须单独估值|关税、日元、材料和质量召回|销量、汽车营业利润、汇率敏感性、金融信用成本|汽车DCF加金融SOTP与中周期EPS|汽车;金融;其他
SONY|游戏、音乐、影视及图像传感器|游戏服务、音乐版权复购与传感器结构驱动利润|游戏硬件周期、影视项目波动及金融分拆口径|G&NS利润、音乐利润、I&SS毛利率、分拆后持续经营EPS|分部SOTP与持续经营DCF|游戏;音乐/影视;图像传感器
AZN|肿瘤、心血管代谢、呼吸及罕见病药物|新药上市、适应症扩展和地域渗透推动增长|专利到期、临床失败、合规与核心EPS调整|产品收入、恒汇率增长、reported/core EPS桥接、研发|产品DCF与正常化EPS|肿瘤;生物制药;罕见病
NVS|创新药|核心药物推广、适应症扩张与研发效率推动收入|专利损失、单品集中与收购整合|产品销量、core/IFRS盈利桥接、FCF、专利时间|产品DCF与正常化EPS|心血管/肾脏;免疫/神经;肿瘤
SNY|处方药、疫苗及消费业务处置后组合|Dupixent渗透、新药与疫苗带来结构变化|单品集中、消费者业务处置一次性收益及研发失败|Dupixent收入、疫苗、持续经营IFRS/business EPS、净债务|产品DCF与持续经营EPS|专科药;疫苗;其他制药
GSK|药物及疫苗|呼吸/免疫药、HIV与疫苗的销量及产品结构|疫苗需求波动、专利、诉讼拨备与调整口径|产品销售、reported/core EPS、诉讼拨备、现金分派覆盖|产品DCF与正常化EPS|专科药;一般药;疫苗
SHEL|综合油气、LNG、炼化及营销|LNG产销和综合业务现金流提供穿越周期能力|油气价格下行、项目成本和资产减值|LNG产量、realised价格、CFFO、现金资本开支、净债务|中周期DCF与分部SOTP|综合天然气;上游;化工/营销
TTE|综合油气、LNG及电力|上游产量、LNG和电力组合提高多元现金流|商品周期、项目执行和低碳投入回报|产量、adjusted net income与IFRS、现金流、净债务|中周期DCF与分部SOTP|勘探生产;综合LNG/电力;下游
BP|综合油气及营销|上游产量、成本重整和资本配置能否恢复现金|较高负债、减值、处置收益及能源转型投资|underlying RC利润桥接、净债务、CFFO、资本开支|中周期DCF与分部SOTP|上游油气;天然气/低碳;客户/产品
HSBC|国际银行及财富管理|亚洲财富费用与存贷业务收入支撑资本回报|利差下行、商业地产拨备与业务处置影响|普通股RoTE、NIM、预期信用损失、CET1、普通股BVPS|普通股ROE-PB与受资本约束DDM|财富与个人;商业银行;企业及机构
MUFG|日本综合银行集团|日元利率变化、贷款需求与海外业务推动利差|证券估值、信用成本、交叉持股及汇率|净利息收入、信用成本、普通股ROE、CET1|普通股ROE-PB与DDM|日本银行;全球商业/投资;资产管理
SMFG|日本综合银行集团|利率正常化、费用业务和资产配置影响回报|债券价格、信用成本与股本变动|NIM、信用成本、普通股ROE、CET1与股数|普通股ROE-PB与DDM|国内银行;全球银行;零售/费用业务
TD|加拿大与美国银行|加拿大银行、财富业务和美国业务整改后的盈利|反洗钱整改、美国资产上限、处置/罚款一次性项目|reported/adjusted EPS桥接、美国资产、费用、CET1|普通股ROE-PB与DDM|加拿大银行;美国零售;财富/批发
RY|加拿大综合银行|银行、财富与资本市场的收入多元化|信用损失、住房风险及并购整合|分部利润、信用成本、CET1、reported/adjusted EPS|普通股ROE-PB与DDM|个人/商业银行;财富;资本市场
SHOP|商户软件与支付|GMV、支付渗透和商户订阅推动增长|商户消费周期、支付低毛利结构、SBC与投资重估|GMV、merchant/subscription收入、FCF、SBC、投资损益|扣投资重估EPS与扣SBC股权DCF|订阅解决方案;商户解决方案;地区收入
SPOT|音频订阅与广告平台|付费用户、ARPU、版权结构和广告变现|版权成本、广告周期、工资税与SBC波动|付费用户、ARPU、毛利率、operating income及FCF|正常化EPS与扣SBC股权DCF|付费订阅;广告;地区收入
ARM|半导体IP授权及版税|新架构版税、计算平台渗透与授权合同|大客户集中、许可收入时点、SBC及控股股东|royalty/licensing、Armv9占比、GAAP与adjusted盈利、SBC|授权/版税DCF与正常化EPS|版税;授权;地区/终端市场
HMC|汽车、摩托车与金融服务|摩托车现金流、混动车型及销量结构|汽车关税、EV投入、重组与汇率|摩托车/汽车利润、资本开支、金融信用成本|制造DCF加金融SOTP与中周期EPS|汽车;摩托车;金融
E|油气、天然气、电力与化工|油气产量和天然气组合提供经营现金|商品价格、化工亏损及伙伴出售/项目融资|产量、adjusted/IFRS利润、现金资本开支与净债务|中周期DCF与分部SOTP|勘探生产;全球天然气/LNG;炼化/电力
CNI|加拿大跨境铁路货运|货运量、价格及营运效率推动现金流|宏观需求、天气、劳动和资本开支|RTM、price/mix、operating ratio、FCF|正常化EPS与FCF贴现|商品货运;联运;地区收入
LYG|英国零售与商业银行|英国存贷款利差、费用及业务数字化|按揭竞争、汽车金融赔偿、信用成本与资本限制|NIM、汽车金融拨备、RoTE、CET1及普通股BVPS|普通股ROE-PB与DDM|零售;商业;保险/财富
BABA|中国电商、云及国际业务|云AI收入、电商变现和国际规模经济能否覆盖补贴投入|即时零售投入、竞争、投资损益与现金流下滑|电商EBITA、云外部收入、即时零售亏损、FCF、SBC|分部SOTP与扣SBC股权DCF|中国电商;云;国际/其他
PDD|平台电商及跨境业务|国内商户服务与跨境交易的量价及投入回报|政策、关税、补贴竞争及跨境业务披露不足|交易服务/营销收入、营业利润、商户补贴、现金受限|正常化EPS与股权DCF|在线营销;交易服务;地域结构待拆
JD|自营零售、物流与新业务|零售效率、物流外部客户及投入回报|外卖/新业务亏损、零售利润率及营运资本|JD Retail利润、物流外部收入、新业务亏损、FCF|分部SOTP与正常化EPS|零售;物流;新业务
BIDU|搜索广告、AI云与自动驾驶|云算力和AI产品能否抵消传统广告压力|广告下滑、AI资本开支、商业化与投资重估|core收入、云收入、广告、FCF与SBC|分部SOTP与扣SBC股权DCF|在线营销;AI云/非营销;爱奇艺等
NTES|网络游戏、教育与音乐业务|老游戏流水、新产品与海外增长|上线审批、爆款依赖、递延收入与投资损益|游戏净收入、递延收入、毛利率、经营现金流|正常化EPS与DCF|游戏;有道;音乐/其他
TCOM|在线旅游预订|出境游与国际平台增长能否抵消监管后影响|反垄断处罚、整改、竞争与一次性项目|国内/国际预订、reported/adjusted净利、处罚现金和整改|正常化EPS与扣处罚现金DCF|住宿;交通;度假/商旅
YUMC|餐饮连锁及加盟|同店销量、门店扩张、加盟和效率提高|价格促销、消费者需求、租赁与食品安全|KFC/Pizza Hut同店、净开店、餐厅利润率、现金回报|正常化EPS与含租赁DCF|KFC;Pizza Hut;其他品牌
NIO|智能电动汽车及换电服务|交付、车辆毛利和品牌结构改善现金消耗|亏损、价格竞争、融资摊薄与换电交易条件|交付、车辆毛利、GAAP/adjusted利润、自由现金流|车型DCF与净现金/资产压力|汽车销售;能源/服务;品牌结构
XPEV|智能电动汽车及技术服务|交付、车型结构及技术收入改善盈利|价格竞争、研发开支、现金消耗和摊薄|交付、汽车毛利、技术服务、GAAP利润与现金|车型DCF与净现金/资产压力|汽车;技术服务;其他服务
LI|智能电动汽车|新车型销量、毛利和渠道恢复能否扭转亏损|车型换代、价格竞争、费用与库存|交付、车辆毛利、GAAP利润、库存和FCF|车型DCF与净现金/资产压力|汽车销售;零配件/服务;品牌车型结构
ZTO|快递网络及物流|包裹量、单票收入及单票成本决定利润|价格竞争、补贴、资本开支与网络份额|包裹量、单票价格/成本、毛利率、OCF及资本开支|正常化EPS与DCF|快递;货运代理;配件/其他
BEKE|房产交易服务与家装租赁|存量房交易和家装渗透影响服务利润|地产成交下降、垫资、家装履约与新业务投入|存量/新房GTV、收入确认、家装利润和FCF|分部SOTP与正常化EPS|存量房;新房;家装/租赁
TME|在线音乐及社交娱乐|订阅人数、ARPPU和版权变现推动现金|竞争、版权成本、收购整合及社交业务变化|付费用户、ARPPU、在线音乐/社交收入、SBC和FCF|正常化EPS与DCF|在线音乐;社交娱乐;广告/其他拆分
VIPS|品牌特卖电商|客户复购、客单价与履约效率|需求疲弱、品牌供给、获客成本及竞争|活跃客户、GMV、利润率、库存与FCF|正常化EPS与DCF|在线特卖;线下渠道;其他
BILI|视频社区、游戏及广告|广告负载、游戏流水和费用控制推动盈利|内容成本、游戏波动、SBC与adjusted转盈误读|广告/游戏收入、DAU、GAAP营业利润、SBC和OCF|分部DCF与正常化利润压力|广告;游戏;增值服务/电商
MNSO|品牌零售、加盟及潮玩|MINISO海外开店和TOP TOY扩张提高规模|加盟店库存、IP授权、并购及线下消费|海外同店、门店数、TOP TOY收入、现金/并购债务|正常化EPS与DCF|MINISO中国;海外;TOP TOY
HTHT|酒店管理及租赁经营|加盟扩张、RevPAR和直营成本带来利润|旅游需求、租赁杠杆、海外酒店和季节性|RevPAR、ADR/入住率、开店、经营现金与租赁|正常化EPS与含租赁DCF|中国酒店;海外酒店;加盟/直营结构
FUTU|证券经纪、财富及金融服务|客户资产、交易量和净息收入驱动利润|市场周期、跨境监管及客户现金隔离|付费客户、客户资产、佣金/利息、资本约束|正常化EPS与资本约束DDM|经纪;利息;财富/其他
TAL|学习服务、内容及教育科技|学习中心、课程招生和内容销售增长|教育政策、扩张费用、季节性及AI硬件库存|学习服务收入、内容毛利、GAAP/adjusted利润、SBC|正常化EPS与DCF|学习服务;内容解决方案;地区/产品待拆
EDU|教育服务及东方甄选等组合|非学科、留学培训和教育服务增长|政策、扩张成本及电商组合变动|分部收入、GAAP/adjusted利润、中心数、OCF|教育DCF加持股SOTP与正常化EPS|教育培训;新业务;东方甄选/其他
GRAB|东南亚出行、配送及金融平台|GMV、变现率和单位经济改善|补贴竞争、金融亏损、信贷风险及SBC|出行/配送EBITDA、GAAP利润、金融贷款与损失|分部DCF与正常化营业利润|配送;出行;金融服务
SE|电商、数字金融及游戏|Shopee盈利、Monee信贷和Garena流水增长|补贴竞争、信贷质量、游戏生命周期与SBC|GMV、分部营业利润、贷款/逾期、bookings|分部SOTP与DCF|Shopee;Monee;Garena
MELI|拉美电商、支付及数字信贷|电商渗透、物流效率、支付和信贷增长|信用损失、汇率、竞争与资本需求|GMV、TPV、信用组合、NPL、营业利润和现金|电商DCF加金融SOTP与正常化EPS|电商;支付;信贷
NU|拉美数字银行|活跃客户、每客户收入和低成本获客改善回报|信用扩张、逾期、地域监管与FX|活跃客户、ARPAC、信用损失、ROE与资本|普通股ROE-PB与DDM|巴西;墨西哥;哥伦比亚
CPNG|韩国电商、物流及新业务|产品电商效率、WOW复购与海外规模|新业务亏损、监管、履约成本及SBC|Product Commerce利润、Developing Offerings亏损、FCF|分部DCF与正常化EPS|产品电商;发展业务;地区收入
INFY|IT外包、咨询及数字服务|客户预算、大单转换及交付效率|IT预算放缓、AI定价压力和薪资成本|恒汇率收入、订单TCV、利润率、员工利用率|正常化EPS与DCF|金融服务;制造/零售;通信/其他
HDB|印度银行|合并后存款、贷款与负债优化改善回报|存贷错配、信用成本及资本约束|NIM、贷款/存款、NPA、CET1、普通股ROE|普通股ROE-PB与DDM|银行业务;零售;批发/其他
IBN|印度银行|贷款增长、资金成本与费用收入改善利润|信用扩张、利差压力及监管|NIM、NPA、贷款/存款、普通股ROE及CET1|普通股ROE-PB与DDM|零售;批发;保险/其他
VALE|铁矿石、铜及镍|铁矿品位、产量和成本带来现金，金属项目改变结构|矿价、尾矿治理、赔偿和项目成本|销量、实现价格、C1成本、赔偿现金与净债务|中周期DCF与矿山NAV|铁矿;铜;镍
PBR|巴西油气、炼化及销售|盐下油田产量和成本优势形成现金|政府控股、燃油定价、资本开支及分红政策|产量、FCF、资本开支、净债务与股息覆盖|中周期DCF与NAV|勘探生产;炼化运输;天然气/其他
ITUB|巴西综合银行|信贷结构、服务费用与数字效率支持回报|贷款损失、利率与巴西政治/FX|recurring/IFRS利润桥接、NPL、ROE、资本|普通股ROE-PB与DDM|零售;批发;地区/其他
STNE|巴西商户支付与金融服务|商户支付、存款和信贷提高单位经济|信贷损失、竞争费率、软件处置与股数|TPV、take rate、贷款逾期、持续经营利润|正常化EPS与资本约束DCF|支付;金融服务;软件处置口径
PAGS|巴西支付及数字银行|商户支付和银行客户提高收入及存款|竞争、贷款风险、资金成本与回购|TPV、银行客户、信贷损失、净利润/现金|正常化EPS与资本约束DCF|支付;数字银行;融资服务
SKHY|DRAM、NAND及HBM|HBM出货和高端结构提升利润，但须看周期现金|存储周期、客户集中、资本开支与新ADS摊薄|HBM收入、DRAM/NAND价格、资本开支、ADS股数|中周期EPS与DCF|DRAM/HBM;NAND;地区/产品
SPCX|航天发射、卫星通信及AI业务组合|Starlink复购、发射服务和上市后资本配置|高资本开支、关联交易、股权激励与业务组合变化|分部收入、现金资本开支、SBC、普通股总数与关联交易|分部DCF与SOTP|连接业务;航天/发射;AI/其他须按申报确认
BHP|铁矿、铜、煤及钾肥项目|资源产量、成本和铜需求决定穿越周期现金|矿价、矿山安全、项目开支及合资权益|铁矿/铜产量、unit cost、FCF、钾肥项目及净债务|中周期DCF与矿山NAV|铜;铁矿;煤/钾肥
RIO|铁矿、铝、铜及锂项目|产量、品位、成本和新矿投产影响现金流|中国需求、项目延误、环保和并购资本|Pilbara产量、实现价格、FCF、Simandou进度和债务|中周期DCF与矿山NAV|铁矿;铝;铜/其他
UL|日化、食品及分拆后组合|真实销量、价格和产品结构推动持续经营增长|品牌份额、冰淇淋分拆比较口径、FX和重组|USG量价、分部利润、持续经营EPS、现金分派覆盖|持续经营EPS与DCF|美容/个人护理;家庭护理;食品
DEO|烈酒及啤酒|品牌价格、渠道去库存与销量恢复决定利润|经销商库存、美国需求、净债务与财年错位|有机量价、地区销售、库存、FCF和净债务|中周期EPS与DCF|北美;欧洲;拉美/亚洲/非洲
BTI|卷烟及新型烟草|定价、燃烧类现金与新品类盈亏平衡|销量下滑、监管、美国资产减值及分红覆盖|销量/价格、新品类利润、adjusted/IFRS EPS、FCF|正常化EPS与DCF|美国;AME;APMEA/新品类结构
ONC|肿瘤创新药及研发管线|BRUKINSA等产品放量与研发杠杆能否形成现金盈利|单品集中、临床失败、SBC和管线投入|BRUKINSA收入、GAAP营业利润、研发、SBC与现金|产品DCF加管线rNPV与净现金|BRUKINSA;其他产品;授权/研发
