TSM|2026-06-30|2026Q2，TIFRS|营收NT$1,270.38bn；归属净利NT$706.56bn；摊薄普通股EPS NT$27.25，公司直接披露US$4.31/ADR；毛利率67.7%、营业利润率60.3%；先进制程占晶圆收入77%|业务增长有原件支撑，但不以营收增长推算2027 EPS；7nm以下不是HPC收入占比|7月16日EX99.1正文第9–19行
ASML|2026-06-28|2026Q2，US GAAP；实际期末6月28日|净销售€9.326bn；服务€2.762bn；净利€2.918bn；基本EPS€7.59、摊薄€7.58；Q3销售指引€11–12bn、全年€43–45bn|基本与摊薄EPS分列；纽约注册普通股不应笼统叫ADS；现金流受客户预付款波动影响|7月15日演示p14–15、业绩公告
NVO|2026-06-30|2026Q2及H1，IFRS/调整后分列|Q2销售DKK78.488bn；reported营业利润DKK27.061bn，adjusted为DKK33.389bn；管线减值DKK6.3bn；2026调整后销售与营业利润增长指引0%至−6% CER|reported增长含上年340B拨备逆转及本年减值；不把调整后的恢复视为无风险加速|8月4日6-K业绩摘要及Appendix7
SAP|2026-06-30|2026Q2及H1，IFRS/non-IFRS|当前云积压€22.9bn，同比27%/恒汇率26%；云收入增长22%/恒汇率24%；总收入增长9%/恒汇率11%；IFRS营业利润增长8%|合同积压与收入不是同一指标；收购对non-IFRS利润指引的摊薄须保留|7月28日EX99.1摘要及指引
TM|2026-06-30|FY2027Q1，2026年4–6月；IFRS|汽车销售收入JPY12,012.7bn，同比8.8%；金融收入JPY1,400.6bn，同比23.3%；其他JPY469.9bn；分部收入有抵销，不能直接加总作集团收入|财年标签修正为FY2027Q1；制造现金与汽车金融债务必须拆开|8月4日公司财务摘要p2及分部表
SONY|2026-06-30|FY2026Q1，2026年4–6月；IFRS|季度销售JPY2,837.771bn、同比8.2%；营业利润JPY476.499bn、同比40.2%；持续经营归属净利JPY342.161bn、同比32.1%；摊薄EPS JPY57.82；金融业务列终止经营并重列2025年可比|金融分拆前后EPS不可拼接；游戏、音乐及传感器需SOTP重新建模|7月31日6-K摘要损益表与持续经营脚注
AZN|2026-06-30|2026H1及Q2，reported/core|H1收入US$30.672bn，实际增长9%/CER6%；reported EPS US$3.60，core EPS US$5.21；Q2分别US$1.61/2.63；肿瘤46%、生物制药36%、罕见病16%|core EPS不能替代reported EPS；每美股单位比例另核；浏览器已核读公司网页，直接下载403不代表业务恶化|7月27日公司网页Financials与Therapy Areas
NVS|2026-06-30|2026Q2及H1，IFRS/core|Q2销售US$14.4bn，同比3%/恒汇率1%；营业利润US$4.8bn；core营业利润US$5.9bn；净利US$3.3bn；EPS US$1.71|销量贡献+18pp被仿制竞争−14pp与价格−3pp抵销，不能仅按收入增长判断药品份额|7月21日Interim Financial Report经营评述
SNY|2026-06-30|2026Q2及H1，IFRS/business|Q2销售€11.597bn，同比增长16.0%/CER17.8%；IFRS净利€343m、EPS€0.29；business净利€2.501bn、EPS€2.09；FCF€2.670bn|业务利润增长与IFRS净利大跌同时存在；Opella/EuroAPI及调整桥接未闭合，不机械年化business EPS|7月30日EX99.1结果表及Appendix4
GSK|2026-06-30|2026Q2及H1，reported/core|Q2 reported税前利润GBP354m；core税前利润GBP2,676m；或有对价负债重估费用GBP486m；linerixibat处置及其他净收入GBP288m|核心盈利需与重估、处置和诉讼逐项桥接，不能把reported低PE当作折价证明|7月28日6-K核心/法定表与其他营业收入说明
SHEL|2026-06-30|2026Q2及H1，IFRS/adjusted|公司披露Q2 adjusted earnings US$9.8bn；CFFO US$21.4bn，其中营运资本流入US$3.4bn；计划新增回购US$3bn|经营现金不等于FCF；高商品价格与营运资本流入不能按季度四倍长期外推|7月30日公司季度新闻稿p1；未经审计结果另列
TTE|2026-06-30|2026Q2及H1，IFRS/adjusted|H1归属净利US$11.248bn、adjusted US$11.421bn；上游Q2 adjusted营业净利US$3.231bn、经营现金US$5.546bn|H1净利不可与Q2分部现金拼接；CFFO排除营运资本，不等于会计OCF|7月23日EX99.1经营财务评述
BP|2026-06-30|2026Q2及H1，IFRS/underlying RC|Q2 underlying RC利润US$5.7bn；OCF US$10.858bn，含调整后营运资本占用US$1.0bn；报告产量2.2mmboe/d|RC利润非IFRS归属利润，出售资产及重整不能视为永久增长|8月4日6-K摘要与Note7
HSBC|2026-06-30|2026H1，IFRS|收入US$37.7bn、同比11%；税前利润US$19.522bn；CET1 14.1%；普通股NAV US$10.08、TNAV US$9.36；1 ADS=5普通股|普通股NAV须扣优先股及资本工具；资本比例下降不能被高ROTE掩盖；DDM资本约束待补|8月4日6-K关键指标、NAV脚注、ADS股息说明
MUFG|2026-06-30|FY2026Q1，2026年4–6月；日本准则|Q1经常利润JPY1,117.934bn；归属母公司净利JPY809.427bn，同比JPY546.068bn；全年盈利目标JPY2,700bn不是季度实际；季度未编制合并现金流表，并重列部分管理分部可比|撤回金融公司OCF/FCF筛选；季度盈利与全年目标分列，重新核普通股ROE与信用成本|8月3日6-K损益表、年度目标及现金流说明
SMFG|2026-06-30|FY2026Q1，2026年4–6月；日本准则|全年截至2027年3月归属净利预测JPY1,700bn；季度未编制合并现金流表；指引EPS按预期回购后的平均普通股计算|公司全年预测不是季度实际；回购不能只提高EPS而忽略资本消耗|7月31日6-K预测表和现金流脚注
TD|2026-07-31|FY2026Q3，2026年5–7月；IFRS|Q3 reported净利CAD4,615m、EPS2.74；adjusted净利CAD4,671m、EPS2.77；期末普通股BVPS CAD69.69|替换接口滞后的Q2；反洗钱整改与美国业务限制继续单列，不由adjusted盈利剔除风险|8月27日公司Report to Shareholders p1及Book Value定义
RY|2026-07-31|FY2026Q3，2026年5–7月；IFRS|reported净利CAD6.0bn、摊薄EPS4.23；adjusted净利CAD6.1bn、EPS4.28；CET1 13.5%|财年最新Q3不是自然年Q2；股价美元而EPS加元，不能直接相除|8月27日公司Q3新闻稿p1与Report to Shareholders
SHOP|2026-06-30|2026Q2及H1，US GAAP|Q2收入US$3,583m、同比34%；营业利润US$488m；GAAP净利US$1,502m，其中税后股权投资重估US$1,063m；剔投资净利US$439m；FCF US$654m|GAAP净利大幅含重估；FCF仍需扣SBC经济成本和摊薄，不能沿用旧低PE论点|8月5日EX99.1经营表及净利桥接
SPOT|2026-06-30|2026Q2及H1，IFRS|Q2收入€4,777m；营业利润€655m；归属净利€545m；摊薄EPS€2.61；摊薄平均股数208.858m|报告币种EUR、交易币种USD；同比从亏损转盈受税与SBC波动影响，不能直接构造PEG|8月4日6-K损益表及EPS附注
ARM|2026-06-30|FY2027Q1，2026年4–6月；US GAAP|收入US$1,289m，包括关联方US$388m；营业利润US$91m，同比US$114m；净利US$270m，同比US$130m|净利增长与营业利润下降并存；授权合同、关联方及税项需拆分，adjusted不得替代GAAP|7月29日6-K合并损益表
HMC|2026-06-30|FY2027Q1，2026年4–6月；IFRS|收入JPY6,061.5bn，同比13.5%；营业利润JPY530.7bn，同比117.4%；公司指出上年同期EV损失抬低基数|增长含上年EV损失和FX比较效应，不把117%当作持续EPS增速|8月5日6-K经营回顾
E|2026-06-30|2026Q2及H1，IFRS/adjusted|Q2 adjusted归属净利€2,249m，H1€3,729m；H1经营现金€7.35bn；收到混合债融资€0.99bn|混合债融资不是经营现金；权益伙伴贡献与处置需单列，油气用中周期模型|8月4日6-K经营及财务评述
CNI|2026-06-30|2026Q2及H1，US GAAP，加元|Q2收入CAD4,753m、营业利润CAD1,781m、净利CAD1,249m；摊薄EPS CAD2.06；H1EPS CAD3.93|每股单位为直接普通股，但财报加元；价格/运量及费用率优先于简单收入外推|7月24日EX99.2合并损益表
LYG|2026-06-30|2026H1，IFRS|法定税后利润GBP3,123m；EPS4.8便士；CET1 13.6%；公司披露汽车金融赔偿仍存在不确定性|普通股每股便士不是每ADS美元；赔偿、资本及有形净资产必须重估|7月30日SEC lyg-20260630财务评述及风险
BABA|2026-06-30|FY2027Q1，2026年6月季度；US GAAP|季度集团净利RMB10,444m；摊薄EPS每ADS RMB3.71/US$0.55；non-GAAP每ADS RMB8.52/US$1.26；云外部收入增长45%|集团净利不等于归属普通股；电商与即时零售投入、投资损益及FCF另列|8月20日EX99.1结果与每ADS脚注
PDD|2026-06-30|2026Q2，US GAAP/non-GAAP|收入RMB112.4bn；营业利润RMB29.1bn；归属普通股GAAP净利RMB27.2bn、同比−12%；non-GAAP RMB28.5bn；摊薄EPS RMB18.45/US$2.72每ADS|平台规模增长与普通股净利下降同时存在，跨境业务缺少独立披露不能默认Temu占比|8月25日EX99.1结果摘要与ADS说明
JD|2026-06-30|2026Q2及H1，US GAAP/non-GAAP|Q2收入RMB346.4bn，同比−2.9%；商品收入−5.4%、服务+6.8%；摊薄EPS每ADS RMB5.01/US$0.74，non-GAAP RMB6.29/US$0.93|零售利润、物流与新业务投入拆开；H1不能当单季；USD51.1bn不要误读脚注为151.1bn|8月13日EX99.1财务评述及口径
BIDU|2026-06-30|2026Q2，US GAAP/non-GAAP|集团收入RMB31.3bn，同比−4%；Baidu General Business RMB25.2bn；AI Cloud Infra RMB7.3bn、同比50%；AI Applications RMB2.5bn、同比3%|AI子业务增长不能掩盖集团收入下降；管理层新分组不可与旧core标签直接拼接|8月18日EX99.1新业务定义和结果
NTES|2026-06-30|2026Q2，US GAAP/non-GAAP|收入RMB30.1bn；GAAP归属净利RMB7.0bn、non-GAAP RMB7.7bn；基本EPS US$1.61/ADS、non-GAAP基本US$1.78/ADS|本轮摘要给的是基本EPS，估值不能标作摊薄TTM；投资及游戏生命周期分别跟踪|8月20日EX99.1摘要和每ADS定义
TCOM|2026-06-30|2026Q2及H1，US GAAP/non-GAAP|Q2收入RMB15.7bn、同比6%；GAAP每ADS摊薄亏损RMB3.89/US$0.57；non-GAAP每ADS盈利RMB7.27/US$1.07；国际平台收入增长超50%|监管处罚及收入冲减同时影响GAAP；剔除费用不撤销现金支付和整改风险|9月16日EX99.1结果与监管说明
YUMC|2026-06-30|2026Q2，US GAAP/core|收入约US$3.1bn，同比13%/剔FX6%；营业利润US$348m，core增长7%；摊薄EPS US$0.70，同比21%，剔FX14%且再剔投资重估10%|每股增长含回购及投资收益，核心经营增速与美元EPS不可等同|7月30日EX99.1摘要与脚注
NIO|2026-06-30|2026Q2及H1，US GAAP/adjusted|Q2收入RMB32,136.9m，同比69.1%；车辆毛利率18.5%；GAAP净亏约RMB528m、adjusted净利约RMB26.1m；现金储备约RMB56.7bn含受限|adjusted转盈不能当GAAP转盈；9月吉利换电交易有交割条件，不能当全额现金注资|9月1日公司IR摘要；详细损益由同主体本轮港股原件补证
XPEV|2026-06-30|2026Q2，US GAAP/non-GAAP|收入RMB19.74bn；汽车RMB17.05bn；集团毛利20.7%，汽车毛利12.1%；每ADS基本和摊薄亏损RMB1.40/US$0.21|服务收入毛利与汽车毛利分列，不能用集团20.7%当车辆利润率|8月25日EX99.1财务评述
LI|2026-06-30|2026Q2，US GAAP/non-GAAP|收入约RMB25.7bn；毛利率11.0%而上年20.1%；non-GAAP净亏约RMB1.5bn；每ADS摊薄亏损RMB1.69/US$0.25|旧盈利框架撤回；库存、新车型销量及费用恢复优先于PE|8月26日EX99.1结果摘要
ZTO|2026-06-30|2026Q2，US GAAP/adjusted|包裹约10.5bn；收入RMB14,549.9m；GAAP净利RMB3,077.6m；adjusted净利RMB3,086.1m|普通股/ADS和H1/单季必须一致；利润改善需拆单票价格与成本|8月19日EX99.1关键财务和运营指标
BEKE|2026-06-30|2026Q2，US GAAP/adjusted|收入约RMB24.5bn、同比−5.7%；存量房服务RMB7.0bn、同比4.5%；毛利率28.6%；adjusted净利RMB3,185m|毛利提升不能替代家装/租赁收入下降与履约风险检查|8月24日EX99.1经营回顾
TME|2026-06-30|2026Q2，IFRS/non-IFRS|收入RMB8.93bn、同比5.8%；音乐相关服务同比11%；non-IFRS摊薄每ADS EPS RMB1.70|新音乐相关服务定义包含线下演出等，不直接拼旧订阅增长；non-IFRS不是GAAP盈利|8月11日EX99.1定义及摘要
VIPS|2026-06-30|2026Q2，US GAAP/non-GAAP|收入约RMB24.7bn；归属GAAP净利约RMB4.3bn、同比189.1%，含一次性REIT投资收益RMB5.79bn；non-GAAP净利RMB392.2m|净利暴增不是主营爆发；REIT相关税RMB1.63bn及其他税项需逐项桥接|8月25日EX99.1摘要、税项及non-GAAP定义
BILI|2026-06-30|2026Q2，US GAAP/adjusted|收入RMB7.94bn、同比8%；广告RMB3.13bn、同比28%；GAAP净利RMB339.1m、净利率4.3%；adjusted净利RMB703.6m|撤回机械GAAP亏损回避；转盈已披露，但SBC与现金质量仍需验证|8月27日EX99.1财务摘要
MNSO|2026-06-30|2026Q2及H1，IFRS/adjusted|H1收入同比22.4%；中国MINISO收入同比26.2%；北美MINISO同比37%；摊薄每ADS EPS同比8.2%|营收与EPS增幅差距需拆并购、费用及股数；不能直接按开店增速推EPS|8月31日EX99.1摘要和分部回顾
HTHT|2026-06-30|2026Q2，US GAAP/adjusted|HWC收入RMB5.9bn、同比14.9%；HWI RMB1.3bn；管理加盟收入约RMB3.6bn、同比25.2%；全年集团收入指引4%–8%|管理加盟收入是集团业务结构维度，不与HWC/HWI简单相加；季节性不机械四倍年化|8月17日EX99.1分部结果及指引
FUTU|2026-06-30|2026Q2，US GAAP/non-GAAP|收入HK$7,200.2m、同比35.6%；GAAP净利HK$3,641.9m；adjusted净利HK$3,725.1m|客户现金/证券与公司可分派净现金分开；美股USD而财报HKD|8月20日EX99.1摘要与金融服务附注
TAL|2026-05-31|FY2027Q1，US GAAP/non-GAAP|收入US$758.4m、同比31.9%；营业利润US$137.2m；归属净利US$408.0m；其他收入US$405.2m主要受投资公允价值波动；摊薄EPS US$0.73/ADS|净利高增长不能当主营EPS增长；3 ADS=1普通股，禁止把比例倒置|7月30日EX99.1摘要、其他收入和ADS说明
EDU|2026-05-31|FY2026Q4及全年，US GAAP/non-GAAP|Q4收入US$1,529.5m、同比23%；营业利润US$85.8m；归属净利US$62.2m、同比775.8%|本轮最新为截至5月全年；775%净利是低基数修复，不能外推PEG|7月29日EX99.1季度及全年结果
GRAB|2026-06-30|2026Q2，IFRS/adjusted|收入US$997m、同比22%；营业利润US$19m；adjusted EBITDA US$168m；OCF US$56m；TTM adjusted FCF US$450m|EBITDA、季度OCF与TTM adjusted FCF不可混作同一盈利口径|8月4日EX99.1结果与现金流
SE|2026-06-30|2026Q2，US GAAP/adjusted|GAAP收入约US$7.8bn、同比48.1%；毛利US$3.5bn；净利US$458.1m、同比10.6%；adjusted EBITDA US$917.2m|营收增速显著快于净利；Shopee补贴与Monee信用损失必须分部检验|8月11日EX99.1摘要及分部表
MELI|2026-06-30|2026Q2，US GAAP|收入及金融收入US$10,169m、同比50%/FX中性43%；营业利润US$683m、同比−17%；利润率6.7%，同比降550bp|量增与利润率下滑同时存在；信贷增长不等于净现金增加，不能按营收50%推EPS|8月5日EX99.1股东信经营评述
NU|2026-06-30|2026Q2，IFRS及管理层补充口径|客户139m；gross收入约US$5.9bn、同比39%；净利约US$1.1bn；NIM22.9%；效率比19.5%|NIM高受无抵押信贷结构影响；风险调整NIM、信用损失与资本约束优先|8月13日公司原网页结果说明
CPNG|2026-06-30|2026Q2，US GAAP|收入约US$8.9bn；营业亏损US$556m，包括韩国行政罚款约US$410m；剔罚款仍亏US$146m；EPS−US$0.32；TTM FCF US$105m|处罚一次性不等于亏损完全一次性；剔除后营业仍亏，旧盈利估值撤回|8月4日EX99.1摘要与罚款桥接
INFY|2026-06-30|FY2027Q1，IFRS美元合并口径|收入US$5,082m；同比恒汇率2.4%；营业利润率21.1%；FCF US$0.96bn；AI收入占8.2%；FY27恒汇率收入指引1.5%–3.0%|附件标成CHARTER/BYLAWS只是接口标签，原件实际为结果；不能用印度单体报表替代美元合并数据|7月23日6-K Exhibit99.2 IFRS USD Press Release
HDB|2026-06-30|FY2027Q1，印度准则；单体/合并分列|单体税后净利INR19,059.72 crore；公司申报同时附单体与合并审阅结果|crore=千万卢比；合并/单体和拆股/ADS变化待桥接，不能直接按普通股EPS除美股价|7月20日EX99单体结果及合并附表
IBN|2026-06-30|FY2027Q1，印度准则；单体/合并分列|截至6月季度单体净利INR14,804.50 crore；合并扣少数股东后净利INR15,440.06 crore；单体总收入INR54,246.84 crore，合并INR79,689.22 crore；crore=千万卢比|全年报告不能冒充Q1；NPA、信用成本及普通股资本需要独立校验|SEC 000095010326011002 dp250269_6k，单体表行86–267及合并表1050–1278
VALE|2026-06-30|2026Q2及H1，IFRS；8月修订版|已取8月24日6-K/A，正文为截至6月的合并报表；暂定价应收重估使H1净营收增加US$91m|修订版优先于原版；矿价与暂定价格重估、尾矿赔偿现金分开，不套成长PEG|8月24日6-K/A Note7/10及风险
PBR|2026-06-30|2026Q2及H1，IFRS/adjusted|原件Q2财务展示分列净利、剔一次性净利、adjusted EBITDA和经营现金；公司披露当季资本投入约US$5.3bn|国有控股分红约束与资本开支独立检验；PBR普通股ADS不得混用PBRA优先股|8月7日6-K结果展示及公司季度说明
ITUB|2026-06-30|2026Q2及H1，BRGAAP/IFRS/managerial|Q2 recurring managerial净利BRL12,407m，Q1 BRL12,282m、上年Q2 BRL11,508m；managerial收入BRL47,985m；recurring每股盈利BRL1.13与net income每股BRL1.11分列；非IFRS统一口径|不是8月6日基于2025年末的Reference Form；recurring ROE须对上普通股口径与资本|8月7日EX99.1 MD&A摘要及managerial reconciliation
STNE|2026-06-30|2026Q2及H1，IFRS持续/终止经营|H1持续经营净利BRL2,230.216m，含递延所得税收益BRL1,558.885m；Q2持续经营净利BRL449.939m；终止经营另列|H1税收益不能当Q2经营增长；软件处置后盈利和share count需正常化|8月13日EX99.1合并损益表及Note8/20
PAGS|2026-06-30|2026Q2，IFRS/non-GAAP|GAAP净利BRL549m、同比2.3%；non-GAAP BRL576m、同比1.9%；TPV同比3%；银行Cash-In BRL97bn、同比23.4%|支付TPV和银行入金非营收；EPS增长受回购影响需查分母|8月11日6-K摘要和财务表
SKHY|2026-06-30|2026Q2及H1，K-IFRS；7月上市后事项|Q2收入KRW79.3trn、同比257%；营业利润KRW60.5trn、营业利润率76%；1 ADS=0.1普通股；7月新增17.79m普通股对应177.9m ADS|ADS比为十分之一，不能倒置；财报期末股数尚未包含7月发行，必须摊薄；存储仍按周期研究|8月18日6-K经营回顾及Note32后续事项
SPCX|2026-06-30|2026Q2及H1，US GAAP/adjusted|Q2收入US$7,814m，Space962m/Connectivity4,291m/AI2,561m；营业亏US$143m；资本开支US$18,369m，其中AI US$15,828m；Starlink用户12m|上市主体含AI业务，不能只按火箭加Starlink估值；EBITDA不能替代巨额资本开支后的现金|8月4日EX99.1分部表及10-Q
BHP|2026-06-30|FY2026全年，IFRS|最新20-F截至6月全年；期末净债务US$8.7bn；财报单列中周期现金、Jansen及Vicuña等长期项目|全年不是半年；合资权益及Jansen资本开支必须扣除，商品高盈利不线性延长|8月18日20-F经营回顾和集团报表
RIO|2026-06-30|2026H1，IFRS/underlying|OCF US$9.2bn、同比32%；FCF US$3.8bn、同比75%；中期普通股分红US$3.4bn；FCF定义自H1起纳入集团应占资本投资|分红接近半年FCF需全年压力检验；更新后的FCF定义需重列可比，避免误判跳升|7月29日EX99.1摘要及FCF定义
UL|2026-06-30|2026H1，IFRS/underlying持续经营|underlying营业利润€5.2bn、同比0.9%；margin20.3%；毛利率46.8%；underlying EPS+2.4%，diluted EPS−2.5%|分拆后持续经营可比与量价先校验；毛利率下降70bp不能被提价叙事掩盖|7月28日6-K结果摘要及毛利说明
DEO|2026-06-30|FY2026全年，IFRS/例外前口径|净销售US$19,643m、同比−3%；有机销售−2%；reported营业利润US$3,156m、同比−27.2%；例外前US$5,683m；销量−0.4%|FY2026全年截至6月；库存、减值/例外与净债务优先，不能按成本修复套成长PEG|8月6日6-K全年初步结果
BTI|2026-06-30|2026H1，IFRS/adjusted|收入增长1.4%/恒汇率2.9%；新品类收入增长18%；reported摊薄EPS145.3便士、下降28.6%；adjusted恒汇率EPS+7.9%|EPS普通股便士与每ADS美元不同；reported下降和adjusted增长不能择一删去|7月30日公司H1公告p1及定义
ONC|2026-06-30|2026Q2及H1，US GAAP|Q2收入US$1,705.071m；净利US$237.007m；摊薄EPS US$0.16普通股/US$2.05每ADS；1 ADS=13普通股；7月末普通股1,478.124m|旧称持续亏损撤回；产品DCF和管线rNPV仍需区分，EPS必须按ADS单位核实|8月5日10-Q封面、损益及Note12
