file,bytes,first_date,last_date,sha256
allocation.py,2110,,,35941398384aae12d2e1fd28460fba110ebd71a3724af9b9d5e0b651ed189192
best_days.py,1990,,,8278c0b6b10b887df8b59bbbc54ec96f5194e106d5ff0aa60df46603b7c1e758
fetch.py,910,,,d2de6b8cdc5311e00644429bf2b883111a2bde9f457eded3494126476c710a22
hkHSTECH.csv,30331,2020-07-27,2026-10-02,a14e1d2b9736ed8fbf00d801749d41373d4d15dfc1125783a767834f87a1a6e5
hold_sell.py,1582,,,ee491fe35d7b5f37d15c5ecf542e6f52ed5fc5d5f018b8c6ce36765309a913dd
holding.py,906,,,69ca981d6913adc242d30e570a04fc976a21b31f6c40063471ffcd89a70e8c30
pe_decomp.py,853,,,c0e2c901373ccb8d4a75f9ffca4e1a030ad21bc7182056e6abda35dc668f40e2
rebalance.py,2509,,,62d08c8239a1d4f49a470555a67548878c1b7997ed3fdbea151987342cf47071
ref_plan.py,3456,,,15e805b6c7d89efd3d7daef96763f65e56eff2387d4550a52cf12b8d621cc577
rolling.py,1946,,,927d7fbdd551121e04efec4900648c667cce3aae51568648818b365fadcaaf77
sh000012.csv,86319,2008-01-02,2026-09-30,3be526b085ca1fcdd4f61cd46fc30625cc81667eec887f6aa1b71ad61a630e20
sh000300.csv,90876,2008-01-02,2026-09-30,d5a01b2ee8d2db6e50cbc479af81ebdfb7ff1e3de86cb8a2530e653894be92de
sh000905.csv,90844,2008-01-02,2026-09-30,385422b37f1132eb5e7019bd55247190b3976873bd076794083c0c0831ef8d56
sh000922.csv,88016,2008-07-31,2026-09-30,d8faca644ca7309b6fd650e245dc2f164eea203a7534c8021a287552ab37b13e
sh518880.csv,57373,2013-07-29,2026-09-30,cc89c02643133bb917471656ac7bdc547c9e3c41ec26b33513be0bde23eed06f
sh600036_raw.csv,20508,2022-01-04,2026-09-30,c5740effd9a12ea174cbff12c2b66c79910845209b590e6246dd6914fd43b3e4
sh600519_raw.csv,27138,2021-01-04,2026-09-30,2a195cf586fac4cb42dfae70e6bce6eb35dc59a1d6caf5b21721a32ba5eb7f7b
shortterm.py,1069,,,1f6b9de575cd6a0312802523a898c764c5ac069907123044f8c8efded7b82056
sz000333_raw.csv,20470,2022-01-04,2026-09-30,76c754d2255967468f17f173f1ec2529f284b506d4d7eee4cb78fc5f7024758d
sz399006.csv,78418,2010-06-02,2026-09-30,edfdb874263df94e26b6d2d4aa3df011baff58ad3ef5aa1c59d7903cca6d7158
trend_dca.py,3923,,,a145adf91580d53fed5ed1d4441bffdaca7f2f51d189134808a3510b0e7bb908
us_INX.csv,93697,2008-01-02,2026-10-02,998e482ba4368dbb4b5b38fcfb4b359f6d20f63e3894ad0d378bd2e9c6151079
us_NDX.csv,85232,2010-01-04,2026-10-02,2e24355abba7f20e6c690d2e2de846847d1dd1e85597ec77bd89626566913ae5
yearly.py,1103,,,2071ee7c7eb7b4c1abd20f32537143939915ff1fb27fa0885b5f3438fdef3654
口径对照.py,1893,,,3cb1a1b30065664a539d661eeeb8d6956f1213b7620e28437080515e7f39b7d4
第五轮算式复核.py,3220,,,92e3aa9d3958c6ba630137cb2b0a1edbb160e5c09fc858982a34bd176b7afa01
第四轮算式复核.py,3790,,,4635aee2b5ffe6505bb69b445a2f113a44aae6894c401b78face090164f8be16
跨周期压力检查.py,3204,,,3f2c8fbbc01b0ad0aece1da201048e28394a76bd0409c5f5053c7ca3c45800fc
