分类,批次,代码,公司,评级,研究优先级（非投资排名）,H1营收亿元,H1归母亿元,H1扣非亿元,H1OCF亿元,H1资本开支亿元,H1简式FCF亿元,报价日期,参考价,PE初稿Bear,PE初稿Base,PE初稿Bull,初稿赔率,认证,原件
化工,1,600426,华鲁恒升,观察,A,171.6249,23.5296,23.4618,26.9202,16.5642,10.3559,20260930161436,19.43,11.7821,18.4004,28.5097,,False,https://static.cninfo.com.cn/finalpage/2026-08-20/1225481540.PDF
化工,1,600486,扬农化工,观察,A,66.0588,7.8984,7.8755,14.3877,3.1034,11.2843,20260930161444,51.18,29.6947,51.4709,79.186,0.013538923561563724,False,https://static.cninfo.com.cn/finalpage/2026-08-25/1225497232.PDF
化工,1,600989,宝丰能源,观察,A,301.9758,97.2782,92.0989,119.6434,46.0299,73.6135,20260930161446,22.46,15.2727,24.5454,38.9999,0.29014471204136966,False,https://static.cninfo.com.cn/finalpage/2026-08-13/1225470232.PDF
化工,1,000792,盐湖股份,观察,A,130.5217,61.6854,60.0055,62.822,6.3032,56.5189,20260930161415,23.83,12.0947,22.8665,37.04,,False,https://static.cninfo.com.cn/finalpage/2026-08-26/1225504163.PDF
化工,1,600096,云天化,观察,B,228.2098,29.3444,28.7436,29.4454,8.8458,20.5995,20260930161442,27.86,16.1273,26.6595,43.4451,,False,https://static.cninfo.com.cn/finalpage/2026-08-18/1225477781.PDF
化工,2,600309,万华化学,观察,A,1193.1586,100.6296,96.7629,117.8414,107.3989,10.4425,20260930161447,68.9,43.1245,72.8325,114.9986,0.15256639000912608,False,https://static.cninfo.com.cn/finalpage/2026-08-25/1225497598.PDF
化工,2,000408,藏格矿业,观察,B,20.6488,36.3808,37.0569,9.8416,0.8833,8.9583,20260930161430,70.66,34.4187,61.1888,95.6075,,False,https://static.cninfo.com.cn/finalpage/2026-08-11/1225466934.PDF
化工,2,002064,华峰化学,观察,B,141.6663,19.8279,19.7277,13.729,6.5587,7.1704,20260930161430,9.65,4.7153,8.7052,13.9042,,False,https://static.cninfo.com.cn/finalpage/2026-08-01/1225450794.PDF
化工,2,600160,巨化股份,观察,A,133.4013,26.5025,26.2735,23.3055,42.6548,-19.3494,20260930161451,33.13,18.1499,32.003,52.8198,,False,https://static.cninfo.com.cn/finalpage/2026-08-26/1225505439.PDF
化工,3,002493,荣盛石化,观察,B,1294.0671,51.1065,53.4353,212.5408,203.3411,9.1996,20260930161445,13.33,6.607,12.7635,23.0243,,False,https://static.cninfo.com.cn/finalpage/2026-08-25/1225495697.PDF
化工,3,600346,恒力石化,观察,B,982.2149,72.0575,53.3568,34.9989,21.535,13.4639,20260930161445,16.07,7.9556,14.8456,26.6369,,False,https://static.cninfo.com.cn/finalpage/2026-08-20/1225482020.PDF
化工,3,000301,东方盛虹,观察,B,699.2439,45.0015,43.155,181.3533,32.2539,149.0994,20260930161451,12.89,6.8066,13.7645,24.5038,0.14374410466597712,False,https://static.cninfo.com.cn/finalpage/2026-08-29/1225526408.PDF
化工,3,000703,恒逸石化,观察,B,673.0931,59.0167,58.8608,-4.8795,31.9366,-36.8161,20260930161421,15.63,6.81,14.7145,25.5376,,False,https://static.cninfo.com.cn/finalpage/2026-08-11/1225467438.PDF
化工,4,000422,湖北宜化,观察,C,133.9192,3.1933,2.3581,15.5741,23.3832,-7.809,20260930161445,11.52,3.864,8.0961,14.7201,,False,https://static.cninfo.com.cn/finalpage/2026-08-12/1225468006.PDF
化工,4,600596,新安股份,观察,C,85.6264,2.5421,2.106,1.5436,2.2066,-0.663,20260930161452,10.59,4.0012,8.3358,15.412,,False,https://static.cninfo.com.cn/finalpage/2026-08-25/1225497452.PDF
化工,4,002466,天齐锂业,观察,B,122.4224,42.4202,41.9966,22.1207,10.8043,11.3164,20260930161430,40.25,21.0145,42.0289,79.388,0.09248211213686132,False,https://static.cninfo.com.cn/finalpage/2026-08-28/1225522275.PDF
化工,4,002460,赣锋锂业,观察,B,230.9695,42.5716,38.4823,13.2825,18.0064,-4.7239,20260930161424,43.43,19.0776,41.3985,77.2645,,False,https://static.cninfo.com.cn/finalpage/2026-08-29/1225528828.PDF
化工,5,603260,合盛硅业,观察,C,101.6044,3.2449,-0.3022,26.3516,4.5655,21.7861,20260930161438,31.55,[MISSING],[MISSING],[MISSING],[MISSING],False,https://static.cninfo.com.cn/finalpage/2026-08-26/1225505539.PDF
化工,5,002597,金禾实业,观察,B,30.3714,2.5567,2.3658,4.3937,3.3847,1.009,20260930161409,21.23,9.2378,17.5957,32.0242,,False,https://static.cninfo.com.cn/finalpage/2026-08-29/1225524510.PDF
化工,5,002068,黑猫股份,观察,C,44.2523,-1.0637,-1.1156,0.6339,1.0363,-0.4025,20260930161436,8.97,[MISSING],[MISSING],[MISSING],[MISSING],False,https://static.cninfo.com.cn/finalpage/2026-08-26/1225502149.PDF
高盛增持,1,603929,亚翔集成,观察,A,25.4773,4.9042,4.9023,-1.3097,0.0316,-1.3413,20260930161452,139.46,54.8369,101.2373,168.7289,,False,https://static.cninfo.com.cn/finalpage/2026-07-31/1225448580.PDF
高盛增持,1,000426,兴业银锡,观察,A,42.817,22.6306,18.1609,21.1277,4.0346,17.093,20260930161430,31.5,16.8954,30.6369,53.2204,,False,https://static.cninfo.com.cn/finalpage/2026-08-29/1225528891.PDF
高盛增持,1,688372,伟测科技,观察,B,10.7186,1.5931,1.4575,5.4749,17.3512,-11.8763,20260930161447,99.85,36.4505,71.9541,127.8133,,False,https://static.cninfo.com.cn/finalpage/2026-08-29/1225529185.PDF
高盛增持,1,688110,东芯股份,观察,B,14.9696,0.0,6.364,5.7249,0.2436,5.4812,20260930161453,113.81,39.559,90.4205,189.8831,,False,https://static.cninfo.com.cn/finalpage/2026-08-22/1225493285.PDF
高盛增持,2,300655,晶瑞电材,观察,C,9.491,0.4915,0.4462,0.4291,1.2008,-0.7718,20260930161439,12.32,2.3965,5.7694,12.7815,,False,https://static.cninfo.com.cn/finalpage/2026-08-27/1225510303.PDF
高盛增持,2,002585,双星新材,观察,C,27.2854,0.4577,0.0586,5.8103,0.2248,5.5855,20260930161412,10.35,1.0514,4.2056,11.1712,,False,https://static.cninfo.com.cn/finalpage/2026-08-25/1225499469.PDF
高盛增持,2,603690,至纯科技,观察,C,10.1975,-2.8673,-2.9115,1.7189,1.3718,0.3472,20260930161457,22.22,[MISSING],[MISSING],[MISSING],[MISSING],False,https://static.cninfo.com.cn/finalpage/2026-08-25/1225498634.PDF
