600426|煤制合成气与新材料精细化工|-|-|36,46,56|9,11,14|5|A|尿素、DMF、醋酸及有机胺、新材料与精细化学品|煤气化平台能效与单吨成本控制行业标杆，荆州二期有序投产扩大合成气平台规模|煤化工受煤炭与天然气价差波动影响，部分产品如DMF和尿素面临国内新增产能压力|荆州基地二期爬坡进度、DMF与醋酸价差以及单季经营现金流持续性|保留：低负债与煤化工成本壁垒定位。调整：财务数据更新为2026H1原件（收入171.6亿，扣非23.5亿，FCF 10.4亿）。撤回：旧未认证买入区间与固定评级
600486|拟除虫菊酯农药与精细化工|-|-|12,16,20|10,13,16|5|A|杀虫剂、除草剂、杀菌剂、优嘉植保精细化工|先正达旗下农药创制与核心原药平台，拟除虫菊酯全球龙头，辽宁葫芦岛项目梯次落地|全球农药渠道库存去化节奏扰动产品ASP，海外农化需求复苏斜率存在不确定性|原药出口价格企稳信号、辽宁葫芦岛一期产能稼动率及毛利率回升|保留：先正达农药渠道与现金流稳健定位。调整：财务更新至2026H1（收入66.1亿，扣非7.88亿，简式FCF 11.3亿）。撤回：旧机械买入点
600989|现代煤化工煤制烯烃与绿氢耦合|-|-|140,180,220|8,10,13|6|A|聚乙烯、聚丙烯、焦炭、煤制甲醇及EVA新材料|煤制烯烃单吨成本控制行业顶尖，内蒙400万吨级烯烃大项目投产显著放大规模效应与毛利率（43.6%）|在建工程规模庞大带来较高持续资本开支，流动比率偏低需维持充足授信与再融资能力|内蒙项目达产负荷与单吨烯烃成本、国际原油与动力煤价差、资本开支现金流匹配度|保留：煤制烯烃极低成本护城河。调整：财务更新为2026H1（收入302.0亿，扣非92.1亿，FCF 73.6亿）。撤回：旧固定买入评级
000792|察尔汗盐湖钾锂资源开采与综合利用|-|-|80,110,140|8,11,14|5|A|氯化钾、碳酸锂、盐湖资源综合开发|察尔汗盐湖核心开采权，氯化钾国内市占率绝对领先，中国五矿组建中国盐湖集团深化产业整合|碳酸锂价格中枢波动对锂盐利润贡献产生扰动，氯化钾受国家保供稳价政策约束|秋季钾肥集采定价、4万吨基础锂盐项目爬坡以及中国盐湖集团协同效应兑现|保留：钾锂资源垄断禀赋与超高毛利（71.4%）。调整：财务更新为2026H1（收入130.5亿，扣非60.0亿，FCF 56.5亿）。撤回：旧未核验区间
600096|磷矿采选、磷复肥与精细磷化工|-|-|42,54,66|7,9,12|4|B|磷铵（DAP/MAP）、复合肥、尿素、聚甲醛及磷酸铁|国内磷矿石自给率与磷肥产能第一梯队，拥有上游优质磷矿与合成氨资源完全自给优势|磷矿开采环保与安全监管趋严，磷酸铁等新能源材料产能过剩压制新业务盈利弹性|磷矿石外售价格与磷铵出口配额执行、主营毛利率与资产负债率去化节奏|保留：磷矿资源与低估值属性。调整：财务更新为2026H1（收入228.2亿，扣非28.7亿，FCF 20.6亿）。撤回：旧投资排名
600309|聚氨酯、石化与特种新材料一体化|-|-|150,190,240|9,12,15|6|A|聚氨酯（MDI/TDI）、石化、特种化学品及新材料|全球聚氨酯MDI绝对霸主与技术领航者，烟台、宁波、福建与匈牙利全球基地协同，精细化学品多元化推进|资产负债率抬升与高资本开支压制短期自由现金流转正幅度，石化大宗品利差周期承压|MDI全球供需格局与出口价差、烟台乙烯二期及福建基地投产进度、FCF与杠杆改善|保留：全球MDI绝对龙头地位。调整：财务更新为2026H1（收入1193.2亿，扣非96.8亿，简式FCF 10.4亿）。撤回：旧买入区间
000408|盐湖钾肥开发与铜矿投资收益|-|-|45,60,75|12,16,20|5|B|氯化钾、碳酸锂、巨龙铜业投资收益|察尔汗盐湖钾锂资源开采，参股巨龙铜业（持股30.78%）提供可观且持续扩产的投资收益现金流|主营营业收入体量较小（H1仅20.7亿），净利润对巨龙铜业投资收益依赖度超65%，经营现金对净利覆盖度低|巨龙铜业二期扩产分红节奏、碳酸锂生产单吨成本与实际回收率、实控人相关历史治理阴影消除|保留：巨龙铜业与盐湖资源重估逻辑。调整：财务更新为2026H1（收入20.7亿，扣非37.1亿，FCF 9.0亿）。撤回：旧C层评价
002064|氨纶、聚氨酯原液与己二酸链|-|-|26,36,46|9,12,15|4|B|氨纶纤维、聚氨酯原液、己二酸及热塑性弹性体|全球氨纶与聚氨酯原液双龙头，规模优势与一体化原料自给率保证行业最低生产成本线|氨纶全行业产能阶段性过剩导致产品价格低位震荡，行业全面出清与小产能淘汰尚需时间|氨纶与主要原料纯MDI/PTMEG价差走势、重庆基地产能利用率以及行业老旧产能退出进度|保留：氨纶与聚氨酯成本规模第一。调整：财务更新为2026H1（收入141.7亿，扣非19.7亿，FCF 7.2亿）。撤回：旧仅观察标签
600160|氟制冷剂配额与氟聚合物新材料|-|-|35,48,62|14,18,23|6|A|三/四代氟制冷剂、氟聚合物（PVDF/PTFE）、含氟精细化学品|三代制冷剂配额龙头（配额占比近40%），配额制强约束下制冷剂ASP与毛利进入长期上行周期|氟聚合物及基础化工板块受下游光伏/锂电需求景气波动扰动，在建工程资本开支大导致当期FCF为负|外贸与内销制冷剂长协价格变动、PVDF/PTFE产能稼动率、扩产资本开支峰值过后FCF转正节奏|保留：制冷剂配额与氟化工平台优势。调整：财务更新为2026H1（收入133.4亿，扣非26.3亿，简式FCF -19.4亿）。撤回：旧C层评档
002493|千万吨级大炼化与聚酯芳烃|-|-|60,85,115|11,15,20|4|B|炼油品、化工品（对二甲苯/PX等）、PTA与聚酯化纤|浙江石化4000万吨/年炼化一体化旗舰，沙特阿美战略入股深化原油供应链与化工技术合作|资产负债率高达74.48%，短期债务与财务费用压力沉重，炼化价差受国际地缘油价剧烈波动|浙石化芳烃与烯烃装置开工率、与沙特阿美后续合作落地、资产负债率与净借款压降进度|保留：大炼化龙头与芳烃成本优势。调整：财务更新为2026H1（收入1294.1亿，扣非53.4亿，FCF 9.2亿）。撤回：旧未认证高赔率
600346|炼化一体化与聚酯高功能新材料|-|-|70,95,125|8,11,15|5|B|炼化原油加工品、PTA、聚酯切片与涤纶长丝、功能性薄膜|2000万吨炼化一体化深加工能力，原油至PTA至高端功能性薄膜垂直一体化贯通，单厂能效突出|资产负债率超73%，大宗石化产品受国内需求端与油价双向挤压，毛利率中枢面临波动|煤化工副产物综合利用、康辉新材分拆/上市重组进展、单季经营现金流对到期负债覆盖|保留：一体化聚酯全产业链壁垒。调整：财务更新为2026H1（收入982.2亿，扣非53.4亿，FCF 13.5亿）。撤回：旧偏高收益率预期
000301|炼化一体化与光伏EVA/聚酯树脂|-|-|45,65,90|10,14,18|4|B|大炼化基础化学品、光伏级EVA树脂、超细纤维与涤纶长丝|1600万吨炼化一体化配套，光伏级EVA胶膜树脂国内核心产能，斯尔邦石化精细化延伸|光伏行业主产业链阶段性供需失衡导致EVA粒子价格大幅承压，高负债率下利息支出吞噬利润|光伏EVA粒子出货量与价差修复、连云港炼化装置负荷及经营净现金流对债务的持续覆盖|保留：EVA新材料与炼化协同定位。调整：财务更新为2026H1（收入699.2亿，扣非43.2亿，FCF 149.1亿）。撤回：旧粗糙估值
000703|文莱炼化与国内PTA/化纤龙头|-|-|35,55,75|8,11,14|3|B|文莱炼油与芳烃化工、PTA、涤纶长丝与短纤|布局文莱摩拉岛炼化项目享受海外区位与税收优势，国内PTA与涤纶长丝具备极大规模制造网络|2026H1经营活动现金流为负（-4.88亿），资本开支大导致FCF深度为负（-36.8亿），表观扣非激增但现金质量极弱|文莱二期投资节奏与融资安排、单季经营现金流能否转正、PTA加工差能否维持在盈利区间|保留：文莱海外基地与化纤规模优势。调整：财务更新为2026H1（收入673.1亿，扣非58.9亿，FCF -36.8亿）。撤回：旧乐观现金流判断
000422|煤磷盐协同化肥与氯碱化工|-|-|3.5,5.5,8|12,16,20|4|C|磷酸二铵、尿素、氯碱与季戊四醇、磷矿采选|老牌地方国企，具备磷矿、煤炭、原盐三大资源协同布局，搬迁改造后新装置能效显著提升|产品多为大宗周期初级品，价格弹性完全依赖化肥与纯碱大周期，H1扣非利润同比下滑25%|田家河新材料项目各装置达产率、磷矿石自给率提升进度以及化肥化销淡季控费能力|保留：区域磷煤资源一体化基础。调整：财务更新为2026H1（收入133.9亿，扣非2.36亿，FCF -7.8亿）。撤回：旧泛化评级
600596|有机硅单体与草甘膦循环经济|-|-|3,4.5,6.5|18,25,32|3|C|草甘膦及制剂、有机硅单体及下游深加工、工业硅采冶|“硅-磷”双轮驱动独特循环体系，氯元素与磷元素闭环循环降低副产物处理与原料单耗成本|有机硅行业全国性产能大幅过剩导致单体价格长期贴近成本线运行，整体ROE偏弱（H1不足2%）|有机硅单体行业开工率及价格回暖信号、草甘膦海外订单恢复情况、特种有机硅下游导入|保留：硅-磷循环经济成本协同特点。调整：财务更新为2026H1（收入85.6亿，扣非2.11亿，FCF -0.66亿）。撤回：旧定性观察
002466|格林布什锂辉石与高纯锂盐|-|-|40,60,85|9,12,16|5|B|锂矿开采与销售、工业级及电池级氢氧化锂/碳酸锂|控股全球储量最大且品位最高的格林布什锂辉石矿，锂精矿完全现金生产成本全球最低|锂行业处于深度供需再平衡期，SQM投资收益与所得税结算等海外政治/会计政策存在扰动风险|格林布什化学级锂精矿定价机制调整执行、海外SQM权益收益税务争议处置进展、国内工厂利用率|保留：全球顶级锂辉石资源垄断性。调整：财务更新为2026H1（收入122.4亿，扣非42.0亿，FCF 11.3亿）。撤回：旧机械周期底部判断
002460|锂资源全球开采与全谱系锂化工|-|-|40,62,90|10,14,18|5|B|锂化工产品、锂电池制造、锂矿资源与电池回收|全球品类最全的锂化合物供应商，海内外多元化布局硬岩锂、盐湖卤水、黏土锂及废旧电池回收网络|产业链一体化拉长导致库存管理与资产减值敞口增加，多元化资本开支持续消耗经营现金|海外阿根廷Cauchari-Olaroz等盐湖达产爬坡单吨成本、电池制造业务毛利及单季存货减值测试|保留：锂行业全谱系垂直一体化平台。调整：财务更新为2026H1（收入231.0亿，扣非38.5亿，FCF -4.7亿）。撤回：旧偏高弹性假设
603260|工业硅与有机硅煤电硅全产业链|-|-|—|—|0|C|工业硅、有机硅单体与硅橡胶/硅油、多晶硅及光伏电站|新疆煤电硅一体化布局，具备自备电厂与高品位硅石资源自供带来的极低电价和生产成本底座|扣非净利润仍处于微亏状态（-3000万元），资产负债率达62.5%且流动比率仅0.27，流动性与偿债压力沉重|工业硅行业落后产能出清进度、主营业务扣非连续两季转正证据、短期债务滚动与银行授信维持|保留：煤电硅规模与成本护城河。调整：扣非微亏不套PE；财务更新为2026H1（收入101.6亿，扣非-0.30亿，FCF 21.8亿）。撤回：旧估值
002597|三氯蔗糖与麦芽酚精细添加剂|-|-|3.5,5,7|15,20,26|4|B|食品添加剂（三氯蔗糖/安赛蜜/麦芽酚）、大宗化学品|全球代糖甜味剂龙头，三氯蔗糖、安赛蜜与麦芽酚产能全球第一，自主研发多步合成工艺成本壁垒极高|下游食品饮料消费需求复苏斜率平缓，竞争对手扩产导致三氯蔗糖价格仍在历史偏低分位磨底|三氯蔗糖行业开工率及价格提振持续性、定远二期精细化工新产品放量进度、扣非净利率回升|保留：全球代糖龙头深厚成本护城河。调整：财务更新为2026H1（收入30.4亿，扣非2.37亿，FCF 1.0亿）。撤回：旧估值溢价
002068|橡胶炭黑规模与新能源导电炭黑|-|-|—|—|0|C|橡胶用炭黑、特种炭黑、锂电池导电炭黑与煤焦油深加工|国内炭黑产销规模绝对第一，产能布局紧密贴合下游轮胎产业集群，具备副产尾气发电综合利用|主营扣非连续处于亏损状态（H1扣非-1.12亿），炭黑行业门槛低竞争激烈，导电炭黑国产化放量仍未弥补传统亏损|传统炭黑行业落后产能停产淘汰进度、导电炭黑在主流动力电池厂验证及规模化供货证据、扣非扭亏|保留：炭黑规模与导电炭黑期权。调整：扣非亏损不套PE；财务更新为2026H1（收入44.3亿，扣非-1.12亿，FCF -0.4亿）。撤回：旧结论
603929|半导体洁净室工程总包与机电|-|-|6.5,9,12|18,24,30|6|A|IC半导体洁净室、新型显示洁净室、机电系统集成|高端半导体洁净工程标杆，新加坡格芯等海外大单交付驱动H1归母暴增204.8%，在手未完工合同达78.98亿元|工程总包业务具有结算节点集中和应收账款占用特点，2026H1经营现金净流出1.31亿元，PB高达14.6倍|新加坡项目回款与后续二期订单定点、国内12英寸晶圆厂洁净工程中标份额、单季经营现金流转正|保留：海外晶圆洁净室技术与订单确定性。调整：财务更新为2026H1（收入25.5亿，扣非4.90亿，FCF -1.3亿）。撤回：旧未对冲盲目追高
000426|白银锡锑锌多金属资源采选|-|-|25,34,45|12,16,21|7|A|银金属、锡金属、锌铅铁多金属采选精矿|白银储量亚洲第一、锡金属国内前列，银漫矿业技改后综合回收率突破，高毛利资源禀赋强劲（毛利率超68%）|矿山采选受采矿权审批、安全环保检查及国际大宗金属（白银/锡）金融属性价格波动制约|银漫矿业二期扩产建设投产节点、白银及锡矿石出矿品位与综合回款率、单季经营现金流稳定性|保留：亚洲白银龙头稀缺资源壁垒。调整：财务更新为2026H1（收入42.8亿，扣非18.2亿，FCF 17.1亿）。撤回：旧粗放目标价
688372|集成电路第三方晶圆及成品测试|-|-|2.2,3.2,4.5|28,38,48|5|B|CP晶圆测试、FT成品测试、高端SoC与汽车电子测试|国内第三方独立芯片测试龙头，在先进制程算力芯片、5G射频及车规芯片测试设备规模与技术行业领先|测试设备重资本开支导致折旧压力沉重（H1购建资产达17.35亿），毛利率连续数季处于下行通道（滑至33%左右）|高端测试机台平均稼动率与测试单价、资本开支高峰后折旧占收入比例下降拐点、经营现金流转正弥补Capex|保留：独立测试龙头份额与客户绑定壁垒。调整：财务更新为2026H1（收入10.7亿，扣非1.46亿，FCF -11.9亿）。撤回：旧观察简单评级
688110|中小容量非易失性存储芯片设计|-|-|5,8,12|35,50,70|4|B|SLC NAND Flash、NOR Flash、DRAM及MCP存储集成|中小容量存储纯Fabless设计龙头，2026H1受益下游工控安防与消费存储补库周期业绩暴增扭亏，负债率仅9.8%且现金充裕|当前静态与TTM PE仍处87倍以上高位，存储行业具有典型高景气后去库降价周期特征，低成本晶圆库存消化后毛利面临回落|资本公积转增4.9股后股本摊薄计算、Q3/Q4存储产品合约价格走势、新产品工艺节点向先进制程迁移良率|保留：轻资产存储设计与周期弹性。调整：财务更新为2026H1（收入15.0亿，扣非6.36亿，FCF 5.5亿；拟转增4.9股）。撤回：旧周期单一标签
300655|微电子化学品与光刻胶高纯材料|-|-|0.6,1,1.6|45,65,90|4|C|超净高纯试剂、光刻胶及配套试剂、锂电池材料|湿电子化学品（高纯双氧水、硫酸）打入主流晶圆厂，紫外光刻胶（i-line/KrF）自主研发产线持续推进|归母扣非盈利体量仅数千万元，估值PE超100倍严重透支，光刻胶业务收入占比仅一成多无法支撑百倍估值|KrF光刻胶主流晶圆产线批量供货订单确认、电子级高纯硫酸产能利用率、主营净利率能否突破8%|保留：微电子化学品国产化验证壁垒。调整：财务更新为2026H1（收入9.5亿，扣非0.45亿，FCF -0.77亿）。撤回：旧估值透支泛评
002585|聚酯薄膜与功能性光学/离型膜|-|-|0.3,0.8,1.5|40,60,85|2|C|聚酯薄膜材料、光学薄膜、新能源及电子离型保护膜|国内聚酯薄膜产能规模庞大，覆盖基膜至涂布深加工全链条，经营性净现金流相对稳定|主营主导产品为常规薄膜导致行业严重同质化产能过剩，H1扣非利润仅600万元，与高算力AI关联度极低|高端光学基膜及MLCC离型膜客户批量供货证据、传统包装薄膜开工率与毛利率修复、扣非利润率回升|保留：薄膜产能规模与涂布工艺基础。调整：财务更新为2026H1（收入27.3亿，扣非仅0.06亿，FCF 5.6亿）。撤回：旧暂不简单归类
603690|高纯工艺系统与半导体湿法设备|-|-|—|—|0|C|高纯工艺工艺系统、半导体湿法清洗设备、光传感器件|高纯工艺系统国内老牌供应商，半导体湿法清洗设备打入国内头部先进制程晶圆制造客户产线|2026H1巨额亏损2.91亿元，资产负债率高达74.48%，商誉与应收账款规模庞大，多期经营与筹资现金流承压|下半年湿法设备大客户验收确收进度、扣非净利扭亏转正证据、债务重组与授信维持|保留：高纯系统与湿法设备技术积累。调整：亏损不套PE；财务更新为2026H1（收入10.2亿，扣非-2.91亿，FCF 0.35亿）。撤回：旧简单回避
