分类,代码,名称,评级,旧评级,扣非TTM PE,赔率,扣非同比%,营收同比%,毛利率%,资产负债率%,数据不稳定标记
信息技术,000021,深科技,观察,观察,45.1,不成立：现价 ≥ 基准价,58.7958121798,6.9616113171,18.8813270742,49.0702749186,
公用事业,000027,深圳能源,观察,观察,14.3,不成立：现价 ≥ 基准价,13.9145354413,2.8475873707,23.7328736997,60.9630187036,
可选消费,000034,神州数码,观察,观察,32.8,不成立：现价 ≥ 基准价,3.6130442987,21.4191704047,3.2482905946,79.5297300859,
信息技术,000050,深天马A,回避,回避,,[MISSING]：扣非 TTM 为负，不套 PE 情景，不给赔率,-250.7323790945,-4.4878070732,15.603862575,61.1170562749,TTM 与上年归母符号翻转
信息技术,000100,TCL科技,观察,观察,23.5,不成立：现价 ≥ 基准价,101.4377950427,3.5316618902,12.8680409448,65.0496143081,
公用事业,000155,川能动力,观察,观察,22.7,不成立：现价 ≥ 基准价,134.6743439368,124.7807166938,53.5602894858,49.9439957374,营收同比波动 >40–50%
可选消费,000333,美的集团,观察,观察,17.6,不成立：现价 ≥ 基准价,-25.3101544215,3.4561222865,25.2557645483,64.8900151015,
公用事业,000537,绿发电力,观察,观察,27.4,不成立：现价 ≥ 基准价,-52.4914133501,14.2183575817,41.7394419675,73.6434411585,
公用事业,000539,粤电力A,回避,观察,,[MISSING]：扣非 TTM 为负，不套 PE 情景，不给赔率,-2831.7813998693,13.7918963255,3.8058986338,77.5253428485,TTM 与上年扣非符号翻转
可选消费,000559,万向钱潮,观察,观察,40.2,不成立：现价 ≥ 基准价,-3.3166104561,-12.784368122,20.4597037656,66.5321773261,
公用事业,000591,太阳能,观察,观察,27.3,不成立：现价 ≥ 基准价,-34.4182046449,-11.919303385,45.4304113497,55.7781388455,
公用事业,000598,兴蓉环境,观察,条件关注,10.5,0.82:1,4.8393474775,4.668428225,45.4399351513,58.8815047331,
可选消费,000651,格力电器,条件关注,观察,8.1,1.12:1,-8.8892877461,-8.1402149704,28.8127471778,61.8370293793,
信息技术,000725,京东方A,观察,观察,42.8,不成立：现价 ≥ 基准价,31.8115723387,1.8307997684,15.0316321123,52.6919927581,
公用事业,000883,湖北能源,观察,观察,23.6,不成立：现价 ≥ 基准价,17.564579443,2.4023189442,29.8849252333,55.0870965784,
可选消费,000887,中鼎股份,观察,观察,21.8,不成立：现价 ≥ 基准价,3.3193031211,2.4809217738,24.3243693254,45.1998637561,
可选消费,000921,海信家电,观察,观察,18.9,不成立：现价 ≥ 基准价,-26.6923255969,-5.2178140071,20.5121545148,72.2126937877,
公用事业,000967,盈峰环境,观察,观察,42.8,不成立：现价 ≥ 基准价,26.3783724473,21.803341343,22.1738635477,49.6547874773,
信息技术,000988,华工科技,观察,观察,77.0,不成立：现价 ≥ 基准价,2.418987579,2.5266600598,20.5865449139,51.4292060922,
信息技术,000997,新 大 陆,观察,优先关注,18.9,1.64:1,-2.5740873643,40.2401637922,28.1837361762,48.9624184762,
可选消费,001221,悍高集团,观察,观察,18.3,不成立：现价 ≥ 基准价,6.8200734424,15.7404643334,35.8134442673,28.7453507383,
公用事业,001286,陕西能源,观察,条件关注,11.7,不成立：现价 ≥ 基准价,0.5433086789,8.5849112936,37.693357312,55.4606521149,
信息技术,001309,德明利,观察,观察,12.0,不成立：现价 ≥ 基准价,4975.9698269576,311.5455913213,47.1244497902,70.3420446792,营收同比波动 >40–50%
信息技术,001389,广合科技,观察,观察,57.6,不成立：现价 ≥ 基准价,96.7114910768,80.9775863738,39.2728845228,38.6043841156,营收同比波动 >40–50%
可选消费,002032,苏泊尔,观察,观察,17.2,不成立：现价 ≥ 基准价,-7.4221384824,-0.5901168558,24.2388388443,60.4680732384,
信息技术,002049,紫光国微,观察,观察,38.3,0.20:1,8.3527921815,13.0004772994,53.5936044277,25.644512278,
信息技术,002065,东华软件,观察,观察,54.0,不成立：现价 ≥ 基准价,13.969942564,-6.2727644717,21.16523977,46.8014353685,
可选消费,002085,万丰奥威,观察,观察,24.4,不成立：现价 ≥ 基准价,-16.9932163842,-0.1761008452,16.3553946329,55.2015496748,
信息技术,002130,沃尔核材,条件关注,条件关注,19.9,1.16:1,2.455526542,17.941061205,29.4118888267,38.9921763873,
信息技术,002138,顺络电子,观察,观察,41.0,不成立：现价 ≥ 基准价,-6.2121390698,19.6724390978,33.588309397,49.0561458127,
信息技术,002152,广电运通,观察,观察,29.2,不成立：现价 ≥ 基准价,-6.2149464527,-2.8575201412,28.8814830065,44.1446057881,
信息技术,002153,石基信息,回避,回避,,[MISSING]：扣非 TTM 为负，不套 PE 情景，不给赔率,17.9486473417,1.5639430749,48.4211664014,17.6060848414,
信息技术,002185,华天科技,观察,观察,119.3,不成立：现价 ≥ 基准价,3177.7820437642,35.0936216735,14.341802821,51.5070179156,
信息技术,002236,大华股份,观察,条件关注,17.4,5.35:1,8.2580290112,10.027874035,43.0578199109,28.0765666086,
信息技术,002241,歌尔股份,观察,条件关注,51.9,不成立：现价 ≥ 基准价,7.9560251103,6.6493551748,14.5163052612,60.2289271296,
信息技术,002261,拓维信息,回避,观察,,[MISSING]：扣非 TTM 为负，不套 PE 情景，不给赔率,-6.8707670375,0.3922742764,18.7210386387,35.6707578875,
可选消费,002265,建设工业,观察,观察,90.5,不成立：现价 ≥ 基准价,45.6519213777,40.2681547503,15.0800518071,54.4123390982,
信息技术,002273,水晶光电,观察,条件关注,31.8,不成立：现价 ≥ 基准价,5.026746567,15.1538759726,31.6761427245,24.1649090799,
信息技术,002371,北方华创,观察,观察,81.3,不成立：现价 ≥ 基准价,5.022908564,24.9038763686,40.0682862059,50.2588603079,
信息技术,002384,东山精密,观察,观察,109.9,不成立：现价 ≥ 基准价,277.5246248902,63.9481879305,20.1513507952,64.5077463282,营收同比波动 >40–50%
信息技术,002402,和而泰,观察,观察,33.1,不成立：现价 ≥ 基准价,-41.4246039862,4.3081508785,19.6773279697,49.9146367494,
信息技术,002409,雅克科技,观察,观察,60.1,不成立：现价 ≥ 基准价,0.6792692863,5.1243028951,29.8713460085,33.1572791267,
信息技术,002410,广联达,观察,观察,46.2,不成立：现价 ≥ 基准价,-19.7430689013,-6.4743652289,88.8165510961,35.3255849888,
信息技术,002415,海康威视,条件关注,条件关注,18.7,5.90:1,40.4982369201,11.9673178084,49.9672613158,32.3603045015,
可选消费,002429,兆驰股份,观察,观察,39.7,不成立：现价 ≥ 基准价,-39.3424140091,8.2169687086,13.8674339275,37.9139681544,
信息技术,002436,兴森科技,观察,观察,317.7,不成立：现价 ≥ 基准价,166.8967069349,17.8632006098,20.954878135,64.5528571221,
信息技术,002475,立讯精密,观察,条件关注,26.3,不成立：现价 ≥ 基准价,6.4728756512,40.1605518581,11.7785360877,67.4394845184,
可选消费,002508,老板电器,观察,观察,15.8,不成立：现价 ≥ 基准价,-21.774223279,-13.7847878153,50.537561594,29.4195851106,
信息技术,002600,领益智造,观察,观察,63.1,不成立：现价 ≥ 基准价,-35.828873969,6.4500736212,16.7260855622,51.0501481066,
公用事业,002608,江苏国信,观察,观察,9.4,0.49:1,-20.5622414082,12.8983233542,7.4354500752,49.8387814815,
信息技术,002841,视源股份,观察,观察,21.8,8.42:1,246.3405614881,36.1973177359,23.7073561971,51.4544740531,
信息技术,002916,深南电路,观察,观察,62.2,不成立：现价 ≥ 基准价,76.943010277,46.3282888807,31.0149106719,55.6651163417,
信息技术,002938,鹏鼎控股,观察,观察,56.2,不成立：现价 ≥ 基准价,-22.3099296636,5.141159863,23.9752902042,35.3436169552,
可选消费,002984,森麒麟,观察,观察,16.9,不成立：现价 ≥ 基准价,-39.6280073209,7.3332775642,19.5687126015,23.2913788825,
公用事业,003816,中国广核,观察,观察,23.5,不成立：现价 ≥ 基准价,-0.489316208,-2.7578083082,45.5425165845,68.2458985376,
信息技术,300033,同花顺,观察,条件关注,42.4,不成立：现价 ≥ 基准价,92.8946908386,48.6819017812,88.9710269795,46.3770982012,
可选消费,300100,双林股份,观察,观察,46.3,不成立：现价 ≥ 基准价,-68.3057395516,-15.7771477295,20.775758969,49.2854124987,
信息技术,300115,长盈精密,观察,观察,103.4,不成立：现价 ≥ 基准价,-95.1274610589,24.1827714175,16.8776264825,67.8883399945,
信息技术,300136,信维通信,观察,观察,74.1,不成立：现价 ≥ 基准价,22.0532002109,8.8809901026,19.9881827158,46.1507539475,
可选消费,300144,宋城演艺,观察,观察,20.3,0.18:1,-15.6293049797,-11.4261558156,60.5503716536,12.4879000718,
信息技术,300223,君正股份,观察,观察,50.6,不成立：现价 ≥ 基准价,624.7505016163,75.9477862057,51.7494396317,9.1765239803,营收同比波动 >40–50%
信息技术,300339,润和软件,观察,观察,238.1,不成立：现价 ≥ 基准价,-8.6148460877,7.5343046057,22.6614582609,38.4561250138,
信息技术,300373,扬杰科技,观察,观察,35.0,0.13:1,29.5825887722,30.6882430118,35.7189420547,40.6095745532,
信息技术,300383,光环新网,回避,回避,,[MISSING]：扣非 TTM 为负，不套 PE 情景，不给赔率,-78.6380150523,-10.3409626687,13.731307125,37.9150279407,
信息技术,300408,三环集团,观察,观察,78.3,不成立：现价 ≥ 基准价,69.6556588139,54.824030357,44.3196613034,20.3582833407,营收同比波动 >40–50%
可选消费,300432,富临精工,观察,观察,39.7,不成立：现价 ≥ 基准价,122.5302181514,90.0582207015,9.1442429862,72.9237866464,营收同比波动 >40–50%
信息技术,300433,蓝思科技,观察,观察,53.8,不成立：现价 ≥ 基准价,-70.4519830469,-12.4203656668,16.4258831472,37.5222295736,
信息技术,300454,深信服,观察,观察,79.9,不成立：现价 ≥ 基准价,169.2203235063,32.8482172817,60.8887581979,30.0663466328,
信息技术,300474,景嘉微,回避,回避,,[MISSING]：扣非 TTM 为负，不套 PE 情景，不给赔率,-20.7508042401,72.9550636314,55.4964806845,11.3905660515,营收同比波动 >40–50%
信息技术,300604,长川科技,观察,观察,85.3,不成立：现价 ≥ 基准价,158.1133373908,59.7153807171,55.482024293,52.7700484698,营收同比波动 >40–50%
信息技术,300623,捷捷微电,观察,观察,51.0,不成立：现价 ≥ 基准价,20.9283077082,32.0771545931,30.668922068,29.874655062,
信息技术,300661,圣邦股份,观察,观察,116.5,不成立：现价 ≥ 基准价,164.5569860334,42.7014387998,51.8393937396,16.6439804876,
信息技术,300666,江丰电子,观察,观察,157.4,不成立：现价 ≥ 基准价,17.1476869975,30.678380969,30.2055633279,51.6972110024,
信息技术,300679,电连技术,观察,观察,74.9,不成立：现价 ≥ 基准价,-14.6720186992,3.823175774,29.0622272011,33.2967181437,
信息技术,300735,光弘科技,观察,观察,69.3,不成立：现价 ≥ 基准价,-64.0615166912,34.7109392646,10.5630987166,42.9888023505,
信息技术,300803,指南针,观察,观察,215.8,不成立：现价 ≥ 基准价,63.3693681366,33.8195732585,87.1253332824,84.2209323632,
信息技术,300857,协创数据,观察,观察,48.0,不成立：现价 ≥ 基准价,339.9120701941,153.2889305482,25.1496776886,86.7889634551,营收同比波动 >40–50%
信息技术,300866,安克创新,观察,条件关注,27.7,不成立：现价 ≥ 基准价,49.6532642037,29.053508159,49.822729265,47.5785333483,
可选消费,300972,万辰集团,观察,条件关注,15.3,1.66:1,153.1724204456,54.2615886258,12.8454388593,62.193725637,营收同比波动 >40–50%
信息技术,301236,软通动力,回避,观察,,[MISSING]：扣非 TTM 为负，不套 PE 情景，不给赔率,-45.384697207,17.9102560727,9.6041917734,61.4563656617,TTM 与上年扣非符号翻转
信息技术,301269,华大九天,回避,观察,,[MISSING]：扣非 TTM 为负，不套 PE 情景，不给赔率,-249.838528061,12.9451498208,87.4827320964,14.9135401644,
信息技术,301308,江波龙,观察,观察,12.3,不成立：现价 ≥ 基准价,31096.3302660149,136.2610583659,58.9022844185,56.1264469246,营收同比波动 >40–50%
信息技术,301536,星宸科技,观察,观察,60.1,不成立：现价 ≥ 基准价,644.1430077436,89.4320468794,55.3621598071,44.0907966348,营收同比波动 >40–50%
信息技术,301606,绿联科技,观察,条件关注,24.6,不成立：现价 ≥ 基准价,62.5912955061,50.917613686,39.1794783486,29.6691797405,营收同比波动 >40–50%
信息技术,301611,珂玛科技,观察,观察,171.5,不成立：现价 ≥ 基准价,-43.4825122569,13.8002239754,45.5942749266,46.6102764681,
公用事业,600008,首创环保,观察,观察,13.0,不成立：现价 ≥ 基准价,-6.4987839755,-4.2514921341,38.308868491,62.9699104864,
公用事业,600011,华能国际,观察,观察,10.3,0.51:1,-31.4338485035,-4.5728479478,17.4204841577,65.8724380208,
公用事业,600021,上海电力,观察,观察,25.0,不成立：现价 ≥ 基准价,-59.4979046396,-11.8763016967,23.7863294632,69.7612943099,
公用事业,600023,浙能电力,观察,观察,13.3,不成立：现价 ≥ 基准价,-56.765873734,-8.1560394852,3.6342038123,44.7419660491,
公用事业,600025,华能水电,观察,观察,22.4,不成立：现价 ≥ 基准价,-6.2978682746,1.4544203223,57.1891827428,60.1577922024,
公用事业,600027,华电国际,观察,条件关注,11.5,0.09:1,-17.858855256,-9.4878166654,11.6989141213,60.6774189193,
公用事业,600032,浙江新能,观察,观察,55.9,不成立：现价 ≥ 基准价,-53.9044211142,-9.3608090355,34.4667732808,66.0648822967,
可选消费,600060,海信视像,观察,观察,17.8,不成立：现价 ≥ 基准价,16.2084286767,3.7066715876,17.3459572128,42.1117413928,
公用事业,600098,广州发展,观察,观察,17.7,不成立：现价 ≥ 基准价,51.5784407633,9.2279258081,7.2612708407,64.5447562308,
信息技术,600100,同方股份,回避,观察,,[MISSING]：扣非 TTM 为负，不套 PE 情景，不给赔率,-254.1098728529,-16.349244537,29.9820968595,58.5746389288,TTM 与上年扣非符号翻转
可选消费,600104,上汽集团,观察,观察,19.1,不成立：现价 ≥ 基准价,-15.8624741529,-0.3122073011,11.7205553659,61.946698249,
公用事业,600157,永泰能源,观察,观察,221.7,不成立：现价 ≥ 基准价,5.3847978448,-2.3271891675,19.9148551674,51.0927239741,
信息技术,600171,上海贝岭,观察,观察,92.2,不成立：现价 ≥ 基准价,-9.0567986444,19.2215414773,27.4748900732,14.5443798807,
可选消费,600177,雅戈尔,观察,观察,14.4,0.64:1,22.7464853968,0.7326059783,51.7455466047,39.2477370941,
信息技术,600183,生益科技,观察,观察,67.1,不成立：现价 ≥ 基准价,110.9915308411,50.0454791459,30.6922750301,50.328525573,营收同比波动 >40–50%
信息技术,600363,ST联光,观察,观察,15.1,4.38:1,-34.9741707205,-19.6376513132,16.060057913,41.9091420529,
可选消费,600398,海澜之家,观察,观察,13.6,0.33:1,-8.237680445,7.3811035049,45.9852959378,42.9634805936,
信息技术,600460,士兰微,观察,观察,136.9,不成立：现价 ≥ 基准价,0.6682595725,14.6179876256,18.5611580065,53.2816780504,
公用事业,600483,福能股份,条件关注,条件关注,10.5,1.60:1,-0.7893900192,2.958172986,27.8512126459,40.9451294527,
信息技术,600536,中国软件,回避,观察,,[MISSING]：扣非 TTM 为负，不套 PE 情景，不给赔率,66.6719499876,-20.0521392238,49.8306949367,40.7620969522,TTM 与上年归母符号翻转
信息技术,600563,法拉电子,观察,条件关注,22.6,0.63:1,3.0584685267,10.5786420456,33.0970403382,29.0169570739,
信息技术,600570,恒生电子,观察,观察,35.7,不成立：现价 ≥ 基准价,8.3701417071,-11.6483195947,69.3612592081,29.0852163617,
公用事业,600578,京能电力,观察,条件关注,9.9,0.37:1,1.1662519604,-3.5096978073,19.1332149104,64.2889909641,
信息技术,600584,长电科技,观察,观察,66.1,不成立：现价 ≥ 基准价,84.7340855458,4.9555934613,15.1490497017,46.2190697426,
信息技术,600588,用友网络,回避,回避,,[MISSING]：扣非 TTM 为负，不套 PE 情景，不给赔率,6.3373394589,4.0782715718,50.8911210426,60.9670200174,
信息技术,600601,方正科技,观察,观察,73.7,不成立：现价 ≥ 基准价,237.9194561455,72.8939532958,32.2297627888,53.5910134137,营收同比波动 >40–50%
公用事业,600642,申能股份,观察,观察,12.1,不成立：现价 ≥ 基准价,-1.1147713692,-1.8141609067,19.1847221818,56.1105214272,
可选消费,600655,豫园股份,回避,回避,,[MISSING]：扣非 TTM 为负，不套 PE 情景，不给赔率,131.0470115913,-10.9644585905,20.8211659079,69.7067543566,
可选消费,600660,福耀玻璃,观察,观察,16.8,不成立：现价 ≥ 基准价,-17.5817137937,2.4418488874,38.8449038986,48.3823336519,
公用事业,600674,川投能源,观察,观察,17.7,0.33:1,-5.411257188,-4.5332623609,48.368584199,35.0574673788,
可选消费,600690,海尔智家,观察,条件关注,11.7,不成立：现价 ≥ 基准价,-20.5398567506,-2.7981796409,27.2293255339,58.5217800319,
信息技术,600707,彩虹股份,回避,观察,,[MISSING]：扣非 TTM 为负，不套 PE 情景，不给赔率,-89.1812636122,-1.7849008615,16.1360556859,37.5179032417,TTM 与上年扣非符号翻转
可选消费,600741,华域汽车,观察,条件关注,8.1,40.56:1,-14.2942228908,-1.4313132149,11.9117354734,64.0966220434,
可选消费,600754,锦江酒店,条件关注,观察,17.0,4.78:1,45.1613924487,4.2109257437,36.9337768281,64.0270581083,
公用事业,600795,国电电力,观察,观察,15.2,不成立：现价 ≥ 基准价,-15.4115296788,1.7699058332,14.2151681713,73.0992177879,
公用事业,600803,新奥股份,观察,观察,15.9,不成立：现价 ≥ 基准价,-27.8593590131,-3.0355405967,13.78201016,54.2269398466,
信息技术,600845,宝信软件,观察,观察,41.6,不成立：现价 ≥ 基准价,0.5975627307,19.4534838685,29.7842731726,48.5996435494,
公用事业,600863,华能蒙电,观察,观察,20.6,不成立：现价 ≥ 基准价,-4.0830508392,-15.0441236106,22.9311479655,43.0861816999,
公用事业,600886,国投电力,观察,观察,17.3,0.63:1,-7.6678985874,-7.047750587,39.0526427507,61.2636976422,
公用事业,600900,长江电力,观察,观察,20.2,不成立：现价 ≥ 基准价,8.3686264131,3.3562259885,57.8922527476,59.3634606739,
公用事业,600905,三峡能源,观察,观察,92.3,不成立：现价 ≥ 基准价,-64.2791285861,-9.3597234535,35.6587701245,72.5132230125,
公用事业,600930,华电新能,观察,观察,33.3,不成立：现价 ≥ 基准价,-38.5911246579,8.3561963486,39.4383419927,71.2736387799,
公用事业,600995,南网储能,观察,观察,19.6,不成立：现价 ≥ 基准价,31.8501337155,24.8299503322,51.9531553713,53.7615124859,
公用事业,601016,节能风电,观察,观察,52.5,不成立：现价 ≥ 基准价,-41.1476290458,-10.4688394423,39.777653094,58.4683861091,
可选消费,601058,赛轮轮胎,观察,条件关注,11.8,0.02:1,12.7495856513,13.8760164156,26.9852581251,52.4557767195,
公用事业,601139,深圳燃气,观察,观察,11.3,0.55:1,22.9881789305,-4.1699540388,15.8346080408,58.6850966135,
可选消费,601238,广汽集团,回避,回避,,[MISSING]：扣非 TTM 为负，不套 PE 情景，不给赔率,-76.8644044665,9.1276971439,-1.1120450145,54.9755936902,
信息技术,601360,三六零,观察,观察,129.0,不成立：现价 ≥ 基准价,151.5613860454,9.0140371065,69.6623684542,22.8126672726,
可选消费,601799,星宇股份,观察,观察,13.0,0.56:1,-5.3525016863,1.8729257257,18.7609227525,39.0684147153,
可选消费,601888,中国中免,观察,观察,26.5,不成立：现价 ≥ 基准价,18.6143902814,-1.7603364128,33.9004557471,25.658843153,
可选消费,601966,玲珑轮胎,观察,观察,35.6,不成立：现价 ≥ 基准价,-99.2811975275,7.8005854383,15.7880991926,50.8468381349,
公用事业,601985,中国核电,观察,观察,26.2,不成立：现价 ≥ 基准价,-36.1820450465,-6.2848823048,36.4732695406,70.4526054554,
公用事业,601991,大唐发电,观察,条件关注,11.2,0.16:1,21.206693622,2.1427061621,19.2863798685,69.5169199397,
可选消费,603049,中策橡胶,观察,条件关注,9.2,1.07:1,5.7930738951,7.4098812239,20.8360611154,54.8749184401,
可选消费,603119,浙江荣泰,观察,观察,85.9,不成立：现价 ≥ 基准价,31.080086617,56.9259067795,36.5673857244,36.0874633475,营收同比波动 >40–50%
可选消费,603129,春风动力,观察,观察,26.2,不成立：现价 ≥ 基准价,10.4410147051,35.8243216024,27.2588539428,65.4493070215,
信息技术,603160,汇顶科技,观察,观察,40.8,不成立：现价 ≥ 基准价,-36.326835159,-8.3737853779,40.7387468554,11.8213402956,
信息技术,603175,超颖电子,回避,回避,,[MISSING]：扣非 TTM 为负，不套 PE 情景，不给赔率,-244.3123383605,33.2879043202,15.2075954551,75.609052765,TTM 与上年归母符号翻转;TTM 与上年扣非符号翻转
可选消费,603179,新泉股份,观察,观察,37.0,不成立：现价 ≥ 基准价,-1.1104722919,7.445266489,20.0822112039,60.5092814729,
信息技术,603290,斯达半导,观察,观察,119.6,不成立：现价 ≥ 基准价,-82.2929123784,-0.4060340699,20.5777103023,43.1335561531,
信息技术,603296,华勤技术,观察,条件关注,33.1,不成立：现价 ≥ 基准价,11.0421142333,11.6510732912,8.1324883909,76.0841454797,
信息技术,603341,龙旗科技,观察,观察,419.5,不成立：现价 ≥ 基准价,-156.5225028265,-6.260855841,9.6285013473,75.4277949079,
可选消费,603486,科沃斯,观察,观察,18.5,不成立：现价 ≥ 基准价,-6.3720743558,19.1843934239,48.5058317512,48.0167112919,
可选消费,603529,爱玛科技,观察,观察,14.1,0.18:1,-49.4482859515,-12.2100885296,17.4299664075,58.3753748696,
可选消费,603766,隆鑫通用,观察,观察,18.4,不成立：现价 ≥ 基准价,-5.0460123805,0.238821138,19.4807773911,46.9886090093,
可选消费,603786,科博达,观察,观察,23.0,不成立：现价 ≥ 基准价,-35.566510703,-5.6098566527,24.1965786481,32.163502854,
可选消费,603816,顾家家居,观察,观察,14.7,不成立：现价 ≥ 基准价,-14.5860135323,0.7548793261,32.4936425459,45.2556218246,
可选消费,603833,欧派家居,观察,观察,16.6,不成立：现价 ≥ 基准价,-61.7108661859,-27.7943219643,35.8715891719,42.2415391912,
信息技术,603893,瑞芯微,观察,观察,68.4,不成立：现价 ≥ 基准价,62.7697805164,40.6035594528,45.7909824874,25.2735849323,
信息技术,603920,世运电路,观察,观察,106.5,不成立：现价 ≥ 基准价,-85.3273115585,16.8440432291,13.5581053749,32.7445825389,
信息技术,603986,兆易创新,观察,观察,42.9,不成立：现价 ≥ 基准价,796.903764282,178.6722977786,63.1304509177,11.4652091084,营收同比波动 >40–50%
信息技术,605358,立昂微,回避,观察,,[MISSING]：扣非 TTM 为负，不套 PE 情景，不给赔率,123.1948311258,25.7225804429,13.4227966512,41.3269739325,TTM 与上年归母符号翻转
信息技术,688002,睿创微纳,观察,观察,41.2,不成立：现价 ≥ 基准价,275.3812264273,72.8372056797,57.7585549231,34.4984360036,营收同比波动 >40–50%
信息技术,688012,中微公司,观察,观察,143.0,不成立：现价 ≥ 基准价,108.3625336285,34.8886347323,39.7417373409,19.7333412944,
信息技术,688018,乐鑫科技,观察,观察,51.1,不成立：现价 ≥ 基准价,30.2568595499,18.8809951733,49.3178487103,10.2730835893,
信息技术,688036,传音控股,观察,条件关注,24.2,不成立：现价 ≥ 基准价,64.9783709582,21.8520586971,22.6316078301,57.4211123098,
信息技术,688037,芯源微,回避,观察,,[MISSING]：扣非 TTM 为负，不套 PE 情景，不给赔率,8.8709944156,26.4696339043,34.9317599188,53.6176505067,
信息技术,688072,拓荆科技,观察,观察,177.7,不成立：现价 ≥ 基准价,861.9194770285,49.060715147,41.0042896167,47.8530641247,
信息技术,688082,盛美上海,观察,观察,127.9,不成立：现价 ≥ 基准价,-15.313188513,13.8672209019,46.858347291,29.5539585733,
信息技术,688099,晶晨股份,观察,观察,47.2,不成立：现价 ≥ 基准价,22.5623981832,31.8596733481,38.7258453099,16.5459895634,
信息技术,688120,华海清科,观察,观察,110.6,不成立：现价 ≥ 基准价,12.0404650925,35.5771025806,42.9901302629,45.0728298366,
可选消费,688169,石头科技,观察,观察,22.1,不成立：现价 ≥ 基准价,60.7442220811,27.6013466735,43.2608063463,34.4618881731,
信息技术,688172,燕东微,回避,回避,,[MISSING]：扣非 TTM 为负，不套 PE 情景，不给赔率,-38.2632729019,48.4987783417,6.5416974432,35.9396253576,
信息技术,688200,华峰测控,观察,观察,134.2,不成立：现价 ≥ 基准价,39.0633317133,38.1713854799,74.7036894838,18.5066993373,
信息技术,688213,思特威,观察,观察,36.1,0.77:1,26.7388328196,21.4798765315,24.5744772273,50.8488145736,
信息技术,688220,翱捷科技,回避,回避,,[MISSING]：扣非 TTM 为负，不套 PE 情景，不给赔率,83.3174176933,29.1459093498,29.4343180254,25.0177968967,
信息技术,688234,天岳先进,回避,回避,,[MISSING]：扣非 TTM 为负，不套 PE 情景，不给赔率,-697.9984141197,15.0970720694,22.8636429627,29.07720593,
信息技术,688318,财富趋势,观察,观察,105.6,不成立：现价 ≥ 基准价,9.1788172492,-8.7180907599,67.7131632576,4.179530147,
信息技术,688322,奥比中光,观察,观察,546.7,不成立：现价 ≥ 基准价,-23.6719504556,0.490642501,48.5491663768,9.4987822592,
信息技术,688343,云天励飞,回避,回避,,[MISSING]：扣非 TTM 为负，不套 PE 情景，不给赔率,-34.8451757327,-1.5678724004,29.0468227017,29.8545485474,
信息技术,688347,华虹宏力,观察,观察,819.2,不成立：现价 ≥ 基准价,470.3417092489,19.4147741706,19.4457765387,36.6884259533,
信息技术,688361,中科飞测,回避,回避,,[MISSING]：扣非 TTM 为负，不套 PE 情景，不给赔率,-73.7947584073,34.0149019451,46.1209489286,38.8878219963,TTM 与上年归母符号翻转
信息技术,688385,复旦微电,观察,观察,124.4,不成立：现价 ≥ 基准价,125.8814804901,21.0263401039,56.9879500156,23.6522527623,
信息技术,688396,华润微,观察,观察,119.6,不成立：现价 ≥ 基准价,51.4806033996,17.4446353697,26.6194684868,18.1449562544,
信息技术,688469,芯联集成,回避,回避,,[MISSING]：扣非 TTM 为负，不套 PE 情景，不给赔率,87.840074235,30.5282184349,12.7146797377,46.8609081719,
信息技术,688475,萤石网络,观察,观察,34.1,不成立：现价 ≥ 基准价,34.3940031127,6.3521377609,50.2743800433,37.3637697505,
信息技术,688498,源杰科技,观察,观察,315.6,不成立：现价 ≥ 基准价,1033.7014123887,351.4010703617,80.4246767203,20.0637344763,营收同比波动 >40–50%
信息技术,688521,芯原股份,回避,回避,,[MISSING]：扣非 TTM 为负，不套 PE 情景，不给赔率,-73.6938051374,91.3678078628,31.3422029646,67.7115789152,营收同比波动 >40–50%
信息技术,688538,和辉光电,回避,回避,,[MISSING]：扣非 TTM 为负，不套 PE 情景，不给赔率,-7.0474263742,-2.953271383,-15.2835186331,73.2052195699,
信息技术,688561,奇安信,回避,回避,,[MISSING]：扣非 TTM 为负，不套 PE 情景，不给赔率,1.9423649824,-14.0946679779,50.9987392516,48.2198227019,
信息技术,688568,中科星图,回避,回避,,[MISSING]：扣非 TTM 为负，不套 PE 情景，不给赔率,-1545.6188333497,-61.8493700511,38.3644592815,47.3378212406,营收同比波动 >40–50%;TTM 与上年归母符号翻转
信息技术,688582,芯动联科,观察,观察,85.7,不成立：现价 ≥ 基准价,-82.3540217979,-38.1350873055,77.5343240338,2.5563226548,
信息技术,688608,恒玄科技,观察,观察,67.4,不成立：现价 ≥ 基准价,-46.9225020714,-30.2941207792,42.4663447962,6.4555105192,
信息技术,688615,合合信息,观察,条件关注,40.9,不成立：现价 ≥ 基准价,-1.43348037,22.2827166865,86.9547530603,23.8879194127,
信息技术,688692,达梦数据,观察,观察,39.0,不成立：现价 ≥ 基准价,10.9095011132,36.2713656369,95.3618273399,10.0780209338,
信息技术,688702,盛科通信,回避,回避,,[MISSING]：扣非 TTM 为负，不套 PE 情景，不给赔率,42.3317106835,32.0360407541,43.9686354656,10.0247380754,
信息技术,688709,成都华微,回避,回避,,[MISSING]：扣非 TTM 为负，不套 PE 情景，不给赔率,-705.8299515706,-29.5962669621,66.6620668825,29.6938907627,TTM 与上年归母符号翻转;TTM 与上年扣非符号翻转
信息技术,688728,格科微,回避,观察,,[MISSING]：扣非 TTM 为负，不套 PE 情景，不给赔率,-108.3105930576,14.2020715078,20.0227000686,69.1567557473,
信息技术,688981,中芯国际,观察,观察,183.9,不成立：现价 ≥ 基准价,57.2498653955,19.435688378,23.1558234006,33.8156967815,
原材料,000060,中金岭南,观察,观察,19.0,不成立：现价 ≥ 基准价,106.2473863941,35.6156388595,6.0215345735,60.357130699,
原材料,000629,钒钛股份,观察,观察,85.3,不成立：现价 ≥ 基准价,203.6793902739,17.4459822673,11.3727316526,13.3519723347,TTM 与上年归母符号翻转;TTM 与上年扣非符号翻转
原材料,000630,铜陵有色,观察,观察,15.1,0.04:1,119.4447536313,59.9535182188,9.2840039246,56.3091319659,营收同比波动 >40–50%
原材料,000657,中钨高新,观察,观察,44.8,不成立：现价 ≥ 基准价,324.1665322062,108.5138971279,30.3812154395,60.5003160597,营收同比波动 >40–50%
原材料,000683,博源化工,观察,观察,16.6,不成立：现价 ≥ 基准价,11.0287426618,1.9385397709,29.212699088,59.1747746338,
原材料,000708,中信特钢,观察,观察,11.0,0.51:1,6.1824133326,-1.9066663904,14.7679918177,56.7621382669,
原材料,000709,河钢股份,观察,观察,40.0,不成立：现价 ≥ 基准价,6.9499496894,-0.6482945627,8.9360231599,74.6579828849,
原材料,000737,北方铜业,观察,观察,15.2,不成立：现价 ≥ 基准价,189.6868121938,69.3345237831,12.7229193656,62.3553558352,营收同比波动 >40–50%
原材料,000807,云铝股份,观察,条件关注,8.4,1.58:1,176.5076378831,20.3001529579,31.8381408985,15.8049128114,
原材料,000825,太钢不锈,回避,回避,,[MISSING]：扣非 TTM 为负，不套 PE 情景，不给赔率,-68.3061950135,3.2025531896,1.638206933,44.4644421312,TTM 与上年归母符号翻转
原材料,000830,鲁西化工,观察,观察,23.0,不成立：现价 ≥ 基准价,34.2381102516,4.1565805286,14.758510891,44.1558992879,
原材料,000831,中国稀土,观察,观察,227.7,不成立：现价 ≥ 基准价,55.4943941265,-12.1896402618,22.4086494838,11.9020265326,
原材料,000878,云南铜业,观察,观察,26.6,不成立：现价 ≥ 基准价,52.9442558411,32.7620250205,5.5366398903,62.8196836063,
原材料,000893,亚钾国际,观察,观察,14.5,0.42:1,57.3153511004,51.5332946236,59.9159991778,30.9693534703,营收同比波动 >40–50%
原材料,000898,鞍钢股份,回避,回避,,[MISSING]：扣非 TTM 为负，不套 PE 情景，不给赔率,-75.9545085297,-5.5761240693,-1.7992898686,55.8289769634,
原材料,000932,华菱钢铁,观察,观察,24.1,不成立：现价 ≥ 基准价,-85.5297862773,-2.9947824834,7.1577193004,57.3664541144,
原材料,000959,首钢股份,观察,观察,32.7,不成立：现价 ≥ 基准价,-23.2439087531,-3.1769024691,5.3531069744,55.3043543192,
原材料,000960,锡业股份,观察,观察,16.4,0.96:1,49.2961675075,49.6824241355,11.2353292662,43.9166694878,
原材料,000975,山金国际,观察,观察,16.5,2.96:1,49.234311795,4.4711248177,42.5271551017,27.325861557,
原材料,001203,大中矿业,观察,观察,54.0,不成立：现价 ≥ 基准价,-26.1995430323,-9.8574013664,49.7211002809,60.6711881669,
原材料,001280,中国铀业,观察,观察,68.1,不成立：现价 ≥ 基准价,27.3025443313,10.8000411043,20.8312547265,45.2284215773,
原材料,002078,太阳纸业,条件关注,条件关注,11.6,1.83:1,9.6951672469,9.1487152797,15.6636061987,47.8532474316,
原材料,002155,湖南黄金,观察,观察,19.8,0.49:1,46.309277429,12.6336341891,5.6449621449,12.3971711625,
原材料,002203,海亮股份,观察,观察,98.2,不成立：现价 ≥ 基准价,-57.4858651446,9.8967616031,4.6888849478,63.8513702032,
原材料,002312,川发龙蟒,观察,观察,34.8,不成立：现价 ≥ 基准价,7.3637012002,14.815444398,14.5910005096,55.7369563582,
原材料,002318,久立特材,观察,观察,25.8,0.02:1,-80.0232963642,-36.3803890415,21.2342773154,37.700668425,
原材料,002407,多氟多,观察,观察,58.6,不成立：现价 ≥ 基准价,10407.5455187663,62.5493012967,21.5703403337,60.974320499,营收同比波动 >40–50%
原材料,002430,杭氧股份,观察,观察,24.9,0.35:1,15.8628922017,18.629686183,21.0378974263,52.9243571576,
原材料,002532,天山铝业,观察,条件关注,8.3,1.61:1,107.3672334797,14.2464397289,37.3641946865,38.0147308545,
原材料,002601,龙佰集团,观察,观察,58.9,不成立：现价 ≥ 基准价,-42.6673617325,8.0979421437,20.0452906677,55.5543497059,
原材料,002648,卫星化学,观察,条件关注,9.5,5.37:1,109.0094460931,30.9167563939,28.0936494598,51.0336209312,
原材料,002683,广东宏大,观察,观察,22.2,0.72:1,3.2804330494,10.7881478736,21.640386584,57.0819795616,
原材料,002738,中矿资源,观察,观察,20.8,0.12:1,14338.6944930655,12.0260226188,52.8953424443,36.1833759521,
原材料,002756,永兴材料,观察,观察,18.1,0.52:1,179.7708496285,37.6205515613,28.0905077056,13.1588526715,
原材料,002831,裕同科技,观察,观察,23.2,不成立：现价 ≥ 基准价,-1.5029570039,0.2274747794,25.0053974772,47.7159188391,
原材料,003022,联泓新科,观察,观察,42.7,不成立：现价 ≥ 基准价,165.9491693924,84.3071289737,23.8666692814,68.0674356974,营收同比波动 >40–50%
原材料,300395,菲利华,观察,观察,109.3,不成立：现价 ≥ 基准价,34.5670720687,44.0592363283,50.1135854681,20.9554552744,
原材料,300487,蓝晓科技,观察,观察,40.1,不成立：现价 ≥ 基准价,-5.203116466,10.4700247046,53.2784589284,31.6465326032,
原材料,300699,光威复材,观察,观察,38.8,不成立：现价 ≥ 基准价,-25.1833052608,9.8253673528,39.5331948551,40.5076373327,
原材料,301526,国际复材,观察,观察,164.8,不成立：现价 ≥ 基准价,168.8246839208,19.5238327937,27.5869595513,62.0832238532,
原材料,600010,包钢股份,观察,观察,128.4,不成立：现价 ≥ 基准价,316.3666266711,-10.5151522617,13.8850658864,58.4834407593,
原材料,600019,宝钢股份,观察,观察,13.3,0.01:1,-4.3680101287,6.1828212765,5.9913123878,39.0884942681,
原材料,600111,北方稀土,观察,观察,39.7,不成立：现价 ≥ 基准价,128.7949390608,36.747397269,15.0254626695,36.9776797652,
原材料,600126,杭钢股份,回避,观察,,[MISSING]：扣非 TTM 为负，不套 PE 情景，不给赔率,81.7219546349,-57.4904222751,3.8940825699,35.6726403141,营收同比波动 >40–50%
原材料,600141,兴发集团,观察,观察,19.7,不成立：现价 ≥ 基准价,30.9077384701,19.3705115609,16.4567096784,51.1666804607,
原材料,600143,金发科技,观察,观察,29.8,不成立：现价 ≥ 基准价,14.6852770939,7.8457081608,13.1165492149,67.4799815368,
原材料,600219,南山铝业,观察,条件关注,12.9,不成立：现价 ≥ 基准价,-16.171134449,7.5268313796,21.298204911,20.2639636825,
原材料,600282,南钢股份,观察,条件关注,11.5,0.34:1,-1.9700553297,7.5542142067,13.2275954016,58.077398989,
原材料,600295,鄂尔多斯,观察,观察,14.4,14.94:1,38.2858847606,5.8820324433,24.0524439343,43.6045542782,
原材料,600352,浙江龙盛,观察,观察,23.2,不成立：现价 ≥ 基准价,27.5056172904,12.1251204719,34.8827213914,58.3796164684,
原材料,600362,江西铜业,观察,条件关注,11.7,0.99:1,73.729279815,19.5346627106,5.8235527637,65.4755773974,
原材料,600378,昊华科技,观察,观察,31.3,不成立：现价 ≥ 基准价,43.0909887092,24.8663648028,24.5308067031,42.1326192905,
原材料,600489,中金黄金,观察,观察,14.9,10.28:1,45.9680360692,22.5680554876,20.6665566188,46.5783655841,
原材料,600497,驰宏锌锗,观察,观察,24.6,不成立：现价 ≥ 基准价,84.5299036985,30.7773007641,22.0383461988,25.9301818694,
原材料,600547,山东黄金,观察,观察,22.0,0.12:1,26.1409797269,-5.5986696921,24.4331757468,61.8958865684,
原材料,600549,厦门钨业,观察,观察,21.1,0.19:1,122.8072075704,81.6985110158,21.8280630899,59.1719150889,营收同比波动 >40–50%
原材料,600585,海螺水泥,观察,观察,17.5,不成立：现价 ≥ 基准价,-54.6908277727,-10.883753183,19.1287670185,20.0153607202,
原材料,600595,中孚实业,观察,条件关注,8.3,1.66:1,197.47708569,34.8459302154,21.6860462661,33.2595944343,
原材料,600711,盛屯矿业,观察,条件关注,9.6,不可计算：现价 ≤ 悲观价，需重检压力情景,64.6265906309,39.5572034727,22.8700584917,61.6947433313,
原材料,600801,华新建材,观察,观察,14.9,0.08:1,59.2699470057,21.5027309629,31.5538870315,52.9612533895,
原材料,600808,马钢股份,回避,回避,,[MISSING]：扣非 TTM 为负，不套 PE 情景，不给赔率,-105.8198320192,-2.234970168,4.8097328172,55.1233137147,
原材料,600988,赤峰黄金,观察,观察,20.4,0.56:1,56.3403321504,33.1130924648,57.546091123,29.621544471,
原材料,601112,振石股份,观察,观察,36.0,不成立：现价 ≥ 基准价,12.4356589726,16.7432343035,22.1462371803,48.1698102891,
原材料,601212,白银有色,回避,回避,,[MISSING]：扣非 TTM 为负，不套 PE 情景，不给赔率,615.5995078294,2.7483625775,10.5731692941,69.4592528858,
原材料,601216,君正集团,观察,观察,13.2,0.15:1,-9.4455029598,1.818933018,20.7095252322,35.4678667782,
原材料,601233,桐昆股份,观察,条件关注,11.9,0.93:1,280.0335627419,19.3644506715,10.0407188501,64.8590867934,
原材料,601600,中国铝业,观察,条件关注,8.9,1.09:1,67.8447973794,7.7352789894,26.9404981068,42.7614467281,
原材料,601899,紫金矿业,观察,条件关注,11.8,不可计算：现价 ≤ 悲观价，需重检压力情景,75.8916497625,15.7816890732,37.7472369593,49.5547199747,
原材料,601958,金钼股份,观察,观察,17.7,0.60:1,29.0698270112,13.7856977567,41.9557983224,11.5225867305,
原材料,603077,和邦生物,回避,回避,,[MISSING]：扣非 TTM 为负，不套 PE 情景，不给赔率,698.3273817697,-26.3438874264,28.8695483845,34.7360680876,
原材料,603225,新凤鸣,观察,观察,15.9,0.03:1,130.5063495648,21.5005034311,8.3933012121,66.9504630347,
原材料,603256,宏和科技,观察,观察,243.4,不成立：现价 ≥ 基准价,350.8792465362,90.3889432493,59.343007344,49.9487624568,营收同比波动 >40–50%
原材料,603379,三美股份,观察,观察,14.3,60.95:1,5.8300800284,20.7268901255,51.9584079873,19.4681502217,
原材料,603650,彤程新材,观察,观察,74.3,不成立：现价 ≥ 基准价,10.7719495091,29.0996907337,23.0521361505,54.7064739225,
原材料,603688,石英股份,观察,观察,358.8,不成立：现价 ≥ 基准价,-19.1405048993,6.0047263727,36.7494290619,5.5768978879,
原材料,603737,三棵树,观察,观察,42.3,不成立：现价 ≥ 基准价,-28.4104551591,3.8337363249,30.2697166657,75.3543770036,
原材料,603993,洛阳钼业,观察,条件关注,13.2,8.07:1,78.8867066245,42.7839090612,23.0090744347,52.1580032938,
原材料,605589,圣泉集团,观察,观察,33.6,不成立：现价 ≥ 基准价,-7.3478325087,13.7277672937,24.5925988002,41.2999559566,
原材料,688065,凯赛生物,观察,观察,50.4,不成立：现价 ≥ 基准价,10.8791688128,13.7309854214,35.7333406415,12.2873277371,
原材料,688122,西部超导,观察,观察,97.7,不成立：现价 ≥ 基准价,-68.4162786838,-4.0705441781,30.0934896071,51.7790732207,
通信服务,000063,中兴通讯,观察,观察,98.4,不成立：现价 ≥ 基准价,-45.8856940959,9.0459506411,25.4848414091,67.9383893915,
通信服务,000938,紫光股份,观察,观察,37.1,不成立：现价 ≥ 基准价,67.5945653045,33.9296150712,13.4056966831,81.7900487711,
通信服务,002027,分众传媒,观察,条件关注,26.8,不成立：现价 ≥ 基准价,-7.0614411674,-1.9792869063,70.5382202675,35.6421395047,
通信服务,002131,利欧股份,回避,回避,,[MISSING]：扣非 TTM 为负，不套 PE 情景，不给赔率,-166.6158897782,5.739831509,7.3007154472,37.1931719681,TTM 与上年归母符号翻转;TTM 与上年扣非符号翻转
通信服务,002195,岩山科技,观察,观察,427.4,不成立：现价 ≥ 基准价,-14.379653824,7.9666734179,30.0243615126,2.7104679123,
通信服务,002281,光迅科技,观察,观察,121.5,不成立：现价 ≥ 基准价,57.7745761291,26.068034387,25.5255594633,37.0237694405,
通信服务,002465,海格通信,回避,回避,,[MISSING]：扣非 TTM 为负，不套 PE 情景，不给赔率,-605.1172628981,-7.5133077132,25.276117421,45.0027896428,
通信服务,002517,恺英网络,观察,观察,16.5,0.40:1,24.3088732301,86.0574405848,76.8728249884,25.7650889557,营收同比波动 >40–50%
通信服务,002558,巨人网络,观察,观察,12.0,2.15:1,177.2307945128,182.0797292305,95.7899932646,17.0530558862,营收同比波动 >40–50%
通信服务,002583,海能达,观察,回避,42.7,不成立：现价 ≥ 基准价,19.7270046729,0.1061332429,52.8248443497,78.5423636796,
通信服务,002602,世纪华通,条件关注,优先关注,13.8,1.10:1,66.4002510025,28.5344886749,72.6872498602,26.2681516662,
通信服务,002624,完美世界,观察,观察,526.3,不成立：现价 ≥ 基准价,-166.2114283254,-25.4665312892,69.705639087,40.3135722099,
通信服务,002739,儒意电影,回避,回避,,[MISSING]：扣非 TTM 为负，不套 PE 情景，不给赔率,-159.439344004,-23.9162167146,20.5567055269,66.539320323,TTM 与上年归母符号翻转;TTM 与上年扣非符号翻转
通信服务,003031,中瓷电子,观察,观察,82.2,不成立：现价 ≥ 基准价,44.3079227879,54.762730201,32.0661051733,25.4896600591,营收同比波动 >40–50%
通信服务,300002,神州泰岳,观察,观察,22.2,不成立：现价 ≥ 基准价,-25.0781551293,20.453892238,43.8810017105,13.6882805385,
通信服务,300017,网宿科技,观察,观察,82.9,不成立：现价 ≥ 基准价,-7.8500060949,-1.3807909051,35.9188599151,11.7966990658,
通信服务,300058,蓝色光标,观察,观察,132.9,不成立：现价 ≥ 基准价,48.0534276928,6.8028619862,2.9290398345,72.9599005149,
通信服务,300251,光线传媒,回避,回避,,[MISSING]：扣非 TTM 为负，不套 PE 情景，不给赔率,-99.7891061914,-89.9976293665,39.5761754296,6.7271493012,营收同比波动 >40–50%;TTM 与上年归母符号翻转;TTM 与上年扣非符号翻转
通信服务,300413,芒果超媒,观察,观察,54.3,不成立：现价 ≥ 基准价,-70.3152913912,3.8583183251,20.0491580932,29.4136329047,
通信服务,300418,昆仑万维,回避,观察,,[MISSING]：扣非 TTM 为负，不套 PE 情景，不给赔率,46.7403446492,43.5498435095,65.5753851484,23.6297405346,TTM 与上年归母符号翻转
通信服务,300442,润泽科技,观察,观察,47.1,不成立：现价 ≥ 基准价,37.3394581985,50.0544593196,46.5807111487,64.9138601198,营收同比波动 >40–50%
通信服务,300548,长芯博创,观察,观察,136.4,不成立：现价 ≥ 基准价,94.4910605601,40.7201541506,48.8772595004,34.2206432211,
通信服务,300570,太辰光,观察,观察,174.3,不成立：现价 ≥ 基准价,-2.55339358,20.8130898986,34.8087299804,37.1782098658,
通信服务,300628,亿联网络,观察,优先关注,18.4,0.17:1,25.0365361356,26.3958025693,64.8810539173,9.729519998,
通信服务,301165,锐捷网络,观察,观察,124.6,不成立：现价 ≥ 基准价,56.5614511989,32.826807448,31.6135377812,62.9203298165,
通信服务,600050,中国联通,观察,条件关注,23.5,不成立：现价 ≥ 基准价,-36.6715332896,0.5801484613,23.8175790422,43.598336484,
通信服务,600105,永鼎股份,观察,观察,127.6,不成立：现价 ≥ 基准价,59.806539865,47.7515331414,27.8880348234,62.4326779984,
通信服务,600131,国网信通,观察,观察,29.6,0.30:1,11.1843013614,-2.5931101077,17.3312876493,46.7968880234,
通信服务,600498,烽火通信,观察,观察,161.9,不成立：现价 ≥ 基准价,-33.2095851659,11.3300147367,21.399646933,61.275714998,
通信服务,600522,中天科技,观察,观察,30.8,0.25:1,50.7218201974,31.0988765742,16.4798875779,40.8225735975,
通信服务,600602,云赛智联,观察,观察,127.8,不成立：现价 ≥ 基准价,15.9582356612,-7.9799978,16.2689628475,40.5727735144,
通信服务,600637,东方明珠,观察,观察,83.3,不成立：现价 ≥ 基准价,-14.3062977876,-10.7104159695,28.834959259,19.4400021885,
通信服务,600941,中国移动,观察,条件关注,17.4,不成立：现价 ≥ 基准价,-11.0162570503,-1.054491889,29.5120205935,32.7857501094,
通信服务,600977,中国电影,回避,观察,,[MISSING]：扣非 TTM 为负，不套 PE 情景，不给赔率,-0.6643082817,-11.9346171581,6.3997515572,38.4170196229,
通信服务,601019,山东出版,观察,观察,13.6,不成立：现价 ≥ 基准价,-4.0390006182,-8.0885663266,38.4126882113,27.8270336447,
通信服务,601098,中南传媒,观察,观察,12.6,0.01:1,-7.146530719,-8.242495733,47.8505976524,35.9672325617,
通信服务,601698,中国卫通,观察,观察,304.1,不成立：现价 ≥ 基准价,-45.417893763,0.6600369903,22.7956845237,9.8193148962,
通信服务,601728,中国电信,观察,观察,21.2,不成立：现价 ≥ 基准价,-19.4790944057,-3.8643498262,29.7628442917,45.8129221972,
通信服务,601869,长飞光纤,观察,观察,120.4,不成立：现价 ≥ 基准价,1680.4785452704,53.637732146,53.3612070059,47.9486588194,营收同比波动 >40–50%
通信服务,601928,凤凰传媒,观察,观察,20.3,不成立：现价 ≥ 基准价,-33.2715390647,-14.235321468,37.3141870089,34.2881580223,
通信服务,603000,人民网,观察,观察,76.6,不成立：现价 ≥ 基准价,137.8555095536,1.4240391242,39.3029771163,27.5088980831,
通信服务,603444,吉比特,条件关注,观察,11.3,2.62:1,67.769477354,48.01380786,93.7077935337,22.6104712704,
通信服务,688027,国盾量子,回避,观察,,[MISSING]：扣非 TTM 为负，不套 PE 情景，不给赔率,11.8935572904,1.8263861657,40.6897764518,9.6076201673,
通信服务,688313,仕佳光子,观察,观察,149.9,不成立：现价 ≥ 基准价,44.4207478803,50.6601605112,36.1813534002,48.3409172761,营收同比波动 >40–50%
通信服务,688387,信科移动,回避,回避,,[MISSING]：扣非 TTM 为负，不套 PE 情景，不给赔率,45.0604380352,0.0901962754,25.7913449414,57.2827945252,
能源,000723,美锦能源,回避,回避,,[MISSING]：扣非 TTM 为负，不套 PE 情景，不给赔率,5.1739034886,4.4136246338,1.6778264946,65.8140578805,
能源,000937,冀中能源,观察,观察,50.2,不成立：现价 ≥ 基准价,-19.484623203,1.597856585,30.4636692519,60.020484857,
能源,000983,山西焦煤,观察,观察,27.3,不成立：现价 ≥ 基准价,4.7484142731,-0.1397235197,29.7905455203,55.6342754045,
能源,002353,杰瑞股份,观察,观察,43.5,不成立：现价 ≥ 基准价,-7.3711682903,10.806119496,30.9748123683,38.8978000108,
能源,600028,中国石化,观察,观察,19.0,不成立：现价 ≥ 基准价,19.127975489,1.9523055217,19.2430394532,54.2693667175,
能源,600188,兖矿能源,观察,观察,25.8,不成立：现价 ≥ 基准价,4.0087952574,13.0051222512,30.6006985281,60.931645443,
能源,600256,广汇能源,观察,观察,23.5,不成立：现价 ≥ 基准价,59.6656252194,-9.5674039644,23.9310197785,51.7904113284,
能源,600339,中油工程,观察,观察,92.2,不成立：现价 ≥ 基准价,-18.7686631968,5.8984190474,7.9822688072,79.1841752743,
能源,600348,华阳股份,观察,观察,17.7,不成立：现价 ≥ 基准价,25.3065831095,-11.731713938,43.0980764017,52.1326273615,
能源,600546,山煤国际,观察,观察,16.1,不成立：现价 ≥ 基准价,53.1949289513,21.6251906062,41.966565921,49.2034969459,
能源,600583,海油工程,观察,观察,16.6,0.18:1,-8.2829136024,9.4177753499,14.8714689015,41.9116412046,
能源,600688,上海石化,回避,回避,,[MISSING]：扣非 TTM 为负，不套 PE 情景，不给赔率,169.106799431,-1.344100808,18.1308219323,42.9133534808,
能源,600871,石化油服,观察,观察,80.2,不成立：现价 ≥ 基准价,10.7086577023,1.6558557747,8.4930280586,87.0836235562,
能源,600938,中国海油,观察,条件关注,11.6,不成立：现价 ≥ 基准价,23.6183005782,16.8837424377,53.4636940575,28.6023402852,
能源,600968,海油发展,观察,条件关注,10.4,6.65:1,-5.1004370247,2.1356121503,15.5641850577,38.6767334522,
能源,600985,淮北矿业,观察,观察,26.9,不成立：现价 ≥ 基准价,24.5829918663,3.6866137617,20.4396413344,49.4135671553,
能源,601001,晋控煤业,观察,观察,17.1,不成立：现价 ≥ 基准价,-17.4976794422,2.5699327876,35.6369252456,22.1540763325,
能源,601088,中国神华,观察,观察,20.3,不成立：现价 ≥ 基准价,10.6243830207,7.9322551775,35.4841606017,40.2727751505,
能源,601225,陕西煤业,观察,观察,14.1,不成立：现价 ≥ 基准价,34.7996366207,1.1692536077,33.3593436248,40.2638876845,
能源,601666,平煤股份,观察,观察,63.9,不成立：现价 ≥ 基准价,6.8476878707,21.3438753172,16.3127142466,66.050836417,
能源,601699,潞安环能,观察,观察,31.4,不成立：现价 ≥ 基准价,49.6649575435,6.6840005595,40.0877214149,41.2845996783,
能源,601808,中海油服,观察,观察,15.4,0.42:1,-5.4759203877,2.0028088151,18.5384215705,42.9763737027,
能源,601857,中国石油,观察,条件关注,11.3,不成立：现价 ≥ 基准价,23.73141678,5.3426812439,21.8708980937,38.8826798648,
能源,601898,中煤能源,观察,条件关注,9.8,0.45:1,11.6744102452,-1.7610159657,26.9192171517,46.5374484773,
医药卫生,000423,东阿阿胶,观察,观察,17.6,0.54:1,4.5557919448,3.3936375551,74.8225662617,19.4912045837,
医药卫生,000513,丽珠集团,观察,观察,17.8,0.15:1,-29.2624262947,-20.2847681027,61.2759595777,38.1229173962,
医药卫生,000538,云南白药,观察,观察,18.3,0.35:1,1.6614128175,2.9494756562,30.0591228465,25.5639331022,
医药卫生,000623,吉林敖东,观察,条件关注,6.4,不可计算：现价 ≤ 悲观价，需重检压力情景,90.9349358913,-8.4673405174,47.1390342084,10.656199533,
医药卫生,000661,长春高新,回避,回避,,[MISSING]：扣非 TTM 为负，不套 PE 情景，不给赔率,-52.0189399512,-16.0568568324,78.836738171,17.7633745819,TTM 与上年归母符号翻转;TTM 与上年扣非符号翻转
医药卫生,000739,普洛药业,观察,观察,43.2,不成立：现价 ≥ 基准价,-4.8839531513,-11.4093198065,29.5472105792,45.6555613417,
医药卫生,000963,华东医药,观察,观察,14.3,不成立：现价 ≥ 基准价,5.4385151702,1.8072364671,32.7993291744,35.5100682884,
医药卫生,000999,华润三九,条件关注,观察,13.3,3.12:1,-5.9345979137,1.3737371319,56.7865713112,29.9224902556,
医药卫生,002001,新和成,观察,条件关注,11.4,不可计算：现价 ≤ 悲观价，需重检压力情景,6.5344552528,18.2752411861,44.2188439956,24.9570735375,
医药卫生,002007,华兰生物,观察,观察,30.6,不成立：现价 ≥ 基准价,-29.3547596488,-12.8773620709,46.1970277867,12.6796081756,
医药卫生,002044,美年健康,观察,观察,61.3,不成立：现价 ≥ 基准价,13.1662963277,-6.446783403,33.8951763397,53.350390723,
医药卫生,002223,鱼跃医疗,观察,观察,25.7,0.13:1,-16.6890713146,-1.9242862908,49.8027110596,20.4193109695,
医药卫生,002252,上海莱士,观察,观察,30.6,不成立：现价 ≥ 基准价,-39.8469917245,-18.7924031656,35.0928843625,13.4607769093,
医药卫生,002262,恩华药业,观察,观察,20.8,0.08:1,6.650433258,6.9142837804,73.8626727829,12.2974725105,
医药卫生,002422,科伦药业,观察,观察,49.6,不成立：现价 ≥ 基准价,-29.0326895993,-2.6950013612,47.5696853624,28.1124112801,
医药卫生,002432,九安医疗,观察,条件关注,6.3,不可计算：现价 ≤ 悲观价，需重检压力情景,245.1709331616,-30.5770974191,67.878072811,30.867080813,
医药卫生,002603,以岭药业,观察,观察,19.6,0.17:1,13.985698331,0.8566128417,62.9938021026,22.0296452377,
医药卫生,002773,康弘药业,观察,观察,21.1,不成立：现价 ≥ 基准价,-22.9070953726,-11.1873052564,88.4969914019,7.62949164,
医药卫生,002821,凯莱英,观察,观察,68.6,不成立：现价 ≥ 基准价,-7.2989477629,13.1271185776,42.269078614,14.8136224672,
医药卫生,300003,乐普医疗,观察,观察,32.5,不成立：现价 ≥ 基准价,-27.3997486998,-4.605899425,60.8567076718,31.7484359819,
医药卫生,300015,爱尔眼科,观察,观察,28.4,不成立：现价 ≥ 基准价,-25.7532573744,3.8113544558,46.1176635603,32.5578585687,
医药卫生,300122,智飞生物,回避,回避,,[MISSING]：扣非 TTM 为负，不套 PE 情景，不给赔率,-29.5271581389,-18.3587951433,18.0833012751,45.0506945301,
医药卫生,300142,沃森生物,观察,观察,140.5,不成立：现价 ≥ 基准价,233.8112720566,-27.7242911092,68.7890335262,30.1791124055,
医药卫生,300558,贝达药业,观察,观察,62.8,不成立：现价 ≥ 基准价,6.7042939498,14.12228548,76.4346712202,35.5627949137,
医药卫生,300676,华大基因,回避,回避,,[MISSING]：扣非 TTM 为负，不套 PE 情景，不给赔率,127.6578994759,9.5919835196,41.5150296348,23.1074539818,
医药卫生,300677,英科医疗,观察,观察,31.6,不成立：现价 ≥ 基准价,165.0017257593,40.6148044026,37.8178528498,52.9939090561,
医药卫生,300759,康龙化成,观察,观察,51.8,不成立：现价 ≥ 基准价,8.8708113728,17.9239536081,32.7097382917,41.0951210389,
医药卫生,300760,迈瑞医疗,观察,观察,24.7,0.18:1,-3.3241995638,5.9963299224,60.8335255872,25.472568909,
医药卫生,300832,新产业,观察,观察,23.8,0.07:1,13.6014258298,10.7754284117,70.8839971768,8.1402268024,
医药卫生,300888,稳健医疗,观察,观察,24.1,0.24:1,0.3696521313,3.5874565283,48.9963513201,34.1568608975,
医药卫生,300896,爱美客,观察,观察,31.0,不成立：现价 ≥ 基准价,-24.4774477949,-6.4223448786,92.4903062699,7.4360600503,
医药卫生,301301,川宁生物,观察,观察,31.9,不成立：现价 ≥ 基准价,-40.4504354802,-10.6813107836,26.305997664,22.5098970557,
医药卫生,600062,华润双鹤,观察,条件关注,11.0,19.27:1,-3.2703695105,-3.4374854036,58.1057619484,28.4469326049,
医药卫生,600085,同仁堂,观察,观察,35.5,不成立：现价 ≥ 基准价,-24.303751205,-14.2271205008,42.3703761357,29.345093176,
医药卫生,600161,天坛生物,观察,观察,33.5,不成立：现价 ≥ 基准价,-53.9147022814,-16.5581890999,35.9929721914,8.645877222,
医药卫生,600196,复星医药,观察,观察,25.4,不成立：现价 ≥ 基准价,19.0863697767,4.7530901415,49.6712480958,49.4515005042,
医药卫生,600276,恒瑞医药,观察,观察,45.6,不成立：现价 ≥ 基准价,-12.7142234136,-1.9390022608,86.3263460861,8.1717203064,
医药卫生,600329,达仁堂,观察,观察,32.4,不成立：现价 ≥ 基准价,7.4326835572,-7.3920775705,76.0207077377,43.6067207177,
医药卫生,600332,白云山,观察,观察,15.3,不成立：现价 ≥ 基准价,-12.1023666247,0.6129113934,17.2719009698,52.7622376175,
医药卫生,600380,健康元,观察,观察,16.3,0.64:1,-21.5492049345,-16.6558323316,58.6996943217,31.5713056786,
医药卫生,600436,片仔癀,观察,观察,44.5,不成立：现价 ≥ 基准价,-27.4137123492,-14.979788971,39.8280258643,18.1795993173,
医药卫生,600511,国药股份,观察,条件关注,10.3,0.29:1,-5.5534643153,4.2692834603,5.977274228,42.9291280389,
医药卫生,600521,华海药业,观察,观察,111.0,不成立：现价 ≥ 基准价,17.3072014923,8.778567689,58.4060269202,54.227367662,
医药卫生,600535,天士力,观察,观察,20.5,0.13:1,35.9975814395,-2.0324355732,69.562369808,13.6834403912,
医药卫生,600566,济川药业,观察,观察,15.4,0.76:1,-3.8989840736,-15.2944862346,79.4777654808,18.7778228787,
医药卫生,600763,通策医疗,观察,观察,29.5,不成立：现价 ≥ 基准价,5.7380936329,4.1020472759,42.9469854961,24.3888077107,
医药卫生,600998,九州通,观察,条件关注,14.3,不成立：现价 ≥ 基准价,3.2152212357,7.6110790185,7.7727919765,69.2162641314,
医药卫生,601607,上海医药,观察,条件关注,17.9,不成立：现价 ≥ 基准价,17.9765634949,4.1505977837,11.0261901378,61.462805195,
医药卫生,603087,甘李药业,观察,观察,53.0,不成立：现价 ≥ 基准价,18.9134685825,7.558860415,74.1256123463,8.2487190704,
医药卫生,603233,大参林,条件关注,观察,15.2,5.78:1,18.0492502544,3.4647439278,35.5978311423,65.0453763752,
医药卫生,603259,药明康德,观察,观察,27.9,不成立：现价 ≥ 基准价,89.3933634765,38.9349828598,53.9094753581,27.8495145705,
医药卫生,603392,万泰生物,回避,回避,,[MISSING]：扣非 TTM 为负，不套 PE 情景，不给赔率,30.3890543811,24.2904982757,63.9116973555,13.1743490937,
医药卫生,603658,安图生物,观察,观察,20.6,0.07:1,-9.7277199877,-0.1155195144,67.2469914632,25.5985490891,
医药卫生,603858,步长制药,观察,观察,29.4,不成立：现价 ≥ 基准价,-17.7369324856,-11.6660188946,61.1865293996,50.8772197988,
医药卫生,603939,益丰药房,条件关注,观察,16.6,2.58:1,11.0606170686,3.4820903267,40.2969181687,49.8245002973,
医药卫生,688114,华大智造,回避,回避,,[MISSING]：扣非 TTM 为负，不套 PE 情景，不给赔率,20.9531689439,18.9097866262,57.028634682,28.9854807828,
医药卫生,688166,博瑞医药,观察,观察,351.4,不成立：现价 ≥ 基准价,127.5298965091,26.1719050003,55.273520889,47.2679076859,
医药卫生,688180,君实生物,回避,回避,,[MISSING]：扣非 TTM 为负，不套 PE 情景，不给赔率,57.4777364712,45.1758162326,83.1816779114,56.6846031179,
医药卫生,688192,迪哲医药,回避,回避,,[MISSING]：扣非 TTM 为负，不套 PE 情景，不给赔率,44.8427114231,47.2367976733,96.0031743006,60.3520149519,
医药卫生,688235,百济神州,观察,观察,100.0,不成立：现价 ≥ 基准价,1017.5856456215,26.8363500983,89.4529871532,43.3169410467,
医药卫生,688266,泽璟制药,观察,观察,55.9,不成立：现价 ≥ 基准价,700.6555344169,220.8781295535,94.6415800084,51.2090401913,营收同比波动 >40–50%;TTM 与上年归母符号翻转;TTM 与上年扣非符号翻转
医药卫生,688271,联影医疗,观察,观察,54.3,不成立：现价 ≥ 基准价,-14.3828392069,17.2156693851,47.1804815405,36.0514530618,
医药卫生,688278,特宝生物,条件关注,观察,19.3,4.79:1,13.162873252,21.5772053732,88.9389377695,30.9501045816,
医药卫生,688301,奕瑞科技,观察,观察,39.1,不成立：现价 ≥ 基准价,14.7898890265,56.658321703,47.6833966825,38.6554572,营收同比波动 >40–50%
医药卫生,688331,荣昌生物,观察,观察,13.7,40.54:1,1073.7779011222,433.1094682648,95.7129613996,15.5695735468,营收同比波动 >40–50%
医药卫生,688336,三生国健,观察,观察,12.9,不可计算：现价 ≤ 悲观价，需重检压力情景,65.1503683841,34.841920745,80.4807120962,3.6890154135,
医药卫生,688506,百利天恒,回避,回避,,[MISSING]：扣非 TTM 为负，不套 PE 情景，不给赔率,-43.5823833364,9.4260462363,48.099496918,58.3052259639,
医药卫生,688520,神州细胞,回避,回避,,[MISSING]：扣非 TTM 为负，不套 PE 情景，不给赔率,-775.8666637796,-32.1627854551,90.3057137565,83.8391798828,
医药卫生,688578,艾力斯,条件关注,观察,20.2,4.45:1,50.9930043858,39.8534171741,94.8541737429,10.3763322485,
医药卫生,688617,惠泰医疗,观察,观察,38.7,不成立：现价 ≥ 基准价,28.7110083916,25.749347161,72.9767273171,13.7872613611,
主要消费,000568,泸州老窖,观察,观察,14.4,0.69:1,-43.9026360649,-36.353503266,85.3454766591,28.6704467064,
主要消费,000596,古井贡酒,观察,观察,24.6,不成立：现价 ≥ 基准价,-40.7115605599,-27.0064567035,80.329933367,32.3809843238,
主要消费,000729,燕京啤酒,观察,观察,16.6,12.03:1,33.1647570499,5.5296780603,49.4636889093,30.5082787838,
主要消费,000858,五 粮 液,观察,观察,21.4,不成立：现价 ≥ 基准价,83.9573602708,20.87072874,80.2949204402,34.6244289795,
主要消费,000895,双汇发展,条件关注,观察,16.4,1.13:1,3.2166890261,-1.1182617783,19.1455843899,48.3588983784,
主要消费,002157,正邦科技,回避,回避,,[MISSING]：扣非 TTM 为负，不套 PE 情景，不给赔率,-1354.0186353311,12.9003169984,-0.1887819414,53.4606777,
主要消费,002299,圣农发展,观察,观察,19.5,0.53:1,39.4566623489,21.7306996107,13.1234044376,51.9139952592,
主要消费,002304,洋河股份,观察,观察,159.3,不成立：现价 ≥ 基准价,-42.1245464094,-28.7599353775,73.3544036878,15.5506706627,
主要消费,002311,海大集团,观察,观察,23.7,不成立：现价 ≥ 基准价,-50.8085310739,9.194272519,9.3448680768,54.6167361242,
主要消费,002461,珠江啤酒,观察,观察,21.0,0.95:1,8.9724280938,5.0380352193,52.4247168203,28.900878549,
主要消费,002568,百润股份,观察,观察,28.9,不成立：现价 ≥ 基准价,27.2888689447,11.340976409,70.658792155,41.4037085425,
主要消费,002714,牧原股份,回避,回避,,[MISSING]：扣非 TTM 为负，不套 PE 情景，不给赔率,-155.2157440728,-22.3016379839,-1.5756373647,54.1792709134,TTM 与上年归母符号翻转;TTM 与上年扣非符号翻转
主要消费,300146,汤臣倍健,观察,观察,29.1,不成立：现价 ≥ 基准价,-19.7384921837,3.9370138045,70.3330037616,18.6325966597,
主要消费,300498,温氏股份,回避,回避,,[MISSING]：扣非 TTM 为负，不套 PE 情景，不给赔率,-237.555734032,-6.2349698667,-2.9175100559,58.938865711,TTM 与上年归母符号翻转;TTM 与上年扣非符号翻转
主要消费,300957,贝泰妮,观察,观察,33.0,不成立：现价 ≥ 基准价,34.8464360853,9.2669533852,74.6224385756,23.8017143287,
主要消费,300999,金龙鱼,观察,观察,44.5,不成立：现价 ≥ 基准价,6.6056191287,6.1974485075,6.3096874603,56.2448495391,
主要消费,301498,乖宝宠物,观察,观察,31.8,不成立：现价 ≥ 基准价,-48.1712513823,10.0079420927,40.1132444672,31.4177638231,
主要消费,600132,重庆啤酒,条件关注,观察,16.5,7.41:1,-8.2742112782,-2.9790087323,50.1638027739,71.8781312445,
主要消费,600298,安琪酵母,观察,观察,23.0,不成立：现价 ≥ 基准价,7.0167604098,16.300503045,26.7979396289,48.9332447053,
主要消费,600299,安迪苏,条件关注,观察,18.2,2.78:1,22.9306136273,14.0390163729,28.3767869279,30.8291867241,
主要消费,600519,贵州茅台,观察,观察,19.3,0.03:1,-2.0401738838,1.3000994756,89.5552128279,15.1931121807,
主要消费,600598,北大荒,回避,回避,,[MISSING]：扣非 TTM 为负，不套 PE 情景，不给赔率,-121.2212752667,-29.3910577603,54.9002753317,39.5167388203,TTM 与上年归母符号翻转;TTM 与上年扣非符号翻转
主要消费,600600,青岛啤酒,条件关注,条件关注,16.4,6.81:1,0.985252541,-4.0813589465,44.8635225802,41.9167642888,
主要消费,600737,中粮糖业,观察,观察,32.1,不成立：现价 ≥ 基准价,40.7001957269,-21.1640166231,14.5938463133,39.0823659959,
主要消费,600809,山西汾酒,观察,观察,13.9,0.74:1,-24.3879840571,-12.1832127424,75.399932826,39.3414049767,
主要消费,600873,梅花生物,观察,观察,20.4,0.58:1,-72.2842054969,-0.3693289884,12.9300301342,41.4946218891,
主要消费,600887,伊利股份,观察,观察,17.9,不成立：现价 ≥ 基准价,-20.2468104608,4.1285439856,36.4317084905,63.5566009007,
主要消费,601118,海南橡胶,回避,回避,,[MISSING]：扣非 TTM 为负，不套 PE 情景，不给赔率,-32.1025641143,-25.4000009795,3.3833285514,70.6945395778,
主要消费,603156,养元饮品,观察,观察,40.4,不成立：现价 ≥ 基准价,25.0330860546,41.974937553,41.3793070995,31.3001297387,
主要消费,603288,海天味业,观察,观察,27.7,不成立：现价 ≥ 基准价,3.7694586947,6.0061732024,41.0363120571,15.9880118068,
主要消费,603345,安井食品,观察,观察,19.0,0.66:1,24.8067422813,21.8543360468,21.2421657061,21.1815975973,
主要消费,603369,今世缘,条件关注,观察,14.2,1.09:1,-5.7679038847,-7.4144479085,74.1443123629,33.7256166035,
主要消费,603589,口子窖,观察,观察,33.5,不成立：现价 ≥ 基准价,-48.4439865471,-22.8858566374,67.3526760214,17.6826443453,
主要消费,603605,珀莱雅,条件关注,条件关注,15.9,6.74:1,-13.8030892178,0.2407779263,74.320781037,33.6623616934,
主要消费,605499,东鹏饮料,条件关注,优先关注,18.3,1.72:1,14.408341379,15.8933393179,48.3648973261,45.4719674198,
主要消费,688363,华熙生物,观察,观察,118.0,不成立：现价 ≥ 基准价,-25.4868142376,-22.3167048831,67.9479764804,19.7798510577,
化工,000301,东方盛虹,观察,观察,24.3,不成立：现价 ≥ 基准价,1488.1941710612,14.7874219032,20.3029245888,79.4283616863,TTM 与上年扣非符号翻转
化工,000408,藏格矿业,观察,观察,18.7,不成立：现价 ≥ 基准价,104.9158019649,23.0454935619,66.689523214,7.7651625443,
化工,000422,湖北宜化,观察,观察,29.6,不成立：现价 ≥ 基准价,-25.0760880285,11.5566705628,14.3374153008,68.9151164247,
化工,000703,恒逸石化,观察,观察,10.9,1.62:1,3838.8917954215,20.2810654211,15.3107823515,67.5686812612,
化工,000792,盐湖股份,观察,观察,10.6,1.87:1,135.1916323674,79.8792665747,71.3850667913,14.0676923709,营收同比波动 >40–50%
化工,002064,华峰化学,观察,观察,16.8,不成立：现价 ≥ 基准价,118.1091730802,16.7264470426,21.8245393526,24.7380553856,
化工,002068,黑猫股份,回避,回避,,[MISSING]：扣非 TTM 为负，不套 PE 情景，不给赔率,6.6046570126,3.009175649,3.8923979134,69.6290397926,
化工,002597,金禾实业,观察,观察,69.0,不成立：现价 ≥ 基准价,-30.0605124578,24.2854944887,19.6023327683,27.7287155573,
化工,600096,云天化,观察,观察,9.8,2.12:1,6.5022746551,-8.9190484402,20.8901895736,47.4814817633,
化工,600160,巨化股份,条件关注,观察,20.5,1.49:1,29.6785990946,0.0650496646,34.03007274,38.6650325529,
化工,600309,万华化学,观察,条件关注,13.8,0.36:1,54.957812116,31.2585013331,17.0841909951,64.2725813286,
化工,600426,华鲁恒升,观察,条件关注,13.1,0.68:1,50.490110037,8.8738463081,24.0998324414,27.4655480404,
化工,600486,扬农化工,条件关注,观察,16.4,3.23:1,-1.0472402354,5.9734510307,23.013233113,36.038624436,
化工,600596,新安股份,观察,观察,92.1,不成立：现价 ≥ 基准价,980.5214222859,6.260098681,14.3728655171,38.8002880744,TTM 与上年扣非符号翻转
化工,600989,宝丰能源,观察,条件关注,10.9,1.87:1,65.0685614841,32.3321115262,43.5632332124,41.8361377076,
高盛增持,000426,兴业银锡,观察,观察,20.4,0.42:1,126.6007716678,73.1308206683,68.7527609771,38.0230716789,营收同比波动 >40–50%
高盛增持,002585,双星新材,回避,回避,,[MISSING]：扣非 TTM 为负，不套 PE 情景，不给赔率,103.3928296106,3.8851743691,10.211617757,32.0809713718,
高盛增持,300655,晶瑞电材,观察,观察,216.1,不成立：现价 ≥ 基准价,36.4877244123,23.5901303485,23.5660669323,27.1674127937,
高盛增持,603690,至纯科技,回避,回避,,[MISSING]：扣非 TTM 为负，不套 PE 情景，不给赔率,-427.4619160923,-36.5689968163,21.8252261407,74.479568019,
高盛增持,603929,亚翔集成,观察,观察,24.7,不成立：现价 ≥ 基准价,205.7521022793,51.3555104102,24.2492882778,56.4173732131,营收同比波动 >40–50%
高盛增持,688110,东芯股份,观察,观察,93.0,不成立：现价 ≥ 基准价,602.1953836048,336.4421035888,67.6610727409,9.7557315025,营收同比波动 >40–50%;TTM 与上年归母符号翻转;TTM 与上年扣非符号翻转
高盛增持,688372,伟测科技,观察,观察,53.0,不成立：现价 ≥ 基准价,171.3315261465,68.9957183803,33.590206029,55.1854719758,营收同比波动 >40–50%
化工,002493,荣盛石化,观察,观察,24.2,不成立：现价 ≥ 基准价,607.7911799712,-12.9332713947,15.2505101158,74.0663803131,
化工,600346,恒力石化,观察,观察,12.6,0.68:1,132.3459770588,-5.4701076371,13.9588598285,73.1110284456,
化工,002466,天齐锂业,观察,观察,15.1,1.10:1,318054.904972539,153.3219939466,64.3882879099,28.46462893,营收同比波动 >40–50%
化工,002460,赣锋锂业,观察,观察,20.8,0.02:1,521.5637793829,175.7483215518,31.5088634155,55.119025162,营收同比波动 >40–50%;TTM 与上年扣非符号翻转
化工,603260,合盛硅业,回避,观察,,[MISSING]：扣非 TTM 为负，不套 PE 情景，不给赔率,94.3295793568,3.9378185244,18.3866861359,62.5263657218,
