分类,批次,代码,公司,评级,研究优先级（非投资排名）,H1营收亿元,H1归母亿元,H1扣非亿元,H1OCF亿元,H1购建长期资产现金亿元,H1简式FCF亿元（非完整FCFE）,报价日期,参考价,PE初稿Bear,PE初稿Base,PE初稿Bull,初稿赔率,认证,原件
机器人链,1,002050,三花智控,观察,A,168.9997,20.4406,21.4732,24.9955,13.6725,11.323,20260930161500,35.71,14.9714,29.7052,49.4295,,False,https://static.cninfo.com.cn/finalpage/2026-08-27/1225514004.PDF
机器人链,1,002472,双环传动,观察,B,45.5895,5.8665,5.3423,11.1159,8.1521,2.9638,20260930161421,38.09,14.1177,31.0589,56.4707,,False,https://static.cninfo.com.cn/finalpage/2026-08-26/1225504495.PDF
机器人链,1,601100,恒立液压,观察,B,68.3253,14.3634,13.7732,12.5418,2.4464,10.0955,20260930161459,90.31,29.5341,58.1733,101.4304,,False,https://static.cninfo.com.cn/finalpage/2026-08-25/1225497613.PDF
工程机械,1,000425,徐工机械,观察,B,612.4701,39.6202,38.2895,41.5825,48.5749,-6.9924,20260930161439,7.2,4.6964,9.5635,16.1384,0.9440180618867101,False,https://static.cninfo.com.cn/finalpage/2026-08-29/1225529887.PDF
新能源汽车,1,002594,比亚迪,观察,A,3448.1542,123.2541,123.7334,373.3474,447.0307,-73.6832,20260930161424,83.31,26.3239,63.1773,118.4575,,False,https://static.cninfo.com.cn/finalpage/2026-08-29/1225531835.PDF
新能源汽车,1,601127,赛力斯,回避,C,574.9312,-17.1687,-23.785,-123.7613,32.4892,-156.2505,20260930161449,46.94,[MISSING],[MISSING],[MISSING],[MISSING],False,https://static.cninfo.com.cn/finalpage/2026-08-20/1225482984.PDF
新能源汽车,1,601633,长城汽车,观察,B,1021.0143,24.6451,16.1012,104.361,60.1088,44.2522,20260930161444,13.73,2.3315,6.9945,14.9215,,False,https://static.cninfo.com.cn/finalpage/2026-08-26/1225502459.PDF
新能源汽车,1,000625,长安汽车,观察,C,656.3433,8.174,2.5083,-114.1345,20.9364,-135.0709,20260930161445,7.11,0.3632,2.179,6.3049,,False,https://static.cninfo.com.cn/finalpage/2026-08-29/1225528444.PDF
新能源汽车,1,600418,江淮汽车,回避,C,221.3003,-7.4893,-9.9088,-52.8793,14.0161,-66.8954,20260930161448,27.47,[MISSING],[MISSING],[MISSING],[MISSING],False,https://static.cninfo.com.cn/finalpage/2026-08-20/1225483765.PDF
新能源汽车,2,300750,宁德时代,观察,A,2769.1658,432.84,390.133,602.1685,250.7277,351.4408,20260930161418,291.11,252.85,466.8,745.5833,4.591999068771488,False,https://static.cninfo.com.cn/finalpage/2026-07-25/1225441586.PDF
新能源汽车,2,300014,亿纬锂能,观察,B,456.9147,33.0123,24.5148,-3.8792,53.4304,-57.3096,20260930161427,49.81,20.7059,60.7372,115.9529,0.37545231105820037,False,https://static.cninfo.com.cn/finalpage/2026-08-20/1225483571.PDF
新能源汽车,2,002074,国轩高科,观察,C,277.7555,13.8605,1.0691,4.2795,97.7942,-93.5147,20260930161430,29.5,1.9838,8.2657,21.1602,,False,https://static.cninfo.com.cn/finalpage/2026-08-25/1225495934.PDF
新能源汽车,2,300207,欣旺达,观察,C,381.7857,6.0262,0.9726,-19.5114,52.9201,-72.4315,20260930161451,22.0,1.2179,5.9541,15.1559,,False,https://static.cninfo.com.cn/finalpage/2026-08-27/1225511224.PDF
新能源汽车,2,301358,湖南裕能,观察,B,348.7733,29.0982,29.5801,-17.63,5.5606,-23.1906,20260930161421,50.69,35.3886,103.8064,207.6129,3.4713349004004237,False,https://static.cninfo.com.cn/finalpage/2026-08-20/1225483090.PDF
新能源汽车,3,300073,当升科技,观察,B,104.7529,5.2041,4.6318,0.8595,18.1127,-17.2532,20260930161457,38.88,13.2282,36.3774,70.5502,,False,https://static.cninfo.com.cn/finalpage/2026-08-26/1225502782.PDF
新能源汽车,3,600884,杉杉股份,观察,B,121.3033,8.2245,7.7986,8.3452,2.531,5.8142,20260930161446,11.51,3.5625,11.3999,23.5122,,False,https://static.cninfo.com.cn/finalpage/2026-08-28/1225521372.PDF
新能源汽车,3,300568,星源材质,观察,B,26.5204,2.0397,1.7296,3.9112,7.7482,-3.837,20260930161406,15.74,2.5077,7.3558,14.9791,,False,https://static.cninfo.com.cn/finalpage/2026-08-28/1225516907.PDF
新能源汽车,3,002709,天赐材料,观察,B,147.095,28.6094,28.0747,3.9723,5.6554,-1.6831,20260930161430,31.2,12.2635,39.2434,80.9394,0.42475506807042257,False,https://static.cninfo.com.cn/finalpage/2026-08-21/1225486883.PDF
新能源汽车,3,300037,新宙邦,观察,A,74.6255,9.8381,9.692,11.2673,6.7217,4.5457,20260930161415,66.52,27.8557,64.2006,111.4226,,False,https://static.cninfo.com.cn/finalpage/2026-08-21/1225487079.PDF
新能源汽车,4,002850,科达利,观察,A,92.0848,9.4302,9.1713,8.3803,9.5716,-1.1913,20260930161409,155.8,73.3414,169.0344,293.3656,0.16049801099771113,False,https://static.cninfo.com.cn/finalpage/2026-08-15/1225473165.PDF
新能源汽车,4,603348,文灿股份,回避,C,27.9954,-2.159,-2.2438,-1.7714,2.8398,-4.6112,20260930161456,14.6,[MISSING],[MISSING],[MISSING],[MISSING],False,https://file.finance.sina.com.cn/211.154.219.97:9494/MRGG/CNSESH_STOCK/2026/2026-8/2026-08-21/12511376.PDF
新能源汽车,4,002101,广东鸿图,观察,C,41.8618,0.3984,0.2541,0.3321,2.1272,-1.795,20260930161445,8.57,0.5431,2.7157,7.2418,,False,https://static.cninfo.com.cn/finalpage/2026-08-25/1225499666.PDF
新能源汽车,4,601689,拓普集团,观察,B,141.9925,10.2255,9.0752,25.9606,13.5434,12.4172,20260930161448,46.52,14.5008,34.4106,66.5195,,False,https://static.cninfo.com.cn/finalpage/2026-08-28/1225521853.PDF
新能源汽车,5,002126,银轮股份,观察,B,90.2634,4.5233,4.4716,3.5712,6.215,-2.6438,20260930161430,33.95,10.628,25.9795,49.5972,,False,https://static.cninfo.com.cn/finalpage/2026-08-27/1225513744.PDF
新能源汽车,5,300124,汇川技术,观察,A,246.7525,28.0992,27.5605,19.7506,14.7933,4.9573,20260930161430,51.9,29.8917,62.3667,106.6507,0.4755787446809996,False,https://static.cninfo.com.cn/finalpage/2026-08-29/1225524610.PDF
新能源汽车,5,600580,卧龙电驱,观察,C,74.6693,3.5161,3.019,4.2342,4.1474,0.0867,20260930161445,26.39,3.0728,8.066,17.6043,,False,https://static.cninfo.com.cn/finalpage/2026-08-31/1225534664.PDF
新能源汽车,5,002179,中航光电,观察,B,112.3961,11.1888,10.8383,2.7306,8.9445,-6.214,20260930161451,33.33,11.4272,25.1399,45.328,,False,https://static.cninfo.com.cn/finalpage/2026-08-27/1225514842.PDF
AI 算力,1,688041,海光信息,观察,B,90.9902,17.9847,16.3141,-4.2754,9.1442,-13.4196,20260930161458,226.8,26.8894,77.4414,165.6386,,False,https://static.cninfo.com.cn/finalpage/2026-08-14/1225472510.PDF
AI 算力,1,688256,寒武纪,观察,B,59.9557,23.1091,21.6556,3.1131,4.3983,-1.2851,20260930161436,1009.01,99.3871,349.8427,787.1461,,False,https://static.cninfo.com.cn/finalpage/2026-08-08/1225464969.PDF
AI 算力,1,688047,龙芯中科,回避,C,2.7186,-2.2391,-2.406,-0.9074,0.2228,-1.1302,20260930161458,98.1,[MISSING],[MISSING],[MISSING],[MISSING],False,https://static.cninfo.com.cn/finalpage/2026-08-29/1225524354.PDF
AI 算力,1,300308,中际旭创,观察,A,417.7786,136.5115,130.916,17.9967,48.0216,-30.0249,20260930161445,808.44,305.6262,728.409,1385.5053,,False,https://static.cninfo.com.cn/finalpage/2026-08-22/1225491753.PDF
AI 算力,1,300502,新易盛,观察,A,209.0975,75.2917,75.1074,16.1641,12.6384,3.5257,20260930161430,389.0,141.9622,354.1886,682.5658,,False,https://static.cninfo.com.cn/finalpage/2026-08-25/1225499406.PDF
AI 算力,2,300394,天孚通信,观察,B,28.2794,12.0429,11.8626,10.0088,3.0834,6.9254,20260930161445,260.77,33.0025,82.5064,165.0127,,False,https://static.cninfo.com.cn/finalpage/2026-08-19/1225480328.PDF
AI 算力,2,601138,工业富联,观察,A,5578.6065,237.4046,229.8412,73.9146,90.9188,-17.0042,20260930161437,58.2,21.165,49.8889,90.7071,,False,https://static.cninfo.com.cn/finalpage/2026-08-12/1225468066.PDF
AI 算力,2,000977,浪潮信息,观察,B,843.7873,29.5172,24.188,-74.9277,0.3998,-75.3275,20260930161415,65.93,24.5152,73.5456,153.22,0.1838860117855013,False,https://static.cninfo.com.cn/finalpage/2026-08-29/1225530925.PDF
AI 算力,2,603019,中科曙光,观察,B,74.6581,9.7139,8.4406,-1.8651,8.9665,-10.8316,20260930161458,79.52,12.3025,33.0801,69.7142,,False,https://static.cninfo.com.cn/finalpage/2026-08-26/1225507613.PDF
AI 算力,2,688008,澜起科技,观察,A,33.355,19.9737,13.2248,13.2803,2.5529,10.7273,20260930161449,202.31,32.7724,83.5697,163.8622,,False,https://static.cninfo.com.cn/finalpage/2026-08-29/1225530486.PDF
AI 算力,3,300476,胜宏科技,观察,B,116.2937,28.5678,24.178,29.1118,70.7606,-41.6489,20260930161418,210.3,53.4196,134.3122,274.7295,,False,https://static.cninfo.com.cn/finalpage/2026-08-28/1225522515.PDF
AI 算力,3,002463,沪电股份,观察,A,136.8943,29.2336,27.9453,11.5069,36.0201,-24.5132,20260930161457,115.93,31.1791,74.3103,148.1009,,False,https://static.cninfo.com.cn/finalpage/2026-08-26/1225502252.PDF
AI 算力,3,688183,生益电子,观察,B,57.8354,11.1071,11.1063,9.1744,12.6815,-3.507,20260930161457,108.0,27.8985,71.6062,146.4672,,False,https://static.cninfo.com.cn/finalpage/2026-08-15/1225474834.PDF
AI 算力,3,002837,英维克,观察,C,30.1671,1.8477,1.7549,0.6187,2.1841,-1.5654,20260930161430,53.95,3.5188,10.9475,26.7432,,False,https://static.cninfo.com.cn/finalpage/2026-08-25/1225495981.PDF
AI 算力,3,300499,高澜股份,观察,C,4.9361,0.2573,0.2459,-0.2636,0.0825,-0.3461,20260930161430,31.41,1.7691,7.3383,18.6733,,False,https://static.cninfo.com.cn/finalpage/2026-08-22/1225489302.PDF
AI 算力,4,002851,麦格米特,观察,C,60.61,2.5207,1.1819,0.2955,1.8995,-1.6041,20260930161415,115.72,4.6153,19.145,51.9649,,False,https://static.cninfo.com.cn/finalpage/2026-08-28/1225522762.PDF
AI 算力,4,002230,科大讯飞,回避,C,116.2277,-2.0384,-6.3687,-9.4503,17.2894,-26.7396,20260930161500,37.22,[MISSING],[MISSING],[MISSING],[MISSING],False,https://static.cninfo.com.cn/finalpage/2026-08-21/1225485550.PDF
AI 算力,4,688111,金山办公,观察,B,33.1326,25.1759,24.8738,6.4269,0.447,5.9799,20260930161451,218.8,51.7226,129.3066,258.6132,,False,https://static.cninfo.com.cn/finalpage/2026-08-20/1225482678.PDF
AI 算力,4,300496,中科创达,观察,B,43.0456,2.456,2.3352,-0.6357,5.3435,-5.9792,20260930161445,52.9,11.6955,33.7869,73.6382,,False,https://static.cninfo.com.cn/finalpage/2026-08-26/1225504619.PDF
