002050|热管理控制零部件与机电执行器|0|0|35,50,65|18,25,32|8|A|制冷空调电器零部件、汽车零部件、机器人机电执行器|制冷与汽车热管理提供已盈利的经营基础，机器人增量须单独验证量产收入|H1收入仅增3.92%、扣非增6.82%，不足以证明机器人利润已进入高增长；不能把汽车批量供应等同执行器交付|汽车零部件毛利率、执行器收入及回款、汇兑与股份支付|保留热管理主业；撤回特斯拉机器人第1名、核心配置和未经收入拆分的量产利润认证
002472|精密齿轮与智能执行机构|0|0|8,12,16|15,22,30|6|B|乘用车齿轮、工程机械齿轮、智能执行机构|乘用车齿轮规模基础和工程机械齿轮增量，可以支持精密制造平台拓展|H1扣非下降3.76%，乘用车齿轮毛利率下降1.72个百分点；智能执行机构收入不等同全部为人形机器人|智能执行机构收入毛利率、乘用车齿轮毛利率、海外回款|保留精密传动逻辑；撤回机器人第2名、低估值即优选和机器人收入混同
601100|液压元件与传动产品|0|0|22,30,40|18,26,34|6|B|液压油缸、液压泵阀、液压系统及传动|液压产品工程能力及当期正现金，为非挖产品和新传动产品提供研发基础|收入增长32.13%但扣非下降5.01%，液压产品扩张尚未兑现利润增长；机器人收入贡献未单列核实|油缸与泵阀毛利率、非挖产品占比、新产能回报|保留液压业务与现金质量；撤回机器人第3名和未经核实的机器人利润溢价
000425|工程机械整机与服务|0|0|55,80,105|10,14,18|3|B|土方机械、起重机械、其他工程机械及备件|外销占50.48%，同比增长21.03%，出海是已披露的收入驱动|H1扣非下降14.28%，高空作业收入下降26.53%；出海增长不能消除应收占用与扩产压力|外销毛利率、应收回款、土方与高机盈利、资本开支|保留出海与矿机方向；下调增长持续性判断，撤回收入增长直接支持利润增长
002594|新能源汽车整车与电子业务|0|0|200,320,450|12,18,24|5|A|汽车及汽车相关产品、电子及其他产品、其他|境外收入占52.57%且增长33.92%，海外业务可以缓冲国内销售承压|总收入下降7.13%、扣非下降9.02%，境内收入下降30.68%；本期资本开支高于经营现金|境内外销量、汽车毛利率、单车利润、库存及现金资本开支|保留整车与三电协同；撤回仅凭规模确立优先配置，更新2025转增后的每股口径
601127|新能源汽车整车|0|0|—|—|0|C|新能源汽车整车、其他整车及零部件、引望股权投资|车型迭代及品牌合作若恢复交付，可带来经营杠杆，须先以销量和单车利润证明|H1扣非亏23.79亿元、经营现金流出123.76亿元，管理层说明涉及车型过渡、零部件涨价及承兑到期|车型交付、单车毛利、扣非盈亏平衡、承兑付款与现金跑道|保留合作造车定位；撤回把品牌绑定当稳定利润和旧盈利PE
601633|整车制造与海外业务|0|0|25,50,80|8,12,16|3|B|整车、汽车零部件、其他|经营现金和资本开支差额为正，给车型与海外渠道调整提供资金缓冲|H1收入增10.58%但扣非降55.04%，量增尚未带来股东盈利改善|整车毛利率、单车盈利、出口回款及非经常损益|保留整车和混动转型；撤回收入增长等同盈利增长
000625|汽车制造与品牌投资|0|0|3,12,25|12,18,25|2|C|销售商品、提供劳务及其他、合营联营投资|境外收入同比增长78.77%，国际市场扩张已形成收入|扣非仅2.51亿元且下降83.01%，OCF为负；出海收入并未抵消国内收入和利润压力|境内外毛利率、扣非修复、品牌投资回报、增发后股数|保留自主新能源与出海；撤回高增长质量判断，增发申请不是已发行股份
600418|整车制造与合作车型|0|0|—|—|0|C|乘用车、商用车、其他零部件及业务|合作车型若扩大交付并贡献正毛利，有望改善原有经营结构|H1收入增长14.31%但扣非亏9.91亿元、OCF为负；合作品牌热度不能替代利润|合作车型交付与毛利、原有业务减值、现金与融资覆盖|保留合作车型观察；撤回概念估值和旧PE盈利情景
300750|动力与储能电池系统|0|0|650,900,1150|18,24,30|8|A|动力电池系统、储能电池系统、电池材料及回收矿产资源|H1动力电池和储能收入分别增46.02%及87.54%，正简式FCF支持产能投入|动力和储能毛利率分别下降1.78和1.56个百分点；销量增长仍要覆盖价格压力、回购分红及扩产|分产品毛利率、产能利用率、经营现金、回购注销与激励摊薄|保留动力与储能优势；不以装机地位或利润增速自动认证买入区
300014|消费动力与储能电池|0|0|30,60,90|15,22,28|6|B|动力电池、储能电池、消费电池|扣非同比增长111.89%，多产品电池平台有扩张机会|OCF转负，扩产支出占用现金；归母与扣非差额须拆参股收益等来源|电池分产品利润率、扩产回报、参股收益、现金回款|保留大圆柱和储能方向；撤回盈利增长等于现金增长
002074|动力储能电池与输配电产品|0|0|2,6,12|18,25,32|3|C|动力电池系统、储能电池系统、输配电产品|动力电池收入占81.36%且增长61.01%，核心业务扩量已体现|归母13.86亿元但扣非仅1.07亿元，公允价值变动利润不是电池经营利润；储能收入下降19.14%|动力电池单位盈利、储能订单、投资收益桥接、资本开支|保留电池供应链位置；撤回归母利润高增直接代表主营改善
300207|消费动力与储能电池|0|0|1.5,5,10|15,22,28|2|C|手机数码电池、汽车及动力电池、储能及其他|收入增长41.48%，客户和产品扩量可以提供利润修复基础|扣非下降83.32%至0.97亿元，OCF为负；增长消耗资本，少数股东与费用也影响归母|动力业务毛利率、少数股东损益、费用和回款|保留快充及电池业务；撤回扩量即盈利兑现和旧程序化赔率
301358|磷酸盐正极材料|0|0|30,55,80|10,16,22|3|B|磷酸盐正极材料、其他业务、境外销售|产品毛利率14.81%、产能利用率95.92%，供需改善已进入经营数据|H1利润受低基数及量价共同拉动，OCF仍负；不能把854.20%扣非增速延续到2027|吨加工利润、采购定价、应收及存货、扩产投放|保留磷酸铁锂制造基础；改用中周期盈利，撤回低基数增速外推
300073|多元正极材料与装备|0|0|6,11,16|12,18,24|3|B|多元材料、磷酸锰铁锂及钠电正极、钴酸锂|多元材料与新正极形成多路线布局，主营扣非增长84.36%|多元材料毛利率下降5.78个百分点，OCF同比下降77.97%；原料涨价扩大收入也扩大营运资金|产品吨利润、多元材料毛利率、新正极放量及现金|保留高镍技术；调整为多路线材料平台，撤回用收入增速推EPS
600884|负极材料与偏光片|0|0|8,16,24|10,16,22|3|B|负极材料、偏光片、其他业务|扣非盈利恢复且简式FCF为正，双业务可缓冲单一电池周期|扣非增长362.55%含低基数修复，OCF下降42.96%；控股股东与关联管理事项需单独审查|负极吨利润、偏光片回款、关联交易和控制权风险|保留负极业务；补入偏光片和治理风险，不把上市主体与股东风险混同
300568|锂电池隔膜|0|0|2.5,5,8|15,22,28|3|B|锂离子电池隔膜、其他业务、海外销售|扣非利润恢复、收入增长39.72%，隔膜需求增长已体现|扣非增长297.03%含低基数，OCF下降27.06%；新产能折旧与价格竞争可能压低回报|隔膜平方米售价成本、产能利用率、海外项目资本开支|保留隔膜工艺；撤回恢复增速长期外推和扩产即增长
002709|电解液及精细化工|0|0|25,50,75|10,16,22|3|B|锂离子电池材料、日化及特种化学品、其他|锂电材料毛利率恢复至33.72%，一体化工艺可受益于量价改善|扣非增长1096.69%不能作为可持续增速；OCF仅3.97亿元，远低于28.07亿元扣非|电解液及六氟价格、吨利润、回款、H股发行状态|保留一体化链条；按周期正常化利润重估，撤回旧PEG和高增长溢价
300037|电池电子与有机氟化学品|0|0|14,22,30|15,22,28|6|A|电池化学品、电子信息化学品、有机氟化学品|电子与有机氟产品毛利率较高，H1扣非与现金增长支持多业务质量|电池化学品扩量但总毛利率下降1.14个百分点，有机氟收入下降1.88%；多业务不等于无周期|三类产品毛利贡献、回款、产能利用率、H股稀释|保留多业务分散；撤回无明显周期风险及未认证估值容忍度
002850|锂电池精密结构件|0|0|14,22,30|15,22,28|7|A|锂电池结构件、汽车结构件、其他结构件|锂电池结构件占98.13%且收入增长40.90%，主营集中且扣非增长可验证|锂电结构件毛利率下降2.40个百分点，OCF下降41.50%；海外扩产可能消耗现金|结构件单件毛利、海外产线利用率、客户资本开支与回款|保留结构件工艺和客户壁垒方向；撤回绝对龙头即高确定性及旧赔率
603348|汽车铝合金铸件|0|0|—|—|0|C|汽车铝合金铸件、境内业务、境外业务|新车型与轻量化订单若提高产能利用率，可改善铸造规模经济|H1归母和扣非均亏、OCF为负；一体化压铸概念尚未覆盖亏损与资产减值风险|国内外工厂毛利率、产能利用率、亏损订单及融资覆盖|保留轻量化供应链定位；撤回盈利PE及定点等同利润
002101|汽车压铸件与内外饰|0|0|0.3,1,2|12,18,24|1|C|铝合金压铸件、汽车内外饰件、其他业务|压铸与内外饰制造基础可承接新车型，需先验证订单利润|H1扣非下降75.56%，收入亦下降；微薄盈利不足以支撑高成长倍数|产品毛利率、定点投产利润、应收及新产能折旧|保留压铸与轻量化方向；撤回产业链标签直接推盈利弹性
601689|汽车底盘与热管理零部件|0|0|14,23,34|18,26,34|6|B|底盘系统、内饰功能件、热管理及其他|当期经营现金高于利润且简式FCF为正，平台零部件可随客户车型扩张|扣非下降21.87%，收入仅增9.78%；机器人执行器需单列商业化，不能给汽车盈利重复概念溢价|底盘与热管理毛利率、客户销量、机器人收入及新增产能|保留平台零部件；调整智驾定位，不把硬件零部件称为域控算法连接能力
002126|汽车工业与数字能源热管理|0|0|6,10,15|15,22,28|5|B|商用车及非道路热管理、乘用车热管理、数字及能源热管理|收入增25.93%，热管理场景从汽车向数字能源延伸有产品基础|扣非仅增5.33%，OCF下降14.27%；液冷增长需抵消费用、价格及资本开支|各业务毛利率、数字能源收入、费用及可转债摊薄|保留热管理；纠正电子膨胀阀单一标签，撤回液冷概念自动提高估值
300124|工业自动化与新能源电驱|0|0|45,65,85|18,26,34|6|A|工业自动化及数字化、新能源汽车、轨道交通及其他|自动化产品组合及电驱业务分散需求，当期扣非与简式FCF均正|扣非仅增3.15%、OCF下降34.60%；新业务投入与工控价格竞争影响利润兑现|自动化与电驱毛利率、研发费用、现金及海外订单|保留工控电驱平台；撤回收入增速等于盈利修复，采用调整后比较期
600580|电机驱动与能源业务|0|0|4,7,11|12,18,25|2|C|电机及驱动、能源及其他、汽车电驱相关业务|工业电机与驱动存量客户提供经营基础，新场景须转化为订单|收入下降7.02%、扣非下降37.18%，简式FCF接近零；不能把全部工业电机收入计为新能源车或机器人|工业电机毛利率、汽车电驱订单、关联业务与资本开支|保留电驱技术；撤回纯新能源车及机器人定价标签
002179|高可靠连接器与互连解决方案|0|0|16,24,34|15,22,28|3|B|电连接器及集成互连、光连接器及器件、其他产品|高可靠互连产品的认证与服务能力有稳定客户基础|收入仅增0.50%、扣非下降23.38%，OCF低于利润；汽车连接器只是组合的一部分|产品毛利率、客户验收回款、汽车业务占比及扩产|保留连接器技术；撤回全部利润归因高压汽车连接器和质量即好价格
688041|CPU与DCU计算芯片|0|0|25,45,70|25,40,55|10|B|CPU、DCU、其他|扣非增长49.67%，国产计算产品需求已经进入收入|OCF转负且增速低于收入增速，需查预付采购、备货与研发；国产替代不能屏蔽软件生态竞争|产品收入与毛利、研发投入、预付存货、回购注销及激励|保留CPU与DCU产品定位；撤回国产替代即高赔率和类CUDA即生态等价
688256|云端AI计算芯片|0|0|25,55,90|25,40,55|10|B|云端智能芯片、加速卡及系统、其他|收入增108.13%、扣非增137.30%，产品已进入盈利兑现阶段|OCF下降65.83%且简式FCF为负；客户集中、研发投入与供应链使高利润不等于高可分配现金|客户回款、产品毛利率、研发与采购承诺、存货|保留AI芯片业务；撤回把历史亏损或当期高增速当永久状态
688047|自主指令集处理器|0|0|—|—|0|C|处理器、芯片及方案、其他|自主指令集及软件适配若扩大可盈利出货，有技术路线价值|H1收入仅2.72亿元，扣非亏2.41亿元、OCF为负；研发路线未等于商业回报|芯片出货毛利、软件适配客户、研发现金与增发|保留自主处理器定位；撤回概念溢价及旧盈利PE
300308|高速光通信模块|0|0|200,330,480|18,26,34|12|A|光通信收发模块、其他业务、境外销售|光通信模块毛利率46.59%，收入和扣非已大幅兑现，升级需求是真实经营驱动|OCF仅17.997亿元而扣非130.92亿元，扩产和应收存货占用大；价格已对应很高的现金要求|高速产品结构、应收存货周转、扩产回报、客户资本开支|保留高速光模块优势；撤回PEG低于0.55、核心配置及估值未透支认证
300502|光互联模块|0|0|110,190,280|18,26,34|12|A|光互联产品、其他业务、境外销售|光互联毛利率48.46%，研发当期费用化，扣非与简式FCF均正|应收和存货随收入大增，现金转化仍弱于利润；海外客户采购和技术路线变化可能压缩高毛利|光模块ASP与产品组合、回款和存货、客户与海外交付|保留高速光模块定位；撤回低PEG与已认证核心配置，按调整后股数口径复核
300394|光互连元器件|0|0|18,30,45|20,30,40|8|B|无源光器件、有源光器件、其他业务|无源光器件增长77.40%、毛利率71.90%，正现金支持组件研发|有源光器件收入下降19.57%，总体收入增速15.15%，不能把全部产品都按高速光模块高增速定价|无源和有源产品毛利贡献、物料供给、研发费用及现金|保留上游光器件；撤回单一CPO叙事和与中际新易盛等速增长假设
601138|服务器及通信设备制造|0|0|350,550,750|12,18,24|8|A|云计算、通信及移动网络设备、工业互联网及其他|收入与扣非分别增54.63%和96.99%，AI服务器需求已体现经营增长|资本开支高于OCF，整机制造现金周转与客户集中制约回报；不能只看代工收入规模|云计算毛利与利润、应收存货、资本开支与客户订单|保留AI服务器制造；撤回PEG0.63–0.83、稳健增配及无明显短板
000977|服务器及存储交换产品|0|0|30,60,90|12,18,25|5|B|服务器产品、存储交换产品、其他|服务器及部件毛利率恢复至8.73%，利润改善主要需要检验结构与成本|总收入仅增5.22%，OCF为负、存货占资产48.29%，增发计划影响融资与摊薄|服务器毛利率、存货消化、供应链与增发实施|保留服务器业务；撤回利润增速即订单高增和旧每股模型
603019|计算机系统与算力服务|0|0|12,22,34|15,22,30|6|B|高端计算机、存储及软件服务、其他|扣非增48.45%，系统及服务需求已有财报支持|OCF仍负且资本开支继续占用现金；长期股权投资收益需与主营利润分开|产品毛利率、项目验收回款、投资收益及回购注销|保留系统和液冷方向；不把并购或股权价值与经营现金重复计算
688008|内存接口与高速互连芯片|0|0|20,34,50|20,30,40|8|A|互连类芯片、津逮服务器平台、其他|DDR5升级及互连芯片结构改善，互连类毛利率69.3%，简式FCF为正|归母增长72.33%高于扣非21.17%，投资及公允价值收益6.82亿元不应永久化|互连芯片新品收入、DDR5子代切换、库存及激励摊薄|保留内存接口竞争位置；撤回归母增速直接定主营PE，补入H股股本
300476|PCB与电子制造|0|0|35,60,90|15,22,30|7|B|印制电路板、其他业务、境外销售|AI相关高多层PCB升级提供量价结构机会，H1经营现金改善|扣非仅增12.50%，资本开支70.76亿元使简式FCF转负；不能延续旧PEG或忽略新产能|高端PCB产品结构、良率、产线利用率、扩产回报|保留高端PCB逻辑；撤回PEG低于0.55及已认证核心配置
002463|数据通讯与汽车PCB|0|0|40,65,95|15,22,30|8|A|数据通讯PCB、智能汽车PCB、工业控制及其他PCB|数据通讯收入增73.46%、毛利率43.26%，经营增长有产品证据|智能汽车毛利率下降6.22个百分点，OCF下降45.14%且扩产支出较大；组合不能统一给AI倍数|数据通讯毛利率、泰国产能良率、回款及资本开支|保留数据通讯PCB；撤回PEG与稳健增配，区分汽车产品压力
688183|高端印制电路板|0|0|16,28,42|15,22,30|7|B|印制电路板、其他业务、境内外销售|收入增53.46%、扣非增110.29%，产品升级已贡献盈利|资本开支超过OCF，9月增发改变股本；旧股数会高估EPS与情景价|PCB毛利率、客户需求、募投回报、发行后股本|保留高端PCB；撤回旧PEG和未更新增发股数的估值
002837|机房与设备温控|0|0|2.5,5,9|18,28,38|7|C|机房温控、机柜温控、其他|液冷扩展有产品基础，收入增长17.24%|扣非下降13.22%、OCF只有0.62亿元，液冷景气未自动转化为当期利润增长|机房温控毛利率、液冷收入与费用、订单回款|保留温控技术；撤回龙头标签即持续高增长和旧程序化价位
300499|工业及数据中心冷却|0|0|0.3,0.8,1.5|18,28,38|3|C|水冷设备、风冷及其他冷却设备、其他|当期扣非盈利且收入增长18.16%，可跟踪冷却产品放量|利润体量小、OCF为负，不能把工业水冷全部归为AI数据中心液冷|数据中心业务收入、产品毛利率、应收及项目回款|保留冷却产品；撤回纯数据中心液冷标签和高确定性价格
002851|电力电子及电源控制|0|0|1.5,4,8|18,28,38|5|C|智能家电电控、工业电源及自动化、新能源及其他|电源及控制产品平台可服务新算力需求，须明确量产与毛利贡献|归母增45.21%但扣非降16.13%，OCF接近零；AI电源研发和少数股权收购需资金|AI电源收入与毛利、扣非桥接、收购现金及研发投入|保留电力电子平台；撤回AI服务器电源布局等同已实现利润
002230|智能语音与AI应用|0|0|—|—|0|C|教育、开放平台及消费者、智慧城市及其他|教育及行业产品若提高付费与回款，模型研发可能转为可盈利应用|扣非亏损扩大且OCF为负；模型能力、项目中标和政府应收不是可分配现金|付费收入与续费、毛利与研发、应收回款及融资覆盖|保留应用与语音业务；撤回星火热度直接支持盈利PE
688111|办公软件与服务|0|0|12,20,30|20,30,40|7|B|国内个人办公服务、国内机构订阅及服务、机构授权及海外|收入增长24.69%，管理层调整后利润增长28.29%，订阅和AI付费有验证路径|扣非24.87亿元仍受基金投资收益影响；调整后利润又剔除股份支付，不能直接当GAAP EPS|订阅付费与留存、AI服务成本、基金收益和股份支付桥接|保留办公软件与AI变现；撤回扣非即纯主营及应用热度溢价
300496|软件平台与智能系统|0|0|3,6,10|18,26,34|5|B|智能软件、智能汽车、智能物联网|收入增30.46%、扣非增71.32%，端侧系统与汽车客户需求已有收入支持|OCF转负，资本化研发与项目验收需核；端侧AI合作未等于稳定授权现金|软件汽车物联网毛利率、研发资本化、客户验收回款|保留系统平台能力；撤回AI概念自动提高估值和收入增长直接推EPS
