000001|银行|零售与对公并行，负债成本与信用成本共同决定利润|零售逾期和信用减值可能抵消非息收入改善|净息差、逾期60天贷款、不良与核心一级资本
002142|银行|长三角客户经营与子公司业务协同|高速扩表若伴随信用成本上升，不能按高ROE定价|净息差、非息收入、拨备覆盖与资本消耗
002966|银行|苏州区域企业、零售与金融市场收入|区域产业集中和新业务信用成本|贷款结构、关注类迁徙与普通股ROE
600000|银行|公司金融和负债结构改善|存量风险化解不等于新增贷款质量稳定|不良生成、减值支出与净息差
600015|银行|对公客户经营与存款成本管理|资产收益下行和资本约束|信用成本、付息负债成本与核心一级资本
600016|银行|民营企业及小微客户经营|信用风险与拨备缓冲不足可能侵蚀账面值|不良贷款、拨备覆盖和普通股ROE
600036|银行|零售存款、财富管理及对公协同|财富手续费压力与零售信用成本|净息差、手续费、零售逾期与普通股净资产
600919|银行|江苏区域贷款及金融市场业务|扩表增长不能代替风险调整后回报|贷款增量、非息收入、资本充足率
600926|银行|区域对公与零售经营|低不良率需要关注类及逾期数据支持|不良、拨备覆盖、核心一级资本
601009|银行|区域企业与债券投资业务|投资收入受利率与债券价格影响|净息差、投资收益与信用成本
601077|银行|重庆县域金融与存款基础|区域与地产相关信贷集中|贷款迁徙、存款成本、普通股分红能力
601128|银行|小微贷款与村镇银行网络|微贷收益率不能脱离信用损失|小微不良生成、拨备、净息差
601166|银行|对公、同业与财富管理平台|债券投资利润及资本占用波动|净息差、手续费、资本及风险加权资产
601169|银行|首都企业与零售客户经营|信用损失及资本补充成本|不良、信用成本、普通股ROE
601229|银行|上海区域公司、零售与养老金融|扩表与低息差下的资产回报压力|净息差、非息收入及拨备覆盖
601288|银行|县域客户与大规模存款基础|低资产收益和扩表资本消耗|县域贷款风险、净息差、资本分红约束
601328|银行|全国公司及零售业务、境外经营|资产定价和资本约束|普通股权益、净息差与信用成本
601398|银行|大规模存贷款与综合金融业务|低息差和信用损失影响分红承受力|普通股ROE、资本、风险加权资产
601577|银行|湖南区域企业及零售服务|区域产业与客户集中|贷款迁徙、关注类及净息差
601658|银行|零售储蓄及邮政渠道|渠道成本可能抵消低成本存款收益|代理手续费、净息差和资本分红能力
601665|银行|山东区域企业与零售业务|贷款扩张的信用及资本成本|不良、拨备覆盖与核心一级资本
601818|银行|公司、零售与综合金融经营|净息差和手续费收入压力|信用成本、手续费、普通股ROE
601825|银行|上海县域与企业金融|区域信贷集中和存量风险|净息差、关注类贷款与分红约束
601838|银行|成都区域公司客户及存款基础|较快扩表需要匹配资本及信用缓冲|贷款增长、资本补充与普通股ROE
601916|银行|公司金融与平台经营|风险化解成本影响正常盈利|信用减值、逾期贷款、核心一级资本
601939|银行|住房金融、公司与零售存款|地产链信用损失和资产收益下降|按揭及开发贷质量、净息差、普通股资本
601988|银行|境内外公司与个人金融|汇率、境外信用和净息差风险|境内外利润、信用成本与资本
601997|银行|贵州区域对公和零售业务|区域财政及产业风险集中|逾期、关注类、拨备覆盖与普通股ROE
601998|银行|公司与零售、综合融资经营|客户信用成本和非息收益波动|净息差、信用减值与资本分红能力
000166|券商控股|证券业务与控股层股权价值|控股折价、子公司少数股东与利润上划约束|申万宏源证券分部、母公司现金和股权结构
000617|金融控股|昆仑银行、信托租赁及参股保险证券|不同金融业务不能用工业FCF估值|分部利润、少数股东及可上划现金
000728|券商|经纪、投行及自营业务|自营回报及区域客户周期|手续费、自营收益与净资本占用
000750|券商|经纪及投资业务|规模扩张不等于稳定ROE|经纪净收入、投资损益与净资本
000776|券商|证券、基金及财富管理业务|投资收入增长可能掩盖手续费压力|基金管理收入、交易损益与普通股ROE
000783|券商|经纪、研究与机构业务|成交量弹性与投资损益波动|经纪收入、资管费用和自营收益
002423|金融控股|保险、期货及信托业务|会计投资收益不等于可分配现金|分部利润、偿付能力及现金上划
002500|券商|证券及期货业务|期货现货贸易收入不能当高利润手续费|净手续费、自营损益、风险资本
002673|券商|证券业务与并购整合|收购改变可比基数和股本|合并范围、整合费用、净资本与摊薄股数
002736|券商|经纪财富、投行及投资业务|并购及市场景气影响利润可比性|分部利润、整合成本和净资本
002797|券商|固定收益、资管及证券服务|利率与资产管理费率变化|固收投资、资管净收入和净资本
002926|券商|财富管理、投行和投资业务|信用减值与自营波动|信用减值、手续费和监管指标
002939|券商|证券投资及机构客户经营|自营占比带来利润周期|投资损益、手续费占比与净资本
002945|券商|经纪及金融科技经营|技术投入未必转化为持续净利润|经纪净收入、费用率与关联交易
300059|券商平台|证券交易、基金代销与互联网平台|交易量与基金销量周期不等于长期EPS增速|经纪佣金、代销收入、费用及基金保有量
600030|券商|投行、机构交易与财富资管平台|利润与风险资产扩张需一同检查|交易收益、手续费、风险资本与普通股ROE
600061|金融控股|证券信托期货及基金业务|控股层债务和子公司利润上划|母公司现金、分部利润及NAV折价
600095|券商控股|证券及其他经营资产|金融与工业资产混合损益|分部利润、非经常性损益、股权资产
600109|券商|财富、投行与机构投资业务|承销周期和交易收益波动|投行收入、资管及自营贡献
600369|券商|财富管理、投行及投资业务|固定成本与成交周期|净手续费、投资收益和费用率
600390|金融控股|信托租赁证券及期货资产|信用损失、控股负债与少数股东|分部资产质量、现金上划与SOTP桥接
600816|信托|信托受托管理与固有资产|历史风险处置和固有资产可回收性|诉讼、资产处置、固有净资产及受托规模
600901|金融租赁|设备融资租赁与利差收入|租赁客户信用、残值及融资成本|不良融资租赁、拨备、利差与资本
600906|券商|经纪和证券投资业务|自营收益及区域集中|手续费、自营损益与净资本
600909|券商|经纪资管与投资业务|市场周期及风险资产回报|资管收入、投资收益和资本利用
600918|券商|证券基金及国际业务|分部周期与投资收益波动|手续费、基金业务、信用减值
600958|券商|资产管理与证券投资业务|资管费率及自营市场风险|资管净收入、投资损益、净资本
600999|券商|财富、机构及投行业务|交易景气和资本占用|经纪净收入、机构交易、普通股ROE
601059|券商|证券及期货业务|利润依赖交易周期|净手续费、投资收益和风险资本
601066|券商|投资银行与机构业务|承销项目周期及市场回报|股债承销收入、自营与净资本
601099|券商|证券经纪及投资业务|低盈利基数易夸大增长|正常手续费、信用减值及净资本
601108|券商|证券、资管与基金业务|投资回报和资管费率|资管净收入、子公司利润、资本
601136|券商|经纪、资管及自营业务|投资收益可能超过稳定手续费|自营风险敞口、资管收入和净资本
601162|券商|证券投资与机构服务|资产减值、融资及治理约束|净资本、信用减值、股东融资事项
601198|券商|经纪、投行及投资业务|并购预期不能当已实现协同|合并状态、投行收入、净资本
601211|券商|合并后的财富机构投行平台|同控合并及整合费用改变同期口径|重述比较期、合并股数、整合费用
601236|券商|证券投资与财富业务|自营依赖与手续费基础|投资损益、净手续费和资本占用
601318|保险综合|寿险、产险、银行及资产管理|投资利润反弹未必等于寿险经营价值增长|寿险NBV、营运利润、CSM及分部偿付能力
601319|保险综合|财险与人身险集团|赔付与费用上升、投资回报波动|财险综合成本率、寿险价值及偿付能力
601336|寿险|寿险保障与投资资产|新单规模不等于NBV，投资及利差风险|NBV、NBV率、EV敏感性及偿付能力
601377|券商|证券基金及资管平台|基金费率和自营周期|基金管理净收入、投资损益与资本
601456|券商|合并后的证券财富与投行业务|并购重述和股本摊薄影响EPS|合并范围、比较期、整合成本与股数
601555|券商|经纪、投行与投资业务|承销及自营周期|净手续费、投资收益与风险资本
601601|保险综合|寿险、财险及资产管理|新业务价值与投资收益不能混作持续利润|寿险NBV及EV、财险成本率、偿付能力
601628|寿险|寿险业务与投资资产经营|投资收益与保险服务利润错位|保险服务结果、NBV、EV及偿付能力
601688|券商|财富平台、机构及国际业务|平台获客和交易景气并不保证利润率|财富净收入、国际业务、投资回报与资本
601696|券商|证券服务与投资业务|关联客户、项目周期与资本占用|投行和资管收入、净资本及信用减值
601788|券商|证券财富、机构与资管业务|历史信用风险及投资回报波动|减值、手续费及净资本
601878|券商|证券与期货及并购平台|并购口径、期货贸易和市场周期|合并范围、净手续费、普通股股数
601881|券商|全国财富网络与机构业务|网络规模未必对应风险调整后ROE|经纪净收入、自营和国际业务
601901|券商|财富与证券投资业务|投资收益和固定成本周期|净手续费、费用率、信用减值
601990|券商|经纪、投行与投资业务|区域集中及自营波动|手续费、自营收益和净资本
601995|券商|投行、国际机构及财富业务|项目周期与资本密集交易收益|手续费、交易收益、国际资本及信用损失
000002|开发地产|销售回款、交付与债务安排决定股权剩余价值|预售监管资金与账面现金不能等同自由现金|债务到期、受限资金、销售回款及减值
001979|开发运营|开发业务与园区商业运营|开发减值、投资物业资本占用|结算毛利、出租收入、销售回款及净债务
002244|开发地产|区域住宅开发与销售回款|区域集中、权益比例与结算周期|权益销售、交付毛利、项目债务与可用现金
600048|开发地产|住宅开发与物业服务|销售与结算错位、库存减值|权益销售、结算毛利、库存及资金限制
600208|地产金融控股|地产与金融股权资产分别兑现价值|金融投资收益与土地资产估值不可重复相加|分部利润、关联交易、金融持股和净债务
600606|开发综合|地产开发与基建等综合经营|高杠杆、项目回款与融资依赖|债务期限、销售回款、受限现金与减值
600663|园区商业|写字楼商业出租与园区开发|资产估值、空置率和融资成本|租金、出租率、物业估值与净债务
600848|园区运营|产业园开发出租及园区服务|开发结算与稳定租金需分开|租金、出租率、土地开发毛利和资本开支
601155|开发商业|住宅开发与商业租赁运营|开发风险可能占用商业现金流|购物中心租金、出租率、债务与受限现金
000009|综合材料|电池材料与多元股权资产|控股层权益和子公司利润不可重复计算|材料分部利润、少数股东与母公司现金
000032|数字工程|电子工程与数字基础设施|工程收入增长伴随应收和合同资产占用|工程毛利、应收账龄、回款与算力资本开支
000039|集装箱装备|集装箱、车辆及能源装备|集装箱周期与多元业务资本占用|集装箱量价、海工订单、分部现金回报
000062|电子分销|电子元件渠道及交易平台|贸易收入不能等同高附加值技术收入|存货减值、应收、毛利率与现金转化
000088|港口公路|港口投资与公路收费|权益法投资利润未必当期收到现金|港口投资分红、收费期限与扩建支出
000157|工程机械|工程机械整机与海外经营|出口收入受回款、渠道库存与汇率影响|产品量价、海外回款及应收减值
000338|动力装备|发动机与重型装备、境外业务|整机周期及境外分部利润波动|发动机结构、海外利润、订单与资本回报
000400|电网设备|输配电、保护及电力电子|招标规模不等于高毛利可回款订单|中标价格、订单交付、应收和现金
000415|航空租赁|飞机等资产经营租赁与融资租赁|航司信用、飞机残值及外币债务|租金收现、出租率、租赁资产减值及债务期限
000429|公路|高速公路收费经营|收费期限、车流与扩建负债|车流收费、特许经营期限、维护扩建支出
000519|军工材料|特种装备与超硬材料|军品交付与培育钻石周期混合|分部盈利、应收、存货及订单验收
000528|工程机械|土方机械与海外经营|收入增长可能伴随利润率及现金恶化|电动化产品毛利、海外回款与可转债摊薄
000582|港口|港口装卸与物流|吞吐量增长受货种价格及扩建影响|货种结构、吨货收益、资本开支与现金
000733|军工电子|高可靠电子元器件|订单恢复须转化为验收和回款|存货、应收、订单验收及军品毛利
000738|航空制造|航空发动机控制系统|研发与交付周期拉长现金转换|控制系统交付、毛利、存货及回款
000768|航空制造|飞机制造及航空零部件|军品交付集中与合同资产占用|交付节奏、预收款、存货和关联交易
000785|商业服务|家居卖场经营及服务|出租率、租金与减值受地产链影响|出租率、同店租金、回款及投资物业
000786|建材|石膏板与防水涂料业务|并购扩张与地产需求压力|石膏板量价、并购分部利润和应收
000800|商用车|重卡整车制造|景气与出口不能脱离单车利润|销量结构、单车毛利、渠道库存及现金
000951|商用车|重卡整车及零部件|出口及产品结构变化影响利润率|国内外销量、单车盈利、回款与关联交易
001386|建材|建筑陶瓷经营|地产链需求、经销商信用与新股基数|瓷砖量价、经销回款、库存与募投产能
001391|航空物流|航空货运与综合物流|运价与飞机租赁资本成本|货运运价、载运率、国际航线及租赁本金
001696|动力装备|通用动力及摩托车发动机|新业务叙事未必贡献当期利润|通机销量、发动机毛利、航空业务实收订单
001965|公路|高速公路投资运营|权益法利润与合并现金不同|收费期限、路产分红、债务与扩建支出
002008|激光设备|工业激光与数控设备|设备订单、验收与资本占用|激光交付、PCB设备利润、应收与存货
002025|军工连接|连接器与继电器等元件|军工验收与客户集中|产品毛利、军品验收、存货和回款
002028|电网设备|输配电设备与海外业务|在手订单价格与实际盈利错位|海外交付毛利、回款、库存及资本开支
002056|磁材光伏|磁性材料、光伏及电池业务|光伏低价及多业务资本分配|磁材与光伏分部毛利、存货及现金
002120|快递|加盟快递网络运营|单票价格下行与服务成本|快递单量、单票收入成本及网络资本开支
002202|风电|风机制造与风电服务运营|风机价格、质保与风场投资占用|订单价格、整机毛利、质保费用和现金
002266|环保水电|环保资源处理与水电设备|贸易规模及金属价格扰动利润|处理量、资源回收毛利、应收与现金
002271|建材|防水材料与施工服务|地产客户坏账和渠道价格压力|渠道收入、应收账龄、减值与回款
002335|电力电子|UPS、数据中心及新能源电源|算力需求不能自动提高所有分部利润|UPS与数据中心盈利、回款和资产资本开支
002340|资源材料|金属回收与电池材料|金属价格和产能利用率周期|回收分部毛利、镍资产现金、存货减值
002352|物流|快递快运及综合供应链|重资产网络投入与国际业务利润|单票利润、分部现金、航空租赁及资本开支
002414|军工红外|红外探测器与装备系统|军品订单节奏和新产能折旧|交付验收、存货、应收及器件毛利
002444|工具|手工具与消费工业工具|关税、渠道去库存和并购整合|北美客户库存、产品毛利及并购现金回报
002487|风电部件|风电塔筒及海工结构件|项目交付与海外项目回款|出口交付、海工毛利、在建工程和现金
002625|军工材料|超材料产品及军工配套|扩产订单转化与单一客户集中|验收收入、产能利用率、应收和现金
003021|精密传动|微型传动系统|机器人概念未必形成可核收入|产品量价、新客户订单与研发资本开支
003035|节能服务|综合能源及节能项目服务|节能项目投资和应收占用|项目节能收益、回款、资本开支与债务
300001|电气充电|电力设备及充电网络|充电量扩张不等于每度电利润|充电量单价、利用率、设备毛利和资本开支
300012|检测|第三方检测与认证服务|实验室扩张、收购和费用率|同店收入、实验室利用率、ROIC与现金
300024|机器人装备|工业机器人及自动化系统|项目验收和规模毛利弱于订单叙事|产品收入、验收、毛利及现金跑道
300054|电子材料|CMP等半导体材料及耗材|国产替代需匹配客户导入和产能利用|抛光垫等产品量价、研发及新增产能现金
300140|环保|垃圾处理与环保装备|特许经营投资和财政回款|垃圾处理费、应收账龄、资本开支及项目债
300274|新能源电力电子|逆变器与储能系统|出口、储能低价及客户资本支出波动|储能系统毛利、逆变器量价、回款及质保
300316|光伏装备|晶体生长设备及材料|光伏扩产收缩和订单延期|设备交付验收、合同负债、存货及材料毛利
300390|电池材料|锂盐及电池材料投资|锂价反弹不能当永久盈利|锂盐量价、单位成本、参股收益和资本开支
300450|电池装备|电池及新能源生产设备|客户扩产放缓和设备验收|订单、验收、毛利、存货和预收款
300475|电子分销|存储芯片分销与相关产品|分销毛利、库存价格及营运资本|存储量价、存货、应收及授信现金需求
300567|检测装备|显示与半导体检测设备|新品研发与客户验收时间差|半导体订单交付、费用、存货和回款
300718|轴承|自润滑轴承与运动部件|机器人订单规模与竞争尚待核|现有轴承量价、研发、机器人实收收入
300724|光伏装备|光伏电池制造设备|客户资本支出及验收压力|订单取消、合同负债、减值和回款
300751|光伏装备|光伏及半导体显示制造设备|光伏换代扩产与客户偿付压力|订单验收、设备毛利、预收及存货
300757|自动化光通信|自动化设备与光通信产线|项目并购和新业务验收不等于稳定利润|光通信交付毛利、并购股本与现金
300763|新能源电力电子|光伏逆变器与电站经营|渠道库存和单价下行|逆变器出货毛利、海外回款及电站资本开支
300919|电池材料|电池前驱体与资源一体化|资源项目和金属价格带来资本周期|前驱体单位利润、镍项目、现金与债务
300953|精密制造|电机铁芯与电池结构件|客户扩产与薄利产能投入|结构件毛利、产能利用率及资本开支
301200|PCB装备|PCB钻孔成型设备|PCB客户扩产和设备验收|订单交付、设备毛利、存货与应收
301377|PCB工具|PCB微钻与精密刀具|高端产品结构与客户扩产可持续性|钻针量价、毛利、新产能现金回报
302132|航空制造|飞机及航空零部件|重大资产重组后基数和关联交易|重述比较期、交付、股本、预收及存货
600004|机场|航空及非航商业经营|国际恢复需扣除折旧及新增投资|旅客量、商业收入、产能利用及扩建支出
600009|机场|机场航空与商业运营|免税经营与固定成本结构|国际旅客、免税收入、折旧及资本开支
600018|港口|集装箱装卸及物流投资|贸易流、权益法收益与扩建投入|集装箱量价、投资分红、资本开支
600026|航运|油运及能源运输|运价和地缘事件具有周期性|运价、吨海里、船舶折旧与资本开支
600029|航空|客运与货运航空经营|油价、汇率及租赁负债|客公里收益、客座率、油耗与租赁本金
600031|工程机械|工程机械整机与出口业务|出口周期、回款和渠道库存|挖机量价、海外利润、应收减值与现金
600038|航空制造|直升机及相关配套|交付验收和重组可比性|直升机交付、合同负债、存货与关联交易
600039|工程建设|路桥建设及资源能源业务|项目回款、资源投资与安全成本|合同资产、应收、矿业投资及净债务
600066|客车|客车制造与海外销售|出口增长和国内更新需求影响单车盈利|国内外销量、单车毛利、回款及分红覆盖
600089|电力资源|输变电、能源资源及新能源|煤硅周期与电网设备利润应分开|分部毛利、煤硅单位利润、资本开支
600115|航空|航空客运及货运服务|燃油汇率与租赁偿债压力|客座率、票价、单位成本和净债务
600118|航天|卫星制造与卫星应用|项目研发验收与商业卫星收入不确定|验收收入、合同负债、应收和现金
600150|船舶|民用及军用船舶制造|合并口径与船舶长周期订单|合并比较期、订单价、交付、预收和股本
600153|供应链地产|供应链经营与地产开发|贸易营收不等于毛利，地产风险单列|供应链毛利、应收存货、地产回款及债务
600166|商用车|商用车整车与相关服务|产品销量和投资收益错位|单车盈利、出口毛利、关联分部与现金
600170|工程建设|建筑施工、设计与城市建设|项目垫资和地产链回款|合同资产、应收减值、项目现金及债务
600221|航空|航空运输经营|经营改善与债务租赁重整分开|票价、客座率、现金债务及租赁偿付
600233|快递|加盟快递网络与航空货运|价格竞争和枢纽投资|单票利润、运价、网络利用率及资本开支
600312|电网设备|高压开关及输配电设备|中标价和原料成本影响利润|订单交付、开关毛利、应收和现金
600316|航空制造|航空产品制造|验收收入波动与研发费用|订单验收、库存、费用率与现金
600350|公路|高速公路及路桥相关资产|路产收费与工程业务回款错位|车流收费、收费期限、投资分红与债务
600372|航空制造|机载系统及航空配套|军品交付和合并分部毛利|系统交付、分部毛利、存货及回款
600377|公路|高速公路投资运营|收费年限及资本投入影响股息|车流、收费期限、路产分红与扩建支出
600406|电网自动化|电网自动化及电力信息系统|研发及项目交付回款压力|订单交付、项目毛利、应收及资本开支
600415|商业物流|市场经营、贸易与物流服务|平台交易量不能直接当公司收入|市场租金、贸易毛利、支付业务实收利润
600435|军工控制|导航控制及军工配套|交付与验收波动、客户集中|军品收入、毛利、存货和关联回款
600438|光伏材料|多晶硅、电池及农业业务|光伏过剩、现金成本与减值|硅料电池单位成本、存货减值、资本开支
600482|船舶动力|船舶动力及相关系统|重组范围与船舶订单周期|动力交付、合并范围、合同负债与毛利
600499|建材装备|陶瓷机械与相关材料投资|海外产能和参股利润占用资本|机械订单、海外建材毛利、参股现金分红
600515|机场地产|机场、商业及地产资产|机场运营与物业价值需分部核对|机场现金、地产减值、受限资金与净债务
600517|电力金融|电力设备与信托证券资产|金融投资和设备利润不宜统一PE|金融分部风险、设备毛利及现金上划
600562|军工电子|雷达及电子系统|项目订单验收与研发支出|雷达交付、费用、应收和合同负债
600582|煤机|煤机装备及煤炭相关服务|煤价和矿业资本支出周期|装备毛利、服务收入、回款及资本开支
600685|船舶|船舶制造与海工业务|新船订单盈利在交付前未兑现|船舶订单价、交付、预收和现金
600704|供应链|大宗商品供应链与实业|高营收薄利及信用风险|贸易毛利、应收存货、减值和实业资本回报
600760|航空制造|飞机及航空配套|交付周期和客户集中|飞机验收、预收款、存货及关联交易
600764|军工电子|水下信息及电子装备|军品交付与经营现金错位|产品验收、毛利、存货和回款
600765|航空锻造|航空锻铸件及液压相关业务|订单转化、扩产折旧及材料成本|锻件毛利、产能利用、应收与资本开支
600820|工程建设|隧道及城市基础设施建设|工程垫资和项目回款风险|合同资产、工程回款、特许经营投资
600862|航空材料|航空复合材料与相关装备|客户集中和产能兑现周期|复材交付、单位成本、存货及现金
600875|发电装备|发电设备与能源工程服务|长周期项目价及工程回款|设备订单、产品毛利、预收和现金
600879|航天电子|航天电子及系统产品|研发交付及存货占用|交付验收、分部毛利、存货和研发支出
600885|电气元件|继电器与电气元件|产品结构和原料价格波动|高压直流等产品量价、毛利及产能现金
600893|航空动力|航空发动机及维修业务|研发费用、在制品与交付验收|发动机交付、存货、合同负债和现金
600967|军工车辆|特种车辆及相关装备|军品验收与订单集中|交付、预收、存货及回款
600970|工程装备|水泥工程、运维及装备|国际项目回款与客户资本支出|在手订单、工程毛利、应收及海外现金
601000|港口|港口装卸及物流|货种价格和区域竞争|吞吐量、吨货收益、资本开支及分红
601006|铁路|煤炭等铁路运输|货量结构、清算及维护成本|运输量、单位收入、检修和分红覆盖
601012|光伏|硅片电池组件及相关业务|价格、技术切换和资产减值|组件硅片毛利、库存减值、产能及现金
601018|港口|港口装卸与物流服务|吞吐量和投资收益现金错位|货种量价、投资分红、扩建与现金
601021|航空|低成本航空经营|高客座率不能抵消票价及燃油冲击|客公里收益、单位成本、租赁与净现金
601106|重型装备|重型制造及工程装备|订单毛利和融资承受能力|交付验收、库存减值、经营现金及债务
601111|航空|航空运输及相关业务|扩表、燃油汇率与租赁债务|票价、客座率、单位成本和租赁偿付
601117|工程建设|化工工程承包及实业|工程订单与实业投资现金回收|工程毛利、合同资产、实业现金及资本开支
601156|航空物流|航空货运及供应链服务|运价周期与国际贸易风险|货运运价、载运率、业务毛利及租赁成本
601179|电网设备|输配电及特高压设备|项目交付、原料与中标价格|设备毛利、订单、应收和现金
601186|工程建设|铁路及综合工程承包|新增订单不能消除垫资和回款风险|合同资产、应收、项目现金及债务
601228|港口|装卸与物流服务|区域竞争和扩建折旧|货种量价、资本开支、折旧与现金
601298|港口|港口装卸与综合物流|资产整合与货种结构变化|吞吐量、吨货收益、资产并购及现金
601390|工程建设|铁路基建及资源等业务|利润受垫资减值及资源投资影响|工程应收、合同资产、资源现金与净债务
601399|重型装备|大型装备与工程服务|订单兑现和资产减值压力|产品交付、毛利、存货减值及现金
601567|电气计量|电能计量与相关电力业务|海外客户集中和投资业务混合|计量订单毛利、回款、投资收益与分部现金
601598|物流|货代、专业物流与电商物流|运价变动影响贸易规模与毛利|单箱服务毛利、货量、应收与租赁本金
601608|重型装备|矿山水泥等重型装备|矿业投资周期和订单验收|订单毛利、交付、存货与经营现金
601611|工程建设|核电及工业工程施工|核电订单需核回款和垫资|合同资产、应收、工程毛利与债务
601615|风电|风机制造与风场经营|整机薄利和风场资本占用|整机单位利润、质保、项目现金及债务
601618|工程建设|冶金工程及综合建设|地产链、资源项目和回款风险|合同资产、减值、经营现金与资源投资
601668|工程建设|房建、基建与地产开发|建筑收入与地产风险应分拆|地产回款、工程应收、合同资产与债务
601669|工程建设|能源电力工程与电站运营|项目融资和工程垫资压力|工程毛利、合同资产、电站资本开支
601717|煤机汽车|煤矿设备与汽车零部件|煤机周期和汽车分部盈利不同|分部毛利、整合费用、现金及净债务
601727|综合装备|能源与工业装备、工程服务|多分部低回报与资产减值|分部利润、工程回款、减值及债务
601766|轨交装备|铁路车辆与城轨装备|订单周期、海外回款和研发|车辆交付、合同负债、分部毛利及现金
601800|工程建设|交通工程与港口公路建设|国际项目风险与国内回款|海外工程毛利、合同资产、应收和债务
601816|铁路|高速铁路运输与相关资产|客流、票价和投资资产回报|客流单位收入、清算成本、维护及分红
601865|光伏玻璃|光伏玻璃与浮法玻璃|供需过剩和燃料价格挤压利润|玻璃售价、单位成本、库存与扩产现金
601866|航运租赁|船舶租赁与集装箱业务|租赁债务、残值与周期性投资收益|租赁收现、资产减值、投资分红及债务期限
601868|工程建设|能源工程与装备运营|工程规模增长占用营运资本|合同资产、经营现金、装备毛利及债务
601872|航运|油运散运及其他航运业务|运价、汇率及船舶更新周期|分船型运价、租赁、造船支出与现金
601877|电气光伏|低压电器与新能源资产|电器利润与光伏资本占用需分开|低压电器毛利、光伏权益及现金回报
601880|港口|港口装卸与综合服务|货种结构和区域产能竞争|吨货收益、吞吐量、资本开支与分红
601919|航运|集装箱航运及码头|高利润运价不能当中周期常态|现货合约运价、箱量、新船及股息覆盖
603092|风电传动|风电齿轮箱经营|风电客户集中、新股及扩产基数|齿轮箱量价、质保、客户回款与募投资金
603298|叉车|工业车辆制造与海外销售|关税、渠道与产品结构影响单位利润|电动叉车占比、单车毛利及海外回款
603308|精密铸造|高端铸件与航空动力相关业务|新产品周期和扩产折旧|燃机航空件交付、毛利、研发及资本开支
603338|高空作业|高空作业平台与海外销售|出口价格、渠道库存和贸易风险|单机毛利、海外回款、库存及产能现金
603565|航运|内贸集装箱运输与物流|运价、运力扩张和周期性分红|内贸运价、箱量、船舶支出与净现金
603568|环保|垃圾焚烧运营及设备等业务|项目投资、财政回款与新材料扩张|运营处理费、应收、设备毛利和新业务资本
603606|电缆|海缆与电力电缆系统|海风项目节奏和铜价传导|海缆交付毛利、订单价、回款及资本开支
603699|阀门|工业阀门及能源领域服务|油气投资及订单产品结构|高端阀门毛利、订单、海外回款与现金
603728|运动控制|电机、驱动及相关系统|机器人概念与现有电机盈利不同|产品毛利、新业务收入、费用和现金
603806|光伏材料|光伏封装胶膜及相关材料|组件客户需求和售价下行|胶膜量价、单位成本、存货与客户回款
603885|航空|航空运输经营|票价、油价汇率和租赁负债|客公里收益、客座率、单位成本及租赁本金
603899|文具零售|文具、办公直销与零售|直销薄利与零售开店成本|传统文具毛利、直销回款、零售同店及现金
603979|矿业服务|矿山工程服务与矿产资源|矿业项目回款和资源扩产投入|服务毛利、资源产量成本、回款与资本开支
605117|新能源电力电子|逆变器、储能电池及家电相关产品|渠道、贸易风险及储能竞争|逆变器量价、储能毛利、海外回款与现金
688009|轨交控制|轨交信号控制与工程服务|城市轨交建设及项目回款|控制系统毛利、工程应收、合同资产
688017|精密传动|谐波减速器与精密零部件|机器人放量假设与产能折旧|减速器销量单价、毛利、产能利用和现金
688187|轨交电力电子|轨交电气与新兴电力电子|轨交订单与半导体扩产回报分开|轨交交付、功率器件毛利、资本开支
688188|工业控制|激光加工控制与智能装备软件|激光设备资本开支和新品导入|控制系统结构、切割头毛利、研发及现金
688223|光伏|光伏电池组件及相关业务|售价下行、减值与负债约束|组件单位利润、现金成本、减值及净债务
688248|电网服务|电力技术服务与智能设备|储能项目与服务验收回款|设备毛利、服务验收、应收与现金
688281|军工材料|特种功能材料|军工订单集中和研发费用|交付、产品毛利、研发及存货
688297|航空制造|无人机系统及服务|订单验收、出口和客户集中|无人机交付、合同负债、费用及回款
688303|光伏材料|多晶硅制造|硅价与高固定成本导致周期亏损|单位现金成本、售价、库存及资本开支
688349|风电|风机与风电运营|价格、质保和风场投资回报|整机单位利润、订单价及风场现金
688375|军工电子|射频微波器件与组件|客户验收与扩产折旧|产品交付、毛利、存货及资本开支
688411|储能系统|储能系统集成与技术服务|订单毛利、供应商账期和现金占用|储能交付、系统毛利、应收及质保
688425|工程装备|隧道与地下施工装备|基建项目验收和客户信用|盾构交付、毛利、应收及经营现金
688472|光伏储能|光伏组件与储能项目|项目价值和贸易壁垒、资本开支|组件利润、储能验收、项目出售及净债务
688563|航空材料|航空材料与特种产品|客户集中、扩产及新产品认证|材料交付、毛利、研发和募投现金回报
688599|光伏储能|组件、系统及储能业务|光伏周期与资产减值冲击股东价值|分部毛利、现金成本、库存及净债务
688629|军工连接|连接器与互连系统|高速连接业务收入与概念错位|分产品毛利、订单验收、研发及回款
688676|电力设备|变压器与数字化工厂等业务|算力及海外需求需要订单毛利证据|海外变压器交付、毛利、应收及扩产
688708|军工材料|电磁功能与相关材料|客户交付集中和新产能兑现|材料交付、毛利、研发、存货及资本开支
688777|工业控制|工业自动化与软件系统|海外及机器人新业务费用和回款|自动化毛利、软件实收收入、应收与研发
688778|电池材料|锂电正极材料|原料价格与加工利润需分拆|正极量价、单位加工利润、存货及现金
688819|电池|铅酸及锂电等电池业务|铅价、渠道与新业务资本开支|铅酸单位利润、锂电亏损、库存及资本开支
