代码,公司,分类,研究分组,评级,认证估值,收入元,归母元,扣非元,经营现金元,普通股BVPS,参考行情元,行情时点,报告
000001,平安银行,金融,银行,观察,未认证,70617000000.0,25696000000.0,25633000000.0,215012000000.0,24.13,11.57,20260930161500,000001.md
000166,申万宏源,金融,券商控股,观察,未认证,13836472563.33,5730431558.07,5602112328.05,-9929580277.94,,4.38,20260930161500,000166.md
000617,中油资本,金融,金融控股,观察,未认证,15054391544.85,3360931487.62,3277104411.38,-8727011523.95,,6.56,20260930161457,000617.md
000728,国元证券,金融,券商,观察,未认证,3945490556.18,1703132909.4,1696402658.93,4440075799.79,,7.25,20260930161442,000728.md
000750,国海证券,金融,券商,观察,未认证,2212000490.56,550817065.87,551672383.84,7194760034.66,,3.61,20260930161451,000750.md
000776,广发证券,金融,券商,观察,未认证,26882915365.65,11651737395.81,11904557975.24,30062737330.81,,19.88,20260930161415,000776.md
000783,长江证券,金融,券商,观察,未认证,7426077648.44,3192493416.16,3163630956.69,28510448451.41,,7.94,20260930161451,000783.md
002142,宁波银行,金融,银行,观察,未认证,41450000000.0,16562000000.0,16593000000.0,33234000000.0,36.76,35.43,20260930161433,002142.md
002423,中粮资本,金融,金融控股,观察,未认证,5189523131.75,917152381.63,922307029.2,14013977385.62,,9.14,20260930161406,002423.md
002500,山西证券,金融,券商,观察,未认证,1773448142.0,602667441.0,569979327.0,2150868238.0,,5.18,20260930161448,002500.md
002673,西部证券,金融,券商,观察,未认证,3685964786.51,1035149682.04,1027570276.9,-1632550317.56,,6.59,20260930161451,002673.md
002736,国信证券,金融,券商,观察,未认证,12558859400.0,5731579200.0,5716110100.0,28233393700.0,,9.8,20260930161433,002736.md
002797,第一创业,金融,券商,观察,未认证,2170409124.42,687847672.0,687184055.7,2096671917.48,,6.12,20260930161406,002797.md
002926,华西证券,金融,券商,观察,未认证,2712330102.6,971606913.83,965484944.25,8743657286.1,,8.15,20260930161415,002926.md
002939,长城证券,金融,券商,观察,未认证,2843947460.33,1394191817.75,1393872747.38,8854915931.54,,7.72,20260930161415,002939.md
002945,华林证券,金融,券商,观察,未认证,848880332.74,257846167.87,232716642.47,875213910.29,,13.98,20260930161430,002945.md
002966,苏州银行,金融,银行,观察,未认证,7354443000.0,3401080000.0,3405915000.0,37913555000.0,11.85,9.3,20260930161415,002966.md
300059,东方财富,金融,券商平台,观察,未认证,10505339283.68,8064281453.11,7726695676.62,30313788393.63,,17.79,20260930161442,300059.md
600000,浦发银行,金融,银行,观察,未认证,93777000000.0,30951000000.0,30971000000.0,404304000000.0,22.63,9.48,20260930161454,600000.md
600015,华夏银行,金融,银行,观察,未认证,51308000000.0,9365000000.0,9354000000.0,99148000000.0,20.13,6.27,20260930161451,600015.md
600016,民生银行,金融,银行,观察,未认证,75166000000.0,19537000000.0,19633000000.0,184168000000.0,13.24,3.51,20260930161454,600016.md
600030,中信证券,金融,券商,观察,未认证,49691932907.1,23343231403.68,23609630731.09,105619808843.44,,25.86,20260930161442,600030.md
600036,招商银行,金融,银行,观察,未认证,178181000000.0,76445000000.0,76339000000.0,304611000000.0,45.4,41.26,20260930161447,600036.md
600061,国投资本,金融,金融控股,观察,未认证,7973701923.02,2198520561.34,2300557666.32,42094732261.81,,6.19,20260930161453,600061.md
600095,湘财股份,金融,券商控股,观察,未认证,1202004291.55,529287832.44,501606238.59,836752047.89,,8.73,20260930161439,600095.md
600109,国金证券,金融,券商,观察,未认证,4905375099.94,1313043738.41,1274692850.06,33712800203.5,,8.13,20260930161446,600109.md
600369,西南证券,金融,券商,观察,未认证,2069281466.66,604527876.98,585985824.55,-1715398417.38,,3.92,20260930161449,600369.md
600390,五矿资本,金融,金融控股,观察,未认证,3230408630.03,1075141369.86,1100754416.97,642336328.86,,4.85,20260930161456,600390.md
600816,建元信托,金融,信托,观察,未认证,111632181.98,1071335157.81,174356703.2,177156461.37,,2.38,20260930161500,600816.md
600901,江苏金租,金融,金融租赁,观察,未认证,3514500100.0,1709159600.0,1682056900.0,-1392095600.0,4.45,6.94,20260930161452,600901.md
600906,财达证券,金融,券商,观察,未认证,2074130186.97,766194871.25,765660901.94,859854238.79,,6.29,20260930161457,600906.md
600909,华安证券,金融,券商,观察,未认证,4006745933.45,2096652466.67,2082749987.52,5222887100.68,,7.77,20260930161458,600909.md
600918,中泰证券,金融,券商,观察,未认证,7537087097.57,1752497271.3,1671522992.58,5445794240.76,,5.42,20260930161456,600918.md
600919,江苏银行,金融,银行,观察,未认证,48951744000.0,21875647000.0,21803568000.0,189271509000.0,14.79,12.38,20260930161500,600919.md
600926,杭州银行,金融,银行,观察,未认证,21047502000.0,12813493000.0,12800705000.0,-34558164000.0,19.84,17.11,20260930161447,600926.md
600958,东方证券,金融,券商,观察,未认证,9560127165.28,4518471217.8,4418247253.11,9315506462.29,,8.65,20260930161456,600958.md
600999,招商证券,金融,券商,观察,未认证,21901578682.9,10624328413.44,10626293415.35,63737640434.13,,17.07,20260930161449,600999.md
601009,南京银行,金融,银行,观察,未认证,31595756000.0,13650199000.0,13646168000.0,105177712000.0,15.62,11.98,20260930161447,601009.md
601059,信达证券,金融,券商,观察,未认证,2435003187.48,1097412436.82,1090532576.21,638786093.36,,15.56,20260930161455,601059.md
601066,中信建投,金融,券商,观察,未认证,16228807704.41,7639129546.85,7763646092.41,60831264644.29,16.21,23.03,20260930161455,601066.md
601077,渝农商行,金融,银行,观察,未认证,15891600000.0,8167900000.0,8171800000.0,33533199999.999996,12.32,6.71,20260930161457,601077.md
601099,太平洋,金融,券商,观察,未认证,687650979.93,143820115.37,139269387.61,2342656953.38,,3.46,20260930161500,601099.md
601108,财通证券,金融,券商,观察,未认证,4347274840.85,1899804918.0,1862419793.38,-3037300595.36,,8.15,20260930161451,601108.md
601128,常熟银行,金融,银行,观察,未认证,6428302000.0,2178314000.0,,-4711584000,9.19,6.26,20260930161452,601128.md
601136,首创证券,金融,券商,观察,未认证,1543974743.16,671685850.52,664898333.56,-1598995262.37,,13.89,20260930161458,601136.md
601162,天风证券,金融,券商,观察,未认证,1587737933.75,203752717.66,215323801.75,3477442300.33,,3.56,20260930161449,601162.md
601166,兴业银行,金融,银行,观察,未认证,110177000000.0,41131000000.0,40780000000.0,-7309000000.0,39.63,18.05,20260930161455,601166.md
601169,北京银行,金融,银行,观察,未认证,38248000000.0,15900000000.0,16039000000.0,1214000000.0,13.48,5.57,20260930161440,601169.md
601198,东兴证券,金融,券商,观察,未认证,2505602174.61,1024731981.8,1025042898.8,10359812193.29,,13.06,20260930161441,601198.md
601211,国泰海通,金融,券商,观察,未认证,47163077753.0,20259526242.0,19510164100.0,67921371666.0,18.9,16.87,20260930161441,601211.md
601229,上海银行,金融,银行,观察,未认证,28842209000.0,13298558000.0,13333376000.0,-434193000.0,18.12,9.75,20260930161456,601229.md
601236,红塔证券,金融,券商,观察,未认证,1022752613.05,510012263.35,501736470.01,989904580.23,,7.01,20260930161449,601236.md
601288,农业银行,金融,银行,观察,未认证,410871000000.0,146381000000.0,146449000000.0,287612000000.0,8.17,6.97,20260930161449,601288.md
601318,中国平安,金融,保险综合,观察,未认证,575138000000.0,92585000000.0,87712000000.0,368037000000.0,56.78,53.29,20260930161454,601318.md
601319,中国人保,金融,保险综合,观察,未认证,355115000000,36745000000,37190000000,63936000000,7.69,7.98,20260930161457,601319.md
601328,交通银行,金融,银行,观察,未认证,142343000000.0,47874000000.0,47600000000.0,94943000000.0,13.22,7.75,20260930161450,601328.md
601336,新华保险,金融,寿险,观察,未认证,83258000000.0,22793000000.0,22829000000.0,56190000000.0,39.61,56.35,20260930161456,601336.md
601377,兴业证券,金融,券商,观察,未认证,6730289948.61,2129258950.19,2079674632.39,8001275121.7,,5.72,20260930161455,601377.md
601398,工商银行,金融,银行,观察,未认证,465859000000.0,173682000000.0,173082000000.0,1369013000000.0,11.12,8.28,20260930161458,601398.md
601456,国联民生,金融,券商,观察,未认证,4570084788.87,1415486949.09,1406196069.59,479801999.77,,8.51,20260930161458,601456.md
601555,东吴证券,金融,券商,观察,未认证,5750969223.17,2420493387.11,2413368873.92,5565218675.84,,8.13,20260930161500,601555.md
601577,长沙银行,金融,银行,观察,未认证,13780035000.0,4547857000.0,4578561000.0,-28195165000.0,18.89,9.71,20260930161449,601577.md
601601,中国太保,金融,保险综合,观察,未认证,212136000000.0,30775000000.0,29784000000,115080000000.0,33.18,31.06,20260930161441,601601.md
601628,中国人寿,金融,寿险,观察,未认证,434307000000.0,134489000000.0,134560000000.0,282879000000.0,23.5,36.7,20260930161442,601628.md
601658,邮储银行,金融,银行,观察,未认证,192482000000.0,51503000000.0,49370000000.0,352514000000.0,8.71,5.46,20260930161450,601658.md
601665,齐鲁银行,金融,银行,观察,未认证,7497285000.0,3173519000.0,3174063000.0,18477369000.0,8.45,7.13,20260930161453,601665.md
601688,华泰证券,金融,券商,观察,未认证,23657992725.6,11691538976.32,11702280917.06,78832257718.98,,17.8,20260930161445,601688.md
601696,中银证券,金融,券商,观察,未认证,1921926413.71,746140880.49,700076609.58,19996422784.01,,10.96,20260930161451,601696.md
601788,光大证券,金融,券商,观察,未认证,6055522454.29,2229090140.0,2061970475.27,8026441627.85,,13.68,20260930161457,601788.md
601818,光大银行,金融,银行,观察,未认证,63068000000.0,18711000000.0,18746000000.0,60884000000.0,8.59,3.04,20260930161452,601818.md
601825,沪农商行,金融,银行,观察,未认证,13688312000.0,7073316000.0,7031980000.0,29268298000,13.8,8.61,20260930161455,601825.md
601838,成都银行,金融,银行,观察,未认证,12775948000.0,6904519000.0,6852332000.0,67431071000.0,21.76,19.31,20260930161453,601838.md
601878,浙商证券,金融,券商,观察,未认证,5702941183.09,1610963188.53,1601427634.59,15638751589.53,,8.97,20260930161500,601878.md
601881,中国银河,金融,券商,观察,未认证,16850003624.28,7797060907.51,7780815762.38,73327077710.41,,11.59,20260930161458,601881.md
601901,方正证券,金融,券商,观察,未认证,7340596869.45,2957339533.61,2995050366.28,3266110212.48,6.41,6.71,20260930161435,601901.md
601916,浙商银行,金融,银行,观察,未认证,33256000000.0,7824000000.0,7619000000.0,122322000000.0,6.61,2.88,20260930161441,601916.md
601939,建设银行,金融,银行,观察,未认证,436529000000.0,169564000000.0,168269000000.0,350683000000.0,13.69,11.06,20260930161433,601939.md
601988,中国银行,金融,银行,观察,未认证,356903000000.0,123594000000.0,123479000000.0,515800000000.0,8.54,6.73,20260930161439,601988.md
601990,南京证券,金融,券商,观察,未认证,1825718638.94,795505224.63,796042091.56,-459660224.26,,6.58,20260930161442,601990.md
601995,中金公司,金融,券商,观察,未认证,19302467972.0,8199268268.0,8034596109.0,63642846857.0,,30.63,20260930161451,601995.md
601997,贵阳银行,金融,银行,观察,未认证,7207186000.0,2360268000.0,2374320000.0,28421159000.0,18.06,5.61,20260930161457,601997.md
601998,中信银行,金融,银行,观察,未认证,109408000000.0,37602000000.0,36135000000.0,230988000000.0,13.42,9.1,20260930161500,601998.md
000002,万科A,房地产,开发地产,回避,未认证,70169108549.07,-14951268522.5,-13840436168.69,494766013.42,8.56,4.26,20260930161454,000002.md
001979,招商蛇口,房地产,开发运营,观察,未认证,54784226837.78,528057131.88,63036479.5,24135172759.81,,7.58,20260930161415,001979.md
002244,滨江集团,房地产,开发地产,观察,未认证,32110756566.97,1550668383.35,1542141960.91,5534876483.62,,10.14,20260930161457,002244.md
600048,保利发展,房地产,开发地产,观察,未认证,102860312300.0,1958596500.0,1867596700.0000002,24551667100.0,,5.77,20260930161458,600048.md
600208,衢州发展,房地产,地产金融控股,观察,未认证,384509845.65,169143269.77,810776072.46,-544230005.19,,2.91,20260930161438,600208.md
600606,绿地控股,房地产,开发综合,回避,未认证,66714907580.31,-301734671.94,-1918570296.37,726738875.33,,1.54,20260930161454,600606.md
600663,陆家嘴,房地产,园区商业,观察,未认证,8098464183.29,1108155492.41,1112522953.74,5407296613.25,,10.11,20260930161500,600663.md
600848,上海临港,房地产,园区运营,观察,未认证,2599603025.48,559556799.58,330583504.49,-741389889.21,,9.05,20260930161439,600848.md
601155,新城控股,房地产,开发商业,观察,未认证,17644161447.0,848781014.0,886017727.0,824435896.0,,12.87,20260930161441,601155.md
000009,中国宝安,工业,综合材料,等待证据,未认证,13353949551.43,-29732872.5,-38809874.76,84697984.57,,6.93,20260930161457,000009.md
000032,深桑达A,工业,数字工程,等待证据,未认证,24263096006.64,-208402053.83,-244461703.29,-1503131577.93,,13.09,20260930161430,000032.md
000039,中集集团,工业,集装箱装备,观察,未认证,78913080000.0,739512000.0,664779000.0,-560092000.0,,8.6,20260930161445,000039.md
000062,深圳华强,工业,电子分销,观察,未认证,17748016237.79,391438713.35,400499061.3,-798362420.35,,21.32,20260930161445,000062.md
000088,盐田港,工业,港口公路,观察,未认证,436644668.04,696644306.62,697444799.09,88046702.25,,4.66,20260930161445,000088.md
000157,中联重科,工业,工程机械,观察,未认证,27135030851.85,2102189130.77,831283800.47,2419537032.76,,5.97,20260930161415,000157.md
000338,潍柴动力,工业,动力装备,观察,未认证,123162965227.85,7701265423.95,6118889076.31,11349444379.45,,25.1,20260930161445,000338.md
000400,许继电气,工业,电网设备,观察,未认证,6525206200.08,415877522.54,403478584.31,-310853599.72,,21.61,20260930161500,000400.md
000415,渤海租赁,工业,航空租赁,观察,未认证,23662922000.0,3204487000.0,1828251000.0,8686191000.0,5.07,4.13,20260930161430,000415.md
000429,粤高速A,工业,公路,观察,未认证,2118953007.1,850129256.86,846888853.21,1708576224.87,,12.46,20260930161500,000429.md
000519,中兵红箭,工业,军工材料,观察,未认证,3029821180.45,37197974.55,40165561.59,-557792216.42,,14.3,20260930161454,000519.md
000528,柳工,工业,工程机械,观察,未认证,20674017801.88,1063298435.26,935034822.72,97936245.9,,7.52,20260930161500,000528.md
000582,北部湾港,工业,港口,观察,未认证,3585508858.34,557882719.81,455581452.12,1295620342.28,,8.97,20260930161445,000582.md
000733,振华科技,工业,军工电子,观察,未认证,2241828759.34,246516104.84,212895491.33,816538241.23,,39.13,20260930161445,000733.md
000738,航发控制,工业,航空制造,观察,未认证,2759291909.92,216908976.35,213519329.24,551625122.9,,18.75,20260930161457,000738.md
000768,中航西飞,工业,航空制造,观察,未认证,14186111740.24,489697595.59,457725249.98,-638816273.3,,23.12,20260930161500,000768.md
000785,居然智家,工业,商业服务,观察,未认证,5454504349.06,195810954.04,314016733.98,854153704.61,,2.3,20260930161457,000785.md
000786,北新建材,工业,建材,观察,未认证,12631361907.71,1375440326.09,1317790675.51,684908017.8,,16.6,20260930161500,000786.md
000800,一汽解放,工业,商用车,观察,未认证,37570961164.48,306465407.39,33166100.88,6477573067.18,,5.88,20260930161500,000800.md
000951,中国重汽,工业,商用车,观察,未认证,38410428905.06,972705206.86,941296533.11,1773342921.47,,20.23,20260930161500,000951.md
001386,马可波罗,工业,建材,观察,未认证,2750214699.41,431494236.1,383586333.07,415862329.08,,15.98,20260930161454,001386.md
001391,国货航,工业,航空物流,观察,未认证,12538900409.0,917695978.0,829282711.0,1578859469.0,,3.84,20260930161430,001391.md
001696,宗申动力,工业,动力装备,观察,未认证,6564774552.87,418579820.35,382270337.85,953424248.66,,15.15,20260930161500,001696.md
001965,招商公路,工业,公路,观察,未认证,7184560900.94,2604997833.79,2585576977.68,2751558788.38,,10.05,20260930161500,001965.md
002008,大族激光,工业,激光设备,观察,未认证,13412802390.25,1287969666.61,1408755747.93,-682881874.99,,80.03,20260930161500,002008.md
002025,航天电器,工业,军工连接,观察,未认证,3269836748.88,128077066.27,116368977.65,-25473376.84,,67.01,20260930161445,002025.md
002028,思源电气,工业,电网设备,观察,未认证,10795207710.32,1463716011.88,1398219558.77,227212823.34,,120.46,20260930161430,002028.md
002056,横店东磁,工业,磁材光伏,观察,未认证,12342421800.0,948383600.0,810879400.0,729238100.0,,19.33,20260930161430,002056.md
002120,韵达股份,工业,快递,观察,未认证,26438607589.72,998426432.09,930984672.66,1627385817.88,,6.82,20260930161500,002120.md
002202,金风科技,工业,风电,观察,未认证,33739223184.34,1854513780.98,2021590512.57,-1578454827.67,,17.22,20260930161500,002202.md
002266,浙富控股,工业,环保水电,观察,未认证,13439578909.99,1355704049.59,1252118620.8,1210664483.53,,4.63,20260930161418,002266.md
002271,东方雨虹,工业,建材,观察,未认证,14867118630.48,613388814.38,576044820.19,-340192498.31,,10.61,20260930161415,002271.md
002335,科华数据,工业,电力电子,观察,未认证,3883879016.1,396206519.4,242354143.05,625979433.54,,29.93,20260930161415,002335.md
002340,格林美,工业,资源材料,观察,未认证,17986991903.42,1076253386.31,478931093.29,607698042.6,,6.11,20260930161430,002340.md
002352,顺丰控股,工业,物流,观察,未认证,155506421000.0,5501905000.0,4974949000.0,11171404000.0,,30.67,20260930161403,002352.md
002414,高德红外,工业,军工红外,观察,未认证,4215505171.94,1351196450.09,1314204344.68,-67503738.78,,11.18,20260930161457,002414.md
002444,巨星科技,工业,工具,观察,未认证,7674605023.56,1304695812.0,1275914147.31,900730603.05,,26.84,20260930161448,002444.md
002487,大金重工,工业,风电部件,观察,未认证,3252515191.59,600567001.92,588541719.64,1532688057.64,,46.29,20260930161442,002487.md
002625,光启技术,工业,军工材料,观察,未认证,1127996918.41,318817085.2,305187774.9,166610480.56,,23.57,20260930161445,002625.md
003021,兆威机电,工业,精密传动,观察,未认证,816448456.12,74645686.46,54183923.54,132586623.84,,70.25,20260930161430,003021.md
003035,南网能源,工业,节能服务,观察,未认证,1739314676.17,226510659.06,222948711.28,643111404.35,,5.34,20260930161448,003035.md
300001,特锐德,工业,电气充电,观察,未认证,6635321037.29,427524276.27,350138300.71,-410478543.61,,34.48,20260930161439,300001.md
300012,华测检测,工业,检测,观察,未认证,3429393251.1,563683787.04,528658889.09,437603114.27,,13.76,20260930161445,300012.md
300024,机器人,工业,机器人装备,等待证据,未认证,1451384074.86,-189093579.68,-212451644.55,-433252652.22,,12.88,20260930161430,300024.md
300054,鼎龙股份,工业,电子材料,观察,未认证,1924595428.4,529436710.39,484683042.71,567319887.9,,67.45,20260930161415,300054.md
300140,节能环境,工业,环保,观察,未认证,2877802232.96,587417207.04,604440218.36,1003147277.25,,5.36,20260930161457,300140.md
300274,阳光电源,工业,新能源电力电子,观察,未认证,30912265605.12,5258509295.38,4275499654.46,3735133201.04,,82.49,20260930161400,300274.md
300316,晶盛机电,工业,光伏装备,观察,未认证,3452197721.61,232240782.62,102289581.24,1366210239.69,,35.88,20260930161433,300316.md
300390,天华新能,工业,电池材料,观察,未认证,7780065437.36,2292289086.36,2266661676.3,178387866.43,,49.09,20260930161424,300390.md
300450,先导智能,工业,电池装备,观察,未认证,8189022992.98,956057472.49,925560751.0,4084821408.27,,34.94,20260930161430,300450.md
300475,香农芯创,工业,电子分销,观察,未认证,60204416155.57,3641509573.03,3530966862.96,5731320390.38,,153.24,20260930161445,300475.md
300567,精测电子,工业,检测装备,观察,未认证,1811876512.99,75034904.21,30406816.01,-722707749.88,,184.03,20260930161445,300567.md
300718,长盛轴承,工业,轴承,观察,未认证,755326765.52,127625086.62,118188052.55,99518066.56,,54.0,20260930161457,300718.md
300724,捷佳伟创,工业,光伏装备,观察,未认证,2726604936.43,374630617.57,300941173.05,1222095664.05,,53.55,20260930161454,300724.md
300751,迈为股份,工业,光伏装备,观察,未认证,2908724752.97,252112744.36,115378848.75,1647385331.85,,176.9,20260930161430,300751.md
300757,罗博特科,工业,自动化光通信,观察,未认证,608480111.76,6556844.7,3880392.11,232602094.05,,533.5,20260930161445,300757.md
300763,锦浪科技,工业,新能源电力电子,观察,未认证,3882098372.18,423062940.45,412154742.56,741171560.38,,52.96,20260930161415,300763.md
300919,中伟新材,工业,电池材料,观察,未认证,33584326322.62,1302895789.76,1255168032.59,1595538267.74,,37.24,20260930161427,300919.md
300953,震裕科技,工业,精密制造,观察,未认证,6394440075.91,423322864.52,411938457.79,59166340.79,,92.15,20260930161445,300953.md
301200,大族数控,工业,PCB装备,观察,未认证,4984920813.21,956862424.74,953281902.8,-1074920851.88,,224.79,20260930161421,301200.md
301377,鼎泰高科,工业,PCB工具,观察,未认证,1942851207.14,679131331.85,670044529.79,-45475718.67,,341.0,20260930161433,301377.md
302132,中航成飞,工业,航空制造,观察,未认证,15167213559.04,709070704.88,650744987.13,-7244379978.43,,57.76,20260930161448,302132.md
600004,白云机场,工业,机场,观察,未认证,4059603065.04,426542432.65,409181405.45,1742475354.79,,7.76,20260930161457,600004.md
600009,上海机场,工业,机场,观察,未认证,6502799586.18,1216000536.71,1122792518.28,2269818614.23,,22.58,20260930161439,600009.md
600018,上港集团,工业,港口,观察,未认证,21428784311.86,8519408311.61,7777598019.37,6946426783.96,,5.45,20260930161500,600018.md
600026,中远海能,工业,航运,观察,未认证,15146096669.99,4544997780.82,4449139512.72,6961636206.25,,20.56,20260930161449,600026.md
600029,南方航空,工业,航空,等待证据,未认证,94679000000.0,-3696000000.0,-4710000000.0,12596000000.0,,4.92,20260930161458,600029.md
600031,三一重工,工业,工程机械,观察,未认证,53305518000.0,5690229000.0,4681837000.0,9767583000.0,,17.49,20260930161446,600031.md
600038,中直股份,工业,航空制造,观察,未认证,9006766524.46,187515204.77,141330335.39,2577801064.47,,27.06,20260930161452,600038.md
600039,四川路桥,工业,工程建设,观察,未认证,46851707952.72,3090743976.06,3083328644.54,-4803173821.09,,8.73,20260930161455,600039.md
600066,宇通客车,工业,客车,观察,未认证,16718525500.0,1867413400.0,1795565500.0,5948735699.999999,,26.72,20260930161456,600066.md
600089,特变电工,工业,电力资源,观察,未认证,56554754900.0,2552310300.0,2673420300.0000005,6219687600.0,,17.32,20260930161458,600089.md
600115,中国东航,工业,航空,等待证据,未认证,74234000000.0,-2179000000.0,-3197000000.0,10697000000.0,,3.4,20260930161437,600115.md
600118,中国卫星,工业,航天,观察,未认证,1885317136.19,34565755.4,29342738.71,-280696184.71,,55.03,20260930161443,600118.md
600150,中国船舶,工业,船舶,观察,未认证,91529841600.0,9953567800.0,9742390200.0,10918336700.0,,39.1,20260930161448,600150.md
600153,建发股份,工业,供应链地产,观察,未认证,303784128199.63,988909561.37,1076578149.72,6640836088.77,,8.82,20260930161456,600153.md
600166,福田汽车,工业,商用车,观察,未认证,33668190092.68,905384252.54,776566501.14,3147624783.24,,2.8,20260930161500,600166.md
600170,上海建工,工业,工程建设,等待证据,未认证,96042416865.85,408492012.85,-113477295.06,-15589662624.15,,2.24,20260930161458,600170.md
600221,海航控股,工业,航空,观察,未认证,35517346000.0,270165000.0,29207000.0,6231008000.0,,1.22,20260930161439,600221.md
600233,圆通速递,工业,快递,观察,未认证,38893318800.0,3175039900.0,3122583100.0,3958827100.0,,17.79,20260930161446,600233.md
600312,平高电气,工业,电网设备,观察,未认证,5374387439.86,816852368.99,798302241.94,-689442009.26,,20.29,20260930161453,600312.md
600316,洪都航空,工业,航空制造,观察,未认证,2742439101.59,12094703.1,12862480.24,970134459.28,,33.41,20260930161435,600316.md
600350,山东高速,工业,公路,观察,未认证,10963953696.56,1577533188.17,1571609120.54,3553229844.08,,10.16,20260930161446,600350.md
600372,中航机载,工业,航空制造,观察,未认证,10969584392.82,606892273.96,547873770.77,-1171048344.42,,11.25,20260930161452,600372.md
600377,宁沪高速,工业,公路,观察,未认证,9293099244.08,2503328666.16,2487807127.16,3602918234.06,,13.0,20260930161456,600377.md
600406,国电南瑞,工业,电网自动化,观察,未认证,27767190529.75,3072688826.28,2925285478.78,591109591.8,,22.52,20260930161500,600406.md
600415,小商品城,工业,商业物流,观察,未认证,10281542979.96,1979200210.15,1823153382.74,-128795077.94,,11.08,20260930161442,600415.md
600435,北方导航,工业,军工控制,等待证据,未认证,929874536.91,-47713482.99,-51682315.44,466746345.34,,11.16,20260930161446,600435.md
600438,通威股份,工业,光伏材料,等待证据,未认证,34356956077.44,-5119294750.54,-5282960916.09,108966427.04,,11.52,20260930161452,600438.md
600482,中国动力,工业,船舶动力,观察,未认证,30842099404.47,1312093133.08,1267058100.78,6833050800.93,,33.51,20260930161444,600482.md
600499,科达制造,工业,建材装备,观察,未认证,10392409000.0,1284420200.0,1299728500.0,1365343000.0,,11.19,20260930161453,600499.md
600515,海南机场,工业,机场地产,观察,未认证,3012160233.09,118755807.34,35265975.3,283119379.77,,2.75,20260930161500,600515.md
600517,国网英大,工业,电力金融,观察,未认证,5720209114.27,1199631158.72,1183109307.16,-1648832442.7,,4.94,20260930161459,600517.md
600562,国睿科技,工业,军工电子,观察,未认证,1726502980.08,292978751.81,289260054.73,-396515671.5,,26.81,20260930161453,600562.md
600582,天地科技,工业,煤机,观察,未认证,12564881641.74,734645168.64,647117555.22,-3173308799.4,,4.9,20260930161445,600582.md
600685,中船防务,工业,船舶,观察,未认证,11119747426.2,836633375.14,782063601.41,5252650958.38,,28.71,20260930161449,600685.md
600704,物产中大,工业,供应链,观察,未认证,289876523972.67,1984908838.21,1699324476.1,-2891730516.39,,4.87,20260930161451,600704.md
600760,中航沈飞,工业,航空制造,观察,未认证,6191107217.36,473065863.24,402137419.01,571775715.78,,43.63,20260930161446,600760.md
600764,中国海防,工业,军工电子,观察,未认证,1285966902.71,55348780.96,44988609.01,-231456598.51,,18.39,20260930161444,600764.md
600765,中航重机,工业,航空锻造,观察,未认证,5167242564.89,443577427.04,115731246.86,439531230.12,,13.19,20260930161447,600765.md
600820,隧道股份,工业,工程建设,观察,未认证,20180092212.61,558377983.19,698220770.49,-1896760333.16,,5.3,20260930161458,600820.md
600862,中航高科,工业,航空材料,观察,未认证,2363792754.51,439023700.82,438042635.56,1372299418.71,,17.85,20260930161440,600862.md
600875,东方电气,工业,发电装备,观察,未认证,38624191006.09,2713249266.86,2365638251.59,-1722168649.61,,23.04,20260930161445,600875.md
600879,航天电子,工业,航天电子,观察,未认证,4529823776.31,40589188.18,22724045.76,-2345864378.26,,13.55,20260930161454,600879.md
600885,宏发股份,工业,电气元件,观察,未认证,11022043268.08,1155954728.38,1102467072.47,114153950.74,,33.53,20260930161451,600885.md
600893,航发动力,工业,航空动力,观察,未认证,20754568567.75,146221290.78,201642565.35,-7461072343.33,,38.86,20260930161458,600893.md
600967,内蒙一机,工业,军工车辆,观察,未认证,5232195578.91,171942971.37,168264127.51,-760096981.36,,12.82,20260930161451,600967.md
600970,中材国际,工业,工程装备,观察,未认证,21262052900.0,933563900.0,947996100.0,-156926200.0,,7.72,20260930161500,600970.md
601000,唐山港,工业,港口,观察,未认证,2986533488.26,1008407923.09,1006011959.21,1105239475.26,,4.62,20260930161444,601000.md
601006,大秦铁路,工业,铁路,观察,未认证,39597345874.0,4254959778.0,4242818601.0,7191863601.0,,4.74,20260930161458,601006.md
601012,隆基绿能,工业,光伏,等待证据,未认证,27045209097.55,-3684104428.05,-4031797081.95,-5817794006.91,,11.21,20260930161456,601012.md
601018,宁波港,工业,港口,观察,未认证,16873123000.0,2543494000.0,2364240000.0,1819931000.0,4.2,3.53,20260930161456,601018.md
601021,春秋航空,工业,航空,观察,未认证,12336145333.0,1042273979.0,1026534609.0,3462819745.0,,40.76,20260930161452,601021.md
601106,中国一重,工业,重型装备,等待证据,未认证,4288957309.68,-2711657.43,-15495585.66,-499106083.31,,2.95,20260930161459,601106.md
601111,中国国航,工业,航空,等待证据,未认证,89267620000.0,-2285887000.0,-2787012000.0,13666679000.0,,5.91,20260930161454,601111.md
601117,中国化学,工业,工程建设,观察,未认证,91371782568.69,3145361317.93,3105181783.47,79850244.68,,7.17,20260930161436,601117.md
601156,东航物流,工业,航空物流,观察,未认证,14252563533.6,1418309005.55,1252228263.07,4038540752.97,,18.39,20260930161443,601156.md
601179,中国西电,工业,电网设备,观察,未认证,12213036200.000002,688068100.0,735856700.0,-297210500.0,,11.61,20260930161438,601179.md
601186,中国铁建,工业,工程建设,观察,未认证,428437974000.0,8689842000.0,8076316000.0,-78856432000.0,,6.02,20260930161442,601186.md
601228,广州港,工业,港口,观察,未认证,6564252416.96,555891311.58,503378850.43,1828203694.88,,3.11,20260930161453,601228.md
601298,青岛港,工业,港口,观察,未认证,10456245338.0,2762411542.0,2745485329.0,3294893624.0,,10.06,20260930161453,601298.md
601390,中国中铁,工业,工程建设,观察,未认证,471761068000.0,8655785000.0,7088431000.0,-86660944000.0,,4.33,20260930161454,601390.md
601399,国机重装,工业,重型装备,观察,未认证,7209066402.56,261105402.76,234591472.93,-1027688504.2,,3.15,20260930161456,601399.md
601567,三星电气,工业,电气计量,观察,未认证,7262297819.1,545853641.39,415021615.06,141313196.66,,13.67,20260930161500,601567.md
601598,中国外运,工业,物流,观察,未认证,46452265091.25,1724919016.93,1639913404.86,-858125829.09,,6.61,20260930161433,601598.md
601608,中信重工,工业,重型装备,观察,未认证,4025428097.29,209240237.58,202380489.24,654084738.76,,4.59,20260930161450,601608.md
601611,中国核建,工业,工程建设,观察,未认证,43961698185.45,556810247.63,477121545.48,-13887853320.09,,10.08,20260930161456,601611.md
601615,明阳智能,工业,风电,等待证据,未认证,17036245710.26,111190885.23,-39969672.74,-8169772733.28,,9.77,20260930161459,601615.md
601618,中国中冶,工业,工程建设,观察,未认证,175906562000.0,2326127000.0,1707331000.0,-22800957000.0,,2.54,20260930161437,601618.md
601668,中国建筑,工业,工程建设,观察,未认证,975837283000.0,23000277000.0,19922491000.0,-28461271000.0,11.98,4.34,20260930161459,601668.md
601669,中国电建,工业,工程建设,观察,未认证,289678878149.47,3820703603.1,3613453331.89,-46020651548.71,,4.57,20260930161441,601669.md
601717,中创智领,工业,煤机汽车,观察,未认证,18764141461.87,1603388532.86,1271157120.12,2074092324.03,,13.35,20260930161446,601717.md
601727,上海电气,工业,综合装备,观察,未认证,63331968000.0,969994000.0,550135000.0,3259299000.0,,6.44,20260930161447,601727.md
601766,中国中车,工业,轨交装备,观察,未认证,131682442000.0,7990535000.0,7408122000.0,-16139470000.0,,6.19,20260930161448,601766.md
601800,中国交建,工业,工程建设,观察,未认证,333159728000.0,7276821000.0,6428938000.0,-60866126000.0,,5.94,20260930161448,601800.md
601816,京沪高铁,工业,铁路,观察,未认证,21841588472.02,6771322401.85,6771317432.2,10685134626.82,,4.76,20260930161449,601816.md
601865,福莱特,工业,光伏玻璃,等待证据,未认证,6668210124.99,-363017628.12,-376486320.01,1340919149.58,,9.22,20260930161455,601865.md
601866,中远海发,工业,航运租赁,观察,未认证,13619096563.1,1000360805.99,979646966.84,1891938560.73,,2.44,20260930161454,601866.md
601868,中国能建,工业,工程建设,观察,未认证,208312252000.0,2278608000.0,1831829000.0,-23544365000.0,,2.39,20260930161456,601868.md
601872,招商轮船,工业,航运,观察,未认证,19651214045.35,6959500459.03,6907325735.56,8130580091.03,,20.15,20260930161458,601872.md
601877,正泰电器,工业,电气光伏,观察,未认证,38064189390.13,3130443926.08,2700643642.45,13181581875.31,,24.95,20260930161456,601877.md
601880,辽港股份,工业,港口,观察,未认证,5349642097.56,884905146.37,783143493.09,3034184233.5,,1.47,20260930161454,601880.md
601919,中远海控,工业,航运,观察,未认证,111921747568.76,13418920777.4,13386735443.83,23330225726.57,,16.37,20260930161447,601919.md
603092,德力佳,工业,风电传动,观察,未认证,2596484740.51,411746076.16,377428156.78,256934684.26,,48.19,20260930161440,603092.md
603298,杭叉集团,工业,叉车,观察,未认证,10100128374.7,1214529518.5,1202054630.27,382216760.53,,21.87,20260930161441,603298.md
603308,应流股份,工业,精密铸造,观察,未认证,1829516752.59,221241378.58,214702343.6,-145341644.88,,35.64,20260930161444,603308.md
603338,浙江鼎力,工业,高空作业,观察,未认证,5414027698.33,989531165.75,964877333.21,315419854.45,,53.36,20260930161459,603338.md
603565,中谷物流,工业,航运,观察,未认证,5457125987.32,1082818990.62,984034980.88,1750893475.41,,11.59,20260930161446,603565.md
603568,伟明环保,工业,环保,观察,未认证,3068797068.05,929541087.65,867444984.4,1151417280.33,,13.42,20260930161500,603568.md
603606,东方电缆,工业,电缆,观察,未认证,5799552532.02,564785958.32,559411246.14,-157310955.32,,36.53,20260930161459,603606.md
603699,纽威股份,工业,阀门,观察,未认证,3896917522.6,733375734.3,720520701.47,539963428.33,,43.21,20260930161447,603699.md
603728,鸣志电器,工业,运动控制,观察,未认证,1567134601.25,37200727.32,29643800.78,10418832.11,,51.5,20260930161448,603728.md
603806,福斯特,工业,光伏材料,观察,未认证,6987738143.08,842218835.71,729655382.19,1280540744.17,,13.86,20260930161454,603806.md
603885,吉祥航空,工业,航空,观察,未认证,12081014040.39,150299387.71,69424414.76,4328730260.44,,9.96,20260930161455,603885.md
603899,晨光股份,工业,文具零售,观察,未认证,11319799295.75,585773979.29,461628009.62,460185261.96,,22.36,20260930161458,603899.md
603979,金诚信,工业,矿业服务,观察,未认证,7640767151.27,1614142522.6,1610621388.7,1370449674.92,,72.28,20260930161457,603979.md
605117,德业股份,工业,新能源电力电子,观察,未认证,10641096664.31,2717499513.52,2569518219.81,4194976328.02,,78.16,20260930161443,605117.md
688009,中国通号,工业,轨交控制,观察,未认证,14080346521.17,1473454789.53,1410985979.01,-807321589.07,,4.69,20260930161453,688009.md
688017,绿的谐波,工业,精密传动,观察,未认证,348549188.1,70109226.56,58166313.62,-17415707.54,,273.75,20260930161452,688017.md
688187,时代电气,工业,轨交电力电子,观察,未认证,13070519326.0,1712297377.0,1642323775.0,1481282814.0,,44.6,20260930161445,688187.md
688188,柏楚电子,工业,工业控制,观察,未认证,1278250073.15,787150283.9,713599470.08,506934141.41,,97.97,20260930161447,688188.md
688223,晶科能源,工业,光伏,等待证据,未认证,24727413918.48,-3076329814.24,-3361122331.57,681632844.44,,3.83,20260930161459,688223.md
688248,南网科技,工业,电网服务,观察,未认证,1275939814.74,156200107.98,147335842.14,-156279533.24,,49.76,20260930161445,688248.md
688281,华秦科技,工业,军工材料,观察,未认证,733953443.6,171206528.48,150240308.67,68030929.04,,48.47,20260930161445,688281.md
688297,中无人机,工业,航空制造,观察,未认证,1634010604.95,54925640.39,34910482.0,547580374.98,,41.79,20260930161454,688297.md
688303,大全能源,工业,光伏材料,等待证据,未认证,622822700.0,-1595039200.0000002,-1619099500.0,-2242844100.0,,15.99,20260930161453,688303.md
688349,三一重能,工业,风电,观察,未认证,10659862000.0,233196000.0,98889000.0,-5102786000.0,,13.24,20260930161437,688349.md
688375,国博电子,工业,军工电子,观察,未认证,886064397.69,98143788.36,94153798.55,148025285.58,,64.02,20260930161448,688375.md
688411,海博思创,工业,储能系统,观察,未认证,6296516327.91,632188703.61,626995564.65,-1210537505.52,,158.86,20260930161436,688411.md
688425,铁建重工,工业,工程装备,观察,未认证,4274749800.0,504676700.0,472840500.0,-465020000.0,,3.95,20260930161455,688425.md
688472,阿特斯,工业,光伏储能,等待证据,未认证,12784411831.02,299598953.73,-252585766.46,-894035722.08,,8.42,20260930161447,688472.md
688563,航材股份,工业,航空材料,观察,未认证,1337744320.29,232144597.1,201336252.99,-345494272.24,,50.09,20260930161456,688563.md
688599,天合光能,工业,光伏储能,等待证据,未认证,31985316689.35,-269863927.08,-2890017527.16,5072444189.74,,10.99,20260930161454,688599.md
688629,华丰科技,工业,军工连接,观察,未认证,1260587816.49,147338751.4,130699589.94,376379172.27,,101.35,20260930161452,688629.md
688676,金盘科技,工业,电力设备,观察,未认证,3555743162.95,302666839.27,286679866.07,-23762688.51,,61.53,20260930161459,688676.md
688708,佳驰科技,工业,军工材料,观察,未认证,260533951.39,66888635.29,41140473.66,-60617685.26,,38.3,20260930161452,688708.md
688777,中控技术,工业,工业控制,观察,未认证,3634961216.41,155085480.73,102596612.75,-715344787.12,,80.05,20260930161457,688777.md
688778,厦钨新能,工业,电池材料,观察,未认证,14487960872.5,491169347.29,487859748.52,282773568.55,,43.87,20260930161500,688778.md
688819,天能股份,工业,电池,观察,未认证,22325278596.23,281285241.23,150008230.6,-625889456.56,,20.78,20260930161452,688819.md
