603596|线控制动与底盘|21.46|13.92|12,15,19|15,20,25|10|B|线控制动、机械制动、转向系统|线控制动渗透提升，底盘产品扩展可增加单车配套金额|并购收入不能全部当内生增长，扣非增速低于收入；转增实施与潜在融资需统一股本|智能电控收入与毛利率、豫北并表贡献和摊薄股数|保留制动与底盘平台逻辑；撤回固定仓位、历史分位认证及确定的L3政策日期
002284|制动系统|6.06|34.54|3.8,5.5,6.8|12,16,20|5|A|基础制动、电子制动、其他业务|扣非增长快于收入，成本与产品结构改善值得继续核实|经营现金同比下降，现金含量较高不等于自由现金流高；不能把同批最低PE当买入理由|电子制动产品收入、扣非利润率与资本开支|保留扣非改善与现金覆盖；撤回买入5%和未核实2027EPS
002906|座舱电子与精密制造|30.36|7.07|5,8,10.5|16,22,28|10|A|汽车电子、精密压铸、其他业务|座舱与汽车电子产品放量，收入扩张获得财报支持|扣非增速显著落后收入，归母与扣非差额需逐项桥接；收入加速不能直接推导EPS加速|汽车电子毛利率、研发费用率、扣非增速与回款|保留营收增长事实；撤回买入9%及用营收增速推算盈利
002920|域控制器与座舱|1.75|6.32|20,28,36|15,22,28|8|B|智能座舱、智能驾驶、网联服务|车规项目认证与软硬件协同构成客户切换成本|整体收入仅低个位数增长，现金流下降；EPS同比下滑必须联系股本变化|智驾收入占比、综合毛利率、扣非增长、摊薄股数|保留域控与座舱研究；删除绝对龙头的未经量化份额结论
688326|汽车电子与研发服务|-9.81|亏损扩大|—|—|5|C|汽车电子产品、研发服务及解决方案、高级别智能驾驶解决方案|电子产品、工具链和工程服务存在协同机会|扣非亏损扩大且现金流为负，全栈能力不能替代量产利润；特别表决权影响治理|电子产品订单、研发费用率、扣非盈亏平衡与现金消耗|撤回持续盈利PE；改为亏损业务的现金跑道研究
600699|汽车安全与电子|-7.43|-7.15|10,15,20|10,15,20|3|B|汽车安全、汽车电子、其他业务|海外经营改善可对冲部分需求下降，经营现金流为正|归母增长而扣非下滑，资产处置与公允价值损益不能滚动外推；H股与少数股东影响需核|安全业务利润率、电子业务盈利、净债务与少数股东分配|保留降本与全球业务逻辑；不将安全业务收入全部标成智驾收入
002036|车载光学与终端|-24.34|亏损扩大|—|—|5|C|车载光学、非车载光学、应用终端及触控显示|已有车载光学业务基础，可跟踪客户项目转量产|收入和扣非盈利恶化，薄弱权益与利息负担限制研发和扩产；定点不保证现金回报|车载收入、扣非亏损、利息支出、可动用现金与到期债务|保留车载镜头业务；撤回特定客户放量与龙头溢价认证
603501|CIS与半导体设计|0.49|-36.33|16,28,38|18,25,32|8|B|图像传感器、其他半导体设计、半导体分销|车载CIS产品升级可带来单车价值提升|本期扣非及现金显著走弱，消费电子与分销不能用车载高增长倍数统一定价|CIS业务毛利率、车载收入、库存周转和扣非修复|更名豪威集团；保留CIS定位，撤回未量化的全球龙头判断
002456|光学模组|-20.29|亏损扩大|—|—|3|C|摄像头模组、光学镜头、智能汽车相关产品|车载与其他光学应用可能拓宽客户结构|收入下滑且扣非亏损，经营现金转好不能证明利润复苏；产能与减值要联看|车载收入占比、扣非盈亏平衡、减值、现金资本开支|撤回扭亏确定性和常规PE估值
300790|安防及车载镜头|25.87|3.26|1.6,2.5,3.4|20,26,32|8|B|安防镜头、车载镜头、非球面及其他光学产品|应用扩展有望提升光学产品组合的附加值|扣非增长低于收入，融资成本与研发投入可能抵消放量；转增后EPS比较须重述|车载与新应用收入、扣非利润率、现金流和可转债摊薄|保留多应用光学平台；撤回收入增速直接外推EPS
688048|激光芯片及光通信|82.67|仍亏损|—|—|10|C|高功率激光芯片及器件、光通信芯片、其他光电业务|光通信业务放量提供新的收入来源|归母盈利含投资估值变化，扣非仍亏损且现金为负；不能将增长归因于激光雷达|光通信业务毛利率、扣非转正、存货与现金消耗|将增长驱动改为光通信；撤回持续盈利PE与激光雷达纯度叙事
603297|显微镜与精密光学|28.00|-11.29|1.4,2,2.7|22,30,38|8|B|显微镜及相关产品、光学元组件、其他业务|精密光学制造积累可服务显微镜与新应用|收入增长但扣非下滑，扩产与研发投入能否带来利润需验证；激光雷达项目不等于净利润|分产品毛利率、研发费用、扣非与现金转化|保留精密光学定位；撤回放量等于利润高增的推断
688167|激光器件与光学|-|亏损扩大|—|—|5|C|半导体激光、激光光学、应用解决方案|光学工艺与系统整合可能提升客户产品价值|亏损扩大，现金转好部分受回款和票据影响；并购整合与量产成本存在不确定性|并购业务亏损、费用率、客户回款和量产毛利率|保留上游光学定位；撤回持续盈利模型
300620|光器件与集成光子|72.91|216.26|1.8,3.5,5|25,35,45|12|B|光纤器件、铌酸锂调制器及光子产品、其他光器件|报告披露AI基础设施需求推动光器件增长|经营现金流转负，收入与扣非高增未形成现金；当前市值需要更高盈利兑现|高速光器件订单、存货应收、资本开支、经营现金恢复|保留光器件增长；将AI数据中心与激光雷达驱动分开
002703|转向系统|12.90|17.51|1.5,2.4,3.2|16,22,28|5|B|转向系统及部件、其他汽车零部件、其他业务|转向产品升级与客户配套扩展可提高单车价值|盈利体量较小，线控转向的开发及定点不能直接当量产收入；A/H股价格不互换|量产转向收入、扣非利润率、新项目收入和研发投入|保留转向业务；撤回线控转向已大规模贡献利润的隐含前提
603197|空气悬架与传感器|18.59|40.29|2,3.5,5|12,18,24|8|B|TPMS与传感器、空气悬架及减振系统、传统汽车零部件|产品升级带来单车配套价值增长，扣非改善获得支持|归母增速高于扣非，现金增长慢于利润，扩产与债务约束不能忽略|空气悬架毛利率、扣非盈利、利息、可转债与FCF|保留悬架与传感器业务；撤回只看归母高增的盈利判断
002405|地图、芯片与智驾|0.36|亏损扩大|—|—|3|C|智云及数据服务、智芯、智驾|车规芯片与智驾项目可与数据服务形成产品组合|核心产品售价承压、费用刚性，亏损与负现金持续；地图资质不是利润保证|分业务毛利率、研发支出、项目回款及现金余额|保留业务协同假设；撤回高精地图必然高增长的论点
300458|智能终端SoC|41.23|237.52|5,8,11|18,25,32|8|B|智能终端处理器、电源管理芯片、其他芯片|提价与新品量产推动收入和扣非盈利增长|提价同时应对上游成本上涨，不能把全部增长视为销量增长；车载并非全部主营|出货量与ASP拆分、毛利率、库存、扣非与现金转化|保留芯片平台；将增长拆为提价和新品，撤回车载纯度判断
688052|模拟与车规芯片|66.73|H1仍亏损|—|—|10|C|信号链芯片、电源管理芯片、传感器及隔离产品|汽车与服务器电源需求及产品扩展提供增量|归母转正但H1扣非仍亏损，经营现金流显著为负；Q2小幅扣非盈利需连续验证|单季扣非盈利、毛利率、备货应收与现金消耗|撤回表观扭亏等于可持续盈利；改跟踪现金与扣非拐点
300177|高精度定位|-29.07|亏损扩大|—|—|3|C|高精度定位装备、时空信息解决方案、其他业务|高精度定位能力可拓展车载与行业应用|收入下降且扣非亏损扩大，自动驾驶相关项目体量未经核实；回款改善不足以证明盈利|主营订单、车载收入、单季扣非与现金消耗|保留定位技术方向；撤回车载核心配套已贡献主要收入的判断
300627|高精度导航与机器人|5.20|-9.07|4.5,6.5,8.5|18,25,32|10|B|农机导航与机器人、时空感知与定位服务、其他行业应用|农机导航与机器人收入增长，时空技术复用有业务基础|总体扣非下降、现金明显减弱；股份支付及转增使旧EPS需要统一口径|机器人导航收入、扣非增速、现金回款、股份支付|保留导航平台业务；撤回车载业务等同全部盈利的判断
600176|玻纤与电子布|22.50|70.93|35,55,70|12,16,20|3|B|玻璃纤维粗纱、电子纱及电子布、其他业务|量价与产品结构改善支持盈利修复|高盈利具有周期性，电子布景气不能推断永续高增；应收和扩产现金需求仍需核|电子布价格、玻纤吨毛利、销量、现金资本开支|保留成本与电子布逻辑；撤回固定第2名及成长股PEG框架
688019|半导体抛光液与湿化学品|33.72|19.35|7,10,13|25,35,45|12|A|化学机械抛光液、功能性湿电子化学品、其他业务|工艺认证与持续耗材需求有利于客户黏性|归母增速高于扣非，投资重估与汇率影响不能全视为主营；股本扩张需核|抛光液及湿化学品收入、扣非利润率、回款、摊薄股数|保留工艺耗材壁垒；撤回旧排名和未校准估值认证
603799|资源与锂电材料一体化|49.39|27.97|40,65,85|8,12,16|3|B|能源金属、锂电材料、能源材料及其他业务|一体化和产销量增长可能提高资源与材料协同|收入增长快于扣非，金属价格、少数股东和项目资本开支限制股东现金回报|镍钴实现价与单位成本、项目资本开支、净债务及归母现金|保留印尼项目与资源周期研究；撤回低PE即安全边际
603659|锂电材料与设备|42.70|32.25|20,30,40|12,18,24|8|A|负极材料、涂覆隔膜及材料、自动化装备|材料与设备组合提供多个利润来源，设备订单有后续兑现空间|订单不等于已确认收入，设备验收与负极价格竞争可能影响现金回报|设备外部订单验收、负极单位毛利、涂覆利润与资本开支|保留业务修复和设备订单逻辑；撤回固定第1名与统一营收外推
002080|玻纤、风电叶片与隔膜|21.95|35.54|16,26,36|10,15,20|3|B|玻璃纤维及制品、风电叶片、锂电池隔膜|多业务可受益于材料价格和产能利用率改善|利润增长同时经营现金转负；集团业务差异大，不能只套玻纤或锂膜单一倍数|分部盈利与现金、应收票据、隔膜利用率、资本开支|保留多业务修复；撤回共振修复等于高确定性的判断
002812|锂电隔膜|50.47|扭亏|8,17,24|12,18,24|5|B|锂电池隔膜、无菌包装、其他包装产品|扣非扭亏且现金转好，隔膜产销与单位利润修复可跟踪|低基数百分比不可当持续增长率，行业产能与价格竞争仍影响回报|隔膜单平米利润、利用率、资本开支与债务|保留隔膜盈利修复；撤回固定第5名和高增长PEG
688126|半导体硅片|36.51|亏损扩大|—|—|5|C|300mm硅片、200mm及以下硅片、受托加工服务|300mm销量增长支持国产硅片需求研究|销量增加未抵消价格与折旧压力，扣非亏损扩大；资本密集不宜用营收增速推EPS|硅片ASP、稼动率、折旧和现金资本开支|保留硅片国产化；撤回盈利型PE模型
300346|半导体电子材料|11.35|36.36|3.5,5.5,7.5|22,30,38|10|B|先进前驱体及MO源、电子特气、光刻胶|材料认证与产品组合扩展支持主营增长|现金流同比下降，补助对归母有贡献；光刻胶需商业收入验证|特气和前驱体毛利率、光刻胶收入、补助及资本开支|保留三大材料平台；撤回光刻胶研发进展自动等于盈利
688772|消费电池与低压动力电池|20.16|由盈转亏|—|—|5|C|消费类电池、动力及储能类电池、其他业务|低压汽车电池与无人机业务有增量机会|收入增长未带来利润，扣非亏损；研发扩产与新业务投入可能压制FCF|消费电池单位利润、新业务亏损、研发及资本开支|保留消费电池主营；撤回把公司当作锂电材料纯标的
688779|电池正极材料|169.00|扭亏|4,8,12|12,18,24|5|B|三元正极及前驱体、磷酸铁锂材料、其他正极材料|产销扩张和亏损修复得到报表支持|经营现金显著为负，金属价格与备货可能占用营运资金；低基数高增非长期增速|出货量、加工费、原料库存和现金回款|更名五矿新能；保留材料修复，撤回营收高增直接推EPS
600392|稀土与资源加工|41.76|141.23|10,18,25|10,15,20|3|B|稀土产品、锆钛产品、其他资源业务|产品价格与产销结构改善支持周期盈利修复|经营现金转负，利润可能被库存和应收占用；出口与海外原料依赖需独立评估|稀土价格、库存跌价、应收回款、海外原料供应|保留稀土周期；撤回重稀土龙头与催化抛光全线布局的宽泛主张
300748|高性能永磁|32.57|70.31|5,9,12|18,25,32|8|B|高性能钕铁硼磁材、其他材料及业务、其他业务|新能源与节能应用带来磁材需求，扣非和现金改善|现金流改善需拆营运资本，稀土成本传导存在时滞；机器人不能未经订单量化纳入|磁材销量、吨加工毛利、稀土成本传导及库存|保留磁材需求与现金修复；撤回机器人直接贡献利润的假设
688295|碳纤维|26.14|低基数修复|0.7,1.8,3|18,25,32|5|B|碳纤维、其他产品及服务、其他业务|碳纤维销售与核心利润修复可继续跟踪|利润基数小，行业扩产、价格与折旧会放大利润波动；不外推数千百分比增速|碳纤维ASP、吨毛利、利用率、投产折旧|保留碳纤维制造定位；撤回盈利修复等于高增长复利
688233|硅材料与零部件|3.78|-21.47|0.55,1,1.5|20,28,36|8|B|大直径硅材料、硅零部件、半导体硅片|材料工艺与客户认证具有积累价值|扣非下滑，硅零部件收入收缩；现金回收改善不能当长期盈利增长|材料与零部件收入、毛利率、客户采购和扩产现金|保留刻蚀用硅材料定位；撤回全部业务放量的推断
600516|石墨电极与炭素|16.58|21.00|0.8,2.5,5|12,18,24|0|C|石墨电极、炭砖及其他炭素制品、其他业务|主营收入恢复可跟踪电炉钢需求与价格|扣非仅占归母很小比例，投资收益主导表观盈利；现金与金融资产应单独估值|石墨电极价差、扣非利润、投资收益与可动用净现金|撤回归母高增等于主业景气；改主业+金融资产SOTP待核
603663|锆系材料|0.23|65.33|1,1.6,2.2|18,25,32|8|B|电熔及化学锆产品、铸造改性材料、其他材料|主营利润与现金改善，工艺及产品结构可能贡献增量|营收基本持平，利润增长来源需拆结构与成本；固态电池研发不等于商业化收入|锆产品售价与成本、毛利率、固态相关确认收入|保留锆材料业务；撤回固态电池题材直接抬高盈利
300285|功能陶瓷材料|16.64|12.54|5.5,8.5,11|20,28,36|8|B|电子材料、催化及其他功能材料、生物医疗材料|材料平台与认证积累支持多应用，现金回款相对稳健|利润增速低于收入；现有利润规模对较高市值仍要求持续增长与现金验证|分部利润率、牙科业务、研发费用及FCF|保留陶瓷平台与现金质量；撤回多业务自动带来高估值容错
300034|高温合金|13.04|63.77|1.3,2.5,3.5|20,28,36|8|B|铸造高温合金、变形高温合金、粉末及其他高温合金|材料认证与生产能力支持航空及燃机业务跟踪|盈利基数偏低，现金改善可能受回款周期；交付与客户集中仍影响持续性|订单交付、产品毛利率、应收回款及减值|保留高温合金定位；撤回把订单景气直接当永久利润
000012|玻璃与光伏业务|-5.62|由盈转亏|—|—|0|C|浮法及工程玻璃、电子及显示玻璃、光伏玻璃和其他光伏业务|特种玻璃提供产品升级研究方向|扣非亏损且现金下滑，光伏与建筑需求对利润形成压力；PB低不保证资产可回收|分部毛利率、减值、利用率和资本开支|保留玻璃业务；撤回低PB即低估及特种玻璃覆盖全部主业
