code,sector,origin_before,calculation_unit,historical_anchor,share_price_quote,bear,base,bull,ratio_note_before,base_ratio_recomputed,bull_ratio_recomputed,fact_change,ratio_change,source,model_verified,ratio_note_after,price_and_scenario_values_changed
AMZN,可选消费,manual,USD_per_share,249.27,249.27,165,256.5,384,基准/悲观 +2.9% ÷ −33.8% ≈ 0.09:1（乐观/悲观约 1.60:1）,0.0857956568173726,1.5987896048415804,,,,False,基准/悲观 +2.9% ÷ −33.8% ≈ 0.09:1（乐观/悲观约 1.60:1）,False
EBAY,可选消费,manual,USD_per_share,109.09,109.09,67.5,102.6,136.4,基准 −5.9%，基准/悲观 = 0（乐观/悲观约 0.66:1）,-0.1560471267131524,0.6566482327482568,,,,False,基准 −5.9%，基准/悲观 = 0（乐观/悲观约 0.66:1）,False
HD,可选消费,manual,USD_per_share,296.72,296.72,216,300,391,基准 +1.1% ÷ 悲观 −27.2% ≈ 0.04:1（Bull/Bear 约 1.17:1）,0.04063429137760123,1.1679881070366693,,,,False,基准 +1.1% ÷ 悲观 −27.2% ≈ 0.04:1（Bull/Bear 约 1.17:1）,False
LOW,可选消费,manual,USD_per_share,191.36,191.36,132,196,256.5,基准 +2.4% ÷ 悲观 −31.0% ≈ 0.08:1（Bull/Bear 约 1.10:1）,0.07816711590296471,1.097371967654986,,,,False,基准 +2.4% ÷ 悲观 −31.0% ≈ 0.08:1（Bull/Bear 约 1.10:1）,False
WSM,可选消费,manual,USD_per_share,227.83,227.83,127.5,190,264,基准 −16.6%（无正向基准赔率），Bull/Bear 约 0.36:1,-0.3770557161367488,0.3605103159573406,,,,False,基准 −16.6%（无正向基准赔率），Bull/Bear 约 0.36:1,False
ULTA,可选消费,manual,USD_per_share,543.81,543.81,432.75,548.15,663.55,基准 +0.8% ÷ 悲观 −20.4% ≈ 0.04:1,0.0390779758689,1.0781559517378,,,,False,基准 +0.8% ÷ 悲观 −20.4% ≈ 0.04:1,False
TSCO,可选消费,manual,USD_per_share,32.29,32.29,21.96,31.11,40.26,基准 −3.7%，无上行；乐观/悲观约 0.77:1,-0.11423039690222651,0.771539206195547,,,,False,基准 −3.7%，无上行；乐观/悲观约 0.77:1,False
BBY,可选消费,manual,USD_per_share,90.8,90.8,68,91.8,108.8,基准 +1.1% ÷ 悲观 −25.1% ≈ 0.04:1；乐观/悲观约 0.79:1,0.04385964912280702,0.7894736842105264,,,,False,基准 +1.1% ÷ 悲观 −25.1% ≈ 0.04:1；乐观/悲观约 0.79:1,False
DASH,可选消费,manual,USD_billion_market_cap,82.0,189.27,55.6,79.5,103.3,乐观上行 ÷ 悲观下行约 0.81:1；基准无上行,-0.0946969696969697,0.8068181818181818,,,,False,乐观上行 ÷ 悲观下行约 0.81:1；基准无上行,False
NKE,可选消费,manual,USD_per_share,35.99,35.99,,,,可校准盈亏比 [MISSING],,,10/1已发FY27Q1；收入−4%、直营−8%、EPS0.48；FY27调整后EPS指引1.15–1.35,,https://investors.nike.com/investors/news-events-and-reports/investor-news/investor-news-details/2026/NIKE-Inc--Reports-Fiscal-2027-First-Quarter-Results/default.aspx,False,可校准盈亏比 [MISSING],False
LULU,可选消费,manual,USD_per_share,101.64,101.64,,,,可校准盈亏比 [MISSING],,,,,,False,可校准盈亏比 [MISSING],False
RL,可选消费,manual,USD_per_share,351.86,351.86,,,,可校准盈亏比 [MISSING],,,,,,False,可校准盈亏比 [MISSING],False
TPR,可选消费,manual,USD_per_share,112.12,112.12,,,,可校准盈亏比 [MISSING],,,,,,False,可校准盈亏比 [MISSING],False
DECK,可选消费,manual,USD_per_share,78.68,78.68,,,,可校准盈亏比 [MISSING],,,,,,False,可校准盈亏比 [MISSING],False
ROST,可选消费,manual,USD_per_share,235.4,235.4,,,,可靠盈亏比 [MISSING],,,,,,False,可靠盈亏比 [MISSING],False
TJX,可选消费,manual,USD_per_share,131.63,131.63,,,,可靠盈亏比 [MISSING],,,,,,False,可靠盈亏比 [MISSING],False
MCD,可选消费,manual,USD_per_share,237.02,237.02,176,260,333.5,基准 +9.7% ÷ 悲观 −25.7% ≈ 0.38:1,0.3765978367748277,1.581120943952802,,,,False,基准 +9.7% ÷ 悲观 −25.7% ≈ 0.38:1,False
SBUX,可选消费,manual,USD_per_share,93.65,93.65,51.7,84,112,基准 $84 低于现价 $93.65，赔率不成立,-0.23003575685339703,0.43742550655542295,,,,False,基准 $84 低于现价 $93.65，赔率不成立,False
YUM,可选消费,manual,USD_per_share,137.34,137.34,,,,可靠赔率 [MISSING],,,,,,False,可靠赔率 [MISSING],False
CMG,可选消费,manual,USD_per_share,32.01,32.01,20.9,34.8,50.75,基准 +8.7% ÷ 悲观 −34.7% ≈ 0.25:1,0.2511251125112511,1.686768676867687,,,,False,基准 +8.7% ÷ 悲观 −34.7% ≈ 0.25:1,False
DPZ,可选消费,manual,USD_per_share,293.03,293.03,208,323,440,基准 +10.2% ÷ 悲观 −29.0% ≈ 0.35:1,0.3524638362930735,1.7284487827825483,,,,False,基准 +10.2% ÷ 悲观 −29.0% ≈ 0.35:1,False
DRI,可选消费,manual,USD_per_share,207.24,207.24,175.95,228,286,基准/悲观约 0.66:1,0.6634707574304882,2.5170981144135487,,,,False,基准/悲观约 0.66:1,False
TSLA,可选消费,manual,USD_per_share,377.94,377.94,,,,可靠赔率 [MISSING],,,,,,False,可靠赔率 [MISSING],False
F,可选消费,manual,USD_per_share,12.6,12.6,,,,可靠赔率 [MISSING],,,全年 $10–11bn=100–110亿美元；只修单位，不折算股价,,https://www.sec.gov/Archives/edgar/data/37996/000003799626000156/f-20260630.htm,False,可靠赔率 [MISSING],False
GM,可选消费,manual,USD_per_share,80.57,80.57,,,,可靠赔率 [MISSING],,,3.57−1.41=$2.16；两项EPS保留,,https://www.sec.gov/Archives/edgar/data/1467858/000146785826000049/gmq22026pressreleaseandfin.htm,False,可靠赔率 [MISSING],False
APTV,可选消费,manual,USD_per_share,44.24,44.24,34.8,58.5,78.1,基准/悲观 (58.5−44.24)/(44.24−34.8) = 1.51:1,1.510593220338982,3.5868644067796582,,,,False,基准/悲观 (58.5−44.24)/(44.24−34.8) = 1.51:1,False
GPC,可选消费,manual,USD_per_share,129.35,129.35,93.6,141.1,180,基准/悲观 (141.1−129.35)/(129.35−93.6) = 0.33:1,0.32867132867132864,1.4167832167832168,,,,False,基准/悲观 (141.1−129.35)/(129.35−93.6) = 0.33:1,False
AZO,可选消费,manual,USD_per_share,2862.62,2862.62,2240,3160,4025,基准/悲观 (3160−2862.62)/(2862.62−2240) = 0.48:1,0.47762680286531134,1.8669172207767182,,,,False,基准/悲观 (3160−2862.62)/(2862.62−2240) = 0.48:1,False
ORLY,可选消费,manual,USD_per_share,85.76,85.76,65,91.25,116,基准 $5.49 ÷ 悲观 $20.76 ≈ 0.26:1,0.2644508670520228,1.4566473988439301,,,,False,基准 $5.49 ÷ 悲观 $20.76 ≈ 0.26:1,False
CVNA,可选消费,manual,USD_per_share,64.11,64.11,34,62.72,108,基准 $62.72 低于现价，上行非正,-0.046164065094652956,1.4576552640318832,,,,False,基准 $62.72 低于现价，上行非正,False
ABNB,可选消费,manual,USD_per_share,155.12,155.12,105.6,162.4,224.4,基准 +$7.28 ÷ 悲观 −$49.52 ≈ 0.15:1,0.14701130856219707,1.3990306946688205,,,,False,基准 +$7.28 ÷ 悲观 −$49.52 ≈ 0.15:1,False
BKNG,可选消费,manual,USD_per_share,163.87,163.87,,,,可靠赔率 [MISSING],,,,,,False,可靠赔率 [MISSING],False
EXPE,可选消费,manual,USD_per_share,264.23,264.23,,,,可靠赔率 [MISSING],,,,,,False,可靠赔率 [MISSING],False
MAR,可选消费,manual,USD_per_share,358.57,358.57,,,,可靠赔率 [MISSING],,,,,,False,可靠赔率 [MISSING],False
HLT,可选消费,manual,USD_per_share,320.28,320.28,,,,可靠赔率 [MISSING],,,,,,False,可靠赔率 [MISSING],False
CCL,可选消费,manual,USD_per_share,22.14,22.14,,,,可靠赔率 [MISSING],,,9/29已发Q3；收入8.435bn、归母净利1.920bn、GAAP/调整EPS1.40/1.43；全年调整EPS指引约2.24,,https://www.sec.gov/Archives/edgar/data/815097/000081509726000104/a20263qearningsrelease8-k.htm,False,可靠赔率 [MISSING],False
RCL,可选消费,manual,USD_per_share,242.59,242.59,,,,可靠赔率 [MISSING],,,,,,False,可靠赔率 [MISSING],False
NCLH,可选消费,manual,USD_per_share,14.31,14.31,,,,可靠赔率 [MISSING],,,,,,False,可靠赔率 [MISSING],False
LVS,可选消费,manual,USD_per_share,38.32,38.32,24,40.5,54,基准 +6% ÷ 悲观 −37% ≈ 0.16:1，不成立；需价格约 $30–32 才接近 1:1,0.15223463687150834,1.094972067039106,,,,False,基准 +6% ÷ 悲观 −37% ≈ 0.16:1，不成立；需价格约 $30–32 才接近 1:1,False
MGM,可选消费,manual,USD_per_share,31.52,31.52,15.6,27,40.8,基准 −14% ÷ 悲观 −51%，不成立,-0.2839195979899497,0.5829145728643215,,,,False,基准 −14% ÷ 悲观 −51%，不成立,False
WYNN,可选消费,manual,USD_per_share,78.23,78.23,44.8,71.4,98.8,基准 −9% ÷ 悲观 −43%，不成立,-0.2043075082261441,0.6153155848040679,,,,False,基准 −9% ÷ 悲观 −43%，不成立,False
DHI,可选消费,manual,USD_per_share,138.93,138.93,100,145,185,乐观/悲观 ≈ 1.18:1；基准/悲观 ≈ 0.16:1；情景加权期望约 −1.4%,0.1559208836372975,1.1834061135371174,,列表明确基准/乐观，详情原已分列,,False,乐观/悲观 ≈ 1.18:1；基准/悲观 ≈ 0.16:1；情景加权期望约 −1.4%,False
LEN,可选消费,manual,USD_per_share,82.26,82.26,58,91,118,乐观/悲观 ≈ 1.48:1；基准/悲观 ≈ 0.38:1；情景加权约 +1.4%,0.3602638087386642,1.4732069249793893,6.6%为住宅销售毛利扣SG&A口径；归母净利/总收入约3.55%,列表明确基准/乐观，详情原已分列,https://investors.lennar.com/press-releases/2026/09-16-2026-213038087,False,乐观/悲观 ≈ 1.48:1；基准/悲观 ≈ 0.38:1；情景加权约 +1.4%,False
PHM,可选消费,manual,USD_per_share,118.07,118.07,92,134,168,乐观 42% ÷ 悲观 22% ≈ 1.91:1；基准 13% ÷ 22% ≈ 0.59:1。加权期望 +9.8%（四家最高），正收益情景概率 70%（研究假设）,0.6110471806674342,1.9152282316839286,,列表明确基准/乐观，详情原已分列,,False,乐观 42% ÷ 悲观 22% ≈ 1.91:1；基准 13% ÷ 22% ≈ 0.59:1。加权期望 +9.8%（四家最高），正收益情景概率 70%（研究假设）,False
NVR,可选消费,manual,USD_per_share,6213.06,6213.06,4650,6420,7400,乐观/悲观 ≈ 0.76:1；基准/悲观 ≈ 0.12:1（四家最差）,0.1323941499366624,0.7593694419919896,,列表明确基准/乐观，详情原已分列,,False,乐观/悲观 ≈ 0.76:1；基准/悲观 ≈ 0.12:1（四家最差）,False
HAS,可选消费,manual,USD_per_share,88.17,88.17,70,98,119,乐观 35% ÷ 悲观 21% ≈ 1.67:1；基准 11% ÷ 21% ≈ 0.52:1，未达 2:1。加权期望 +9.0%，正收益情景概率 75%（研究假设）,0.5410016510731974,1.6967528893780954,,纠正主指标口径,,False,按原三价复算：乐观/悲观约1.70:1；基准/悲观约0.54:1，未达 2:1。加权期望 +9.0%，正收益情景概率 75%（研究假设）,False
KO,日常消费,manual,USD_per_share,87.02,87.02,74,88,101,乐观/悲观 16% ÷ 15% ≈ 1.07:1；基准/悲观 ≈ 0.07:1,0.0752688172043014,1.0737327188940098,,列表明确基准/乐观，详情原已分列,,False,乐观/悲观 16% ÷ 15% ≈ 1.07:1；基准/悲观 ≈ 0.07:1,False
PEP,日常消费,manual,USD_per_share,128.89,128.89,,,,0.73:1（基准）；2.10:1（乐观）。统一按 (Base−P)/(P−Bear) 计算，不含股息；旧整数情景有舍入误差，不是模型认证。,,,,,,False,0.73:1（基准）；2.10:1（乐观）。统一按 (Base−P)/(P−Bear) 计算，不含股息；旧整数情景有舍入误差，不是模型认证。,False
MNST,日常消费,manual,USD_per_share,41.71,41.71,33,45,56,乐观/悲观 34% ÷ 21% ≈ 1.62:1；基准/悲观 ≈ 0.38:1,0.3777267508610791,1.6406429391504016,Q2公告0.59为拆前，二拆一等值0.295；TTM及未来EPS缺完整桥接，本轮不重估,列表明确基准/乐观，详情原已分列,https://investors.monsterbevcorp.com/node/18181/pdf,False,乐观/悲观 34% ÷ 21% ≈ 1.62:1；基准/悲观 ≈ 0.38:1,False
KDP,日常消费,manual,USD_per_share,31.01,31.01,23.5,33.5,40,29.0% ÷ 24.2% ≈ 1.20:1,0.3315579227696402,1.1970705725699062,,纠正主指标口径,,False,基准/悲观 0.33:1；乐观/悲观 1.20:1；按原价格和原三情景复算，不含股息，未认证未来模型,False
MDLZ,日常消费,manual,USD_per_share,59.23,59.23,49,64,77,30.0% ÷ 17.3% ≈ 1.64:1,0.4662756598240474,1.7370478983382218,,纠正主指标口径,,False,基准/悲观 0.47:1；乐观/悲观 1.74:1；按原价格和原三情景复算，不含股息，未认证未来模型,False
GIS,日常消费,manual,USD_per_share,33.66,33.66,25.5,34.7,43.6,含股息口径 40.3% ÷ 22.4% = 1.80:1（其余同批公司为价格口径，比较时需注意）；概率加权期望 +8.2%，正收益情景概率 70%（研究假设）,0.1274509803921577,1.2181372549019618,,纠正主指标口径,,False,纯价格基准/悲观0.13:1、乐观/悲观1.22:1。沿用页内含息总回报：基准13.8%/22.4%=0.62:1，乐观40.3%/22.4%=1.80:1；累计股息及持有期尚未统一认证，不能与价格赔率混排,False
HSY,日常消费,manual,USD_per_share,161.22,161.22,131,173,216,34.0% ÷ 18.7% ≈ 1.82:1（本批最高，仍未达 2:1）,0.3898080741230973,1.812706816677697,,纠正主指标口径,,False,基准/悲观 0.39:1；乐观/悲观 1.81:1；按原价格和原三情景复算，不含股息，未认证未来模型,False
HRL,日常消费,manual,USD_per_share,19.85,19.85,16,21.5,25.5,价格口径 28.5% ÷ 19.4% ≈ 1.47:1,0.42857142857142805,1.4675324675324666,,纠正主指标口径,,False,基准/悲观 0.43:1；乐观/悲观 1.47:1；按原价格和原三情景复算，不含股息，未认证未来模型,False
KHC,日常消费,manual,USD_per_share,23.45,23.45,16.65,22.55,29.25,24.7% ÷ 29.0% ≈ 0.85:1,-0.13235294117647037,0.8529411764705882,董事会2/11暂停分拆工作，未确认永久取消,纠正主指标口径,https://www.sec.gov/Archives/edgar/data/1637459/000163745926000009/R12.htm,False,无正向基准赔率（基准价低于历史价格）；乐观/悲观 0.85:1；按原价格和原三情景复算，不含股息，未认证未来模型,False
MKC,日常消费,manual,USD_per_share,48.4,48.4,38.5,53.5,68,40.5% ÷ 20.5% ≈ 1.98:1（保守取 1.87:1）,0.5151515151515154,1.9797979797979803,10/1新Q3：收入+17.4%、有机+1.9%、GAAP/调整EPS0.36/0.86；全年调整EPS3.05–3.13维持,纠正主指标口径,https://www.sec.gov/Archives/edgar/data/63754/000006375426000326/mkcreportssolidthirdquar.htm,False,基准/悲观 0.52:1；乐观/悲观 1.98:1；按原价格和原三情景复算，不含股息，未认证未来模型,False
SJM,日常消费,manual,USD_per_share,120.7,120.7,98,121,153.4,27.1% ÷ 18.8% ≈ 1.44:1,0.013215859030836878,1.4405286343612334,,纠正主指标口径,,False,基准/悲观 0.01:1；乐观/悲观 1.44:1；按原价格和原三情景复算，不含股息，未认证未来模型,False
TSN,日常消费,manual,USD_per_share,50.98,50.98,40,53,68,33.4% ÷ 21.6% ≈ 1.55:1,0.18397085610200398,1.5500910746812393,FY26Q3商誉9.469bn，上年Q3商誉减值343m；PB约1不等于全是有形资产,纠正主指标口径,https://www.sec.gov/Archives/edgar/data/100493/000010049326000057/tsn2026q3exh-991.htm,False,基准/悲观 0.18:1；乐观/悲观 1.55:1；按原价格和原三情景复算，不含股息，未认证未来模型,False
ADM,日常消费,generated,USD_per_share,79.4,79.4,39,82,105,基准 +3% ÷ 悲观 -51%：0.05:1；按 (Base−P)/(P−Bear)=2 反推 2:1 对应价格约 $53,0.0643564356435642,0.6336633663366334,,,,False,基准 +3% ÷ 悲观 -51%：0.05:1；按 (Base−P)/(P−Bear)=2 反推 2:1 对应价格约 $53,False
BF.B,日常消费,generated,USD_per_share,26.29,26.29,16,29,36,基准 +10% ÷ 悲观 -37%：0.27:1；按 (Base−P)/(P−Bear)=2 反推 2:1 对应价格约 $21,0.2633624878522839,0.9436345966958214,,,,False,基准 +10% ÷ 悲观 -37%：0.27:1；按 (Base−P)/(P−Bear)=2 反推 2:1 对应价格约 $21,False
BG,日常消费,generated,USD_per_share,108.14,108.14,55,129,183,基准 +19% ÷ 悲观 -50%：0.39:1；按 (Base−P)/(P−Bear)=2 反推 2:1 对应价格约 $79,0.39254798645088446,1.4087316522393676,,,,False,基准 +19% ÷ 悲观 -50%：0.39:1；按 (Base−P)/(P−Bear)=2 反推 2:1 对应价格约 $79,False
CASY,日常消费,generated,USD_per_share,599.9,599.9,220,604,843,基准 +1% ÷ 悲观 -63%：0.01:1；按 (Base−P)/(P−Bear)=2 反推 2:1 对应价格约 $348,0.010792313766780793,0.6399052382205844,,,,False,基准 +1% ÷ 悲观 -63%：0.01:1；按 (Base−P)/(P−Bear)=2 反推 2:1 对应价格约 $348,False
CHD,日常消费,generated,USD_per_share,94.95,94.95,33,81,101,基准 -15% ÷ 悲观 -65%：不成立（基准低于现价）；按 (Base−P)/(P−Bear)=2 反推 2:1 对应价格约 $49,-0.22518159806295404,0.09765940274414846,,,,False,基准 -15% ÷ 悲观 -65%：不成立（基准低于现价）；按 (Base−P)/(P−Bear)=2 反推 2:1 对应价格约 $49,False
CL,日常消费,generated,USD_per_share,86.46,86.46,37,82,105,基准 -5% ÷ 悲观 -57%：不成立（基准低于现价）；按 (Base−P)/(P−Bear)=2 反推 2:1 对应价格约 $52,-0.09017387788111594,0.37484836231298035,,,,False,基准 -5% ÷ 悲观 -57%：不成立（基准低于现价）；按 (Base−P)/(P−Bear)=2 反推 2:1 对应价格约 $52,False
CLX,日常消费,generated,USD_per_share,81.6,81.6,51,90,110,基准 +10% ÷ 悲观 -37%：0.26:1；按 (Base−P)/(P−Bear)=2 反推 2:1 对应价格约 $64,0.2745098039215689,0.9281045751633991,,,,False,基准 +10% ÷ 悲观 -37%：0.26:1；按 (Base−P)/(P−Bear)=2 反推 2:1 对应价格约 $64,False
COST,日常消费,generated,USD_per_share,924.59,924.59,220,731,963,基准 -21% ÷ 悲观 -76%：不成立（基准低于现价）；按 (Base−P)/(P−Bear)=2 反推 2:1 对应价格约 $390,-0.27475553158574495,0.05451397266495404,,,,False,基准 -21% ÷ 悲观 -76%：不成立（基准低于现价）；按 (Base−P)/(P−Bear)=2 反推 2:1 对应价格约 $390,False
DG,日常消费,generated,USD_per_share,122.64,122.64,82,146,187,基准 +19% ÷ 悲观 -34%：0.58:1；按 (Base−P)/(P−Bear)=2 反推 2:1 对应价格约 $103,0.5748031496062992,1.5836614173228347,,,,False,基准 +19% ÷ 悲观 -34%：0.58:1；按 (Base−P)/(P−Bear)=2 反推 2:1 对应价格约 $103,False
DLTR,日常消费,generated,USD_per_share,113.3,113.3,87,149,192,基准 +31% ÷ 悲观 -23%：1.33:1；按 (Base−P)/(P−Bear)=2 反推 2:1 对应价格约 $107,1.3574144486692017,2.992395437262358,,,,False,基准 +31% ÷ 悲观 -23%：1.33:1；按 (Base−P)/(P−Bear)=2 反推 2:1 对应价格约 $107,False
EL,日常消费,generated,USD_per_share,94.37,94.37,11,44,56,基准 -54% ÷ 悲观 -88%：不成立（基准低于现价）；按 (Base−P)/(P−Bear)=2 反推 2:1 对应价格约 $22,-0.604174163368118,-0.4602374955019792,,,,False,基准 -54% ÷ 悲观 -88%：不成立（基准低于现价）；按 (Base−P)/(P−Bear)=2 反推 2:1 对应价格约 $22,False
KMB,日常消费,generated,USD_per_share,98.99,98.99,62,111,139,基准 +12% ÷ 悲观 -37%：0.33:1；按 (Base−P)/(P−Bear)=2 反推 2:1 对应价格约 $79,0.324682346580157,1.081643687483104,补合并/融资风险；9/28公告预计Q4完成且有条件，未认定完成,,https://www.investor.kimberly-clark.com/news-releases/news-release-details/kimberly-clark-corporation-announces-commencement-exchange,False,旧独立经营赔率存档，未纳入换股/融资，不认证并购安全边际,False
KR,日常消费,generated,USD_per_share,60.79,60.79,52,77,97,基准 +27% ÷ 悲观 -15%：1.78:1；按 (Base−P)/(P−Bear)=2 反推 2:1 对应价格约 $60,1.8441410693970424,4.119453924914676,,,,False,基准 +27% ÷ 悲观 -15%：1.78:1；按 (Base−P)/(P−Bear)=2 反推 2:1 对应价格约 $60,False
KVUE,日常消费,generated,USD_per_share,17.91,17.91,9,18,23,基准 +3% ÷ 悲观 -48%：0.05:1；按 (Base−P)/(P−Bear)=2 反推 2:1 对应价格约 $12,0.010101010101010085,0.5712682379349046,每股$3.50现金+0.14625股KMB；浮动对价与失败价值需独立研究,,https://www.investor.kimberly-clark.com/news-releases/news-release-details/kimberly-clark-acquire-kenvue-creating-32-billion-global-health,False,旧独立经营赔率存档，未纳入换股/融资，不认证并购安全边际,False
MO,日常消费,generated,USD_per_share,68.72,68.72,50,84,104,基准 +22% ÷ 悲观 -27%：0.81:1；按 (Base−P)/(P−Bear)=2 反推 2:1 对应价格约 $61,0.8162393162393163,1.8846153846153848,,,,False,基准 +22% ÷ 悲观 -27%：0.81:1；按 (Base−P)/(P−Bear)=2 反推 2:1 对应价格约 $61,False
PG,日常消费,generated,USD_per_share,148.32,148.32,70,144,181,基准 -3% ÷ 悲观 -53%：不成立（基准低于现价）；按 (Base−P)/(P−Bear)=2 反推 2:1 对应价格约 $95,-0.05515832482124609,0.41726251276813087,,,,False,基准 -3% ÷ 悲观 -53%：不成立（基准低于现价）；按 (Base−P)/(P−Bear)=2 反推 2:1 对应价格约 $95,False
PM,日常消费,generated,USD_per_share,193.9,193.9,74,182,239,基准 -6% ÷ 悲观 -62%：不成立（基准低于现价）；按 (Base−P)/(P−Bear)=2 反推 2:1 对应价格约 $110,-0.09924937447873232,0.3761467889908256,,,,False,基准 -6% ÷ 悲观 -62%：不成立（基准低于现价）；按 (Base−P)/(P−Bear)=2 反推 2:1 对应价格约 $110,False
STZ,日常消费,generated,USD_per_share,112.77,112.77,96,138,168,基准 +22% ÷ 悲观 -15%：1.48:1；按 (Base−P)/(P−Bear)=2 反推 2:1 对应价格约 $110,1.504472271914133,3.293381037567085,,,,False,基准 +22% ÷ 悲观 -15%：1.48:1；按 (Base−P)/(P−Bear)=2 反推 2:1 对应价格约 $110,False
SYY,日常消费,generated,USD_per_share,78.49,78.49,39,80,102,基准 +2% ÷ 悲观 -51%：0.03:1；按 (Base−P)/(P−Bear)=2 反推 2:1 对应价格约 $52,0.038237528488225,0.5953405925550774,,,,False,基准 +2% ÷ 悲观 -51%：0.03:1；按 (Base−P)/(P−Bear)=2 反推 2:1 对应价格约 $52,False
TGT,日常消费,generated,USD_per_share,156.43,156.43,102,185,237,基准 +18% ÷ 悲观 -35%：0.52:1；按 (Base−P)/(P−Bear)=2 反推 2:1 对应价格约 $130,0.524894359728091,1.4802498622083406,,,,False,基准 +18% ÷ 悲观 -35%：0.52:1；按 (Base−P)/(P−Bear)=2 反推 2:1 对应价格约 $130,False
WMT,日常消费,generated,USD_per_share,106.8,106.8,29,86,110,基准 -20% ÷ 悲观 -72%：不成立（基准低于现价）；按 (Base−P)/(P−Bear)=2 反推 2:1 对应价格约 $48,-0.26735218508997427,0.04113110539845762,,,,False,基准 -20% ÷ 悲观 -72%：不成立（基准低于现价）；按 (Base−P)/(P−Bear)=2 反推 2:1 对应价格约 $48,False
