code,name,origin,price_anchor,bear,base,bull,old_ratio,display_ratio,recomputed_ratio,status,note
JPM,摩根大通,手工,352.04,273.0,356.0,437.0,1.32×,0.05×,0.050101214574898516,重大算术差异已修正,沿用2026-09-22历史价格与研究情景
BAC,美国银行,手工,57.96,45.6,59.8,76.9,1.31×,0.15×,0.1488673139158573,重大算术差异已修正,沿用2026-09-22历史价格与研究情景
WFC,富国银行,手工,86.54,66.0,91.3,114.8,1.38×,0.23×,0.23174294060369957,重大算术差异已修正,沿用2026-09-22历史价格与研究情景
MS,摩根士丹利,手工,206.12,123.5,184.5,246.5,1.49×*,无正向基准赔率,-0.26167998063422904,重大算术差异已修正,沿用2026-09-22历史价格与研究情景
GS,高盛,手工,959.39,550.0,845.0,1170.0,1.54×*,无正向基准赔率,-0.2794157160653655,重大算术差异已修正,沿用2026-09-22历史价格与研究情景；Q2营收和GBM占比按SEC公告修正
CFG,公民金融,手工,66.68,48.0,72.0,88.0,0.29×,0.29×,0.28479657387580254,未发现重大算术差异；财务未全量认证,沿用2026-09-22历史价格与研究情景
FITB,五三银行,手工,53.27,38.5,56.0,68.8,0.18×,0.18×,0.18483412322274856,未发现重大算术差异；财务未全量认证,沿用2026-09-22历史价格与研究情景
HBAN,亨廷顿银行,手工,15.9,12.3,17.1,20.6,0.33×,0.33×,0.33333333333333365,未发现重大算术差异；财务未全量认证,沿用2026-09-22历史价格与研究情景
KEY,科凯国际,手工,20.77,15.0,21.4,25.9,0.11×,0.11×,0.10918544194107437,未发现重大算术差异；财务未全量认证,沿用2026-09-22历史价格与研究情景
MTB,美国制商银行,手工,225.13,175.0,238.0,299.0,0.26×,0.26×,0.25673249551166977,未发现重大算术差异；财务未全量认证,沿用2026-09-22历史价格与研究情景
RF,地区金融,手工,28.37,22.0,30.0,36.4,0.26×,0.26×,0.25588697017268425,未发现重大算术差异；财务未全量认证,沿用2026-09-22历史价格与研究情景
PNC,PNC金融,手工,227.74,198.0,260.0,308.0,1.08×,1.08×,1.0847343644922656,未发现重大算术差异；财务未全量认证,沿用2026-09-22历史价格与研究情景
TFC,Truist,手工,48.2,40.0,55.2,65.0,1.17×,0.85×,0.8536585365853656,重大算术差异已修正,沿用2026-09-22历史价格与研究情景
USB,合众银行,手工,59.22,52.5,67.2,80.6,1.19×,1.19×,1.1875000000000009,未发现重大算术差异；财务未全量认证,沿用2026-09-22历史价格与研究情景
AXP,美国运通,手工,308.09,229.4,316.8,400.0,0.11×,0.11×,0.11068750794255991,未发现重大算术差异；财务未全量认证,沿用2026-09-22历史价格与研究情景
COF,第一资本,手工,200.93,152.0,253.0,351.0,1.07×,1.07×,1.0641733088085017,未发现重大算术差异；财务未全量认证,沿用2026-09-22历史价格与研究情景
TRV,旅行者保险,手工,360.57,276.0,375.0,455.0,0.26×,0.17×,0.17062788222774042,重大算术差异已修正,沿用2026-09-22历史价格与研究情景
CB,丘博保险,手工,334.09,252.0,348.0,442.0,0.32×,0.17×,0.1694481666463641,重大算术差异已修正,沿用2026-09-22历史价格与研究情景
ALL,好事达保险,手工,230.22,127.5,230.0,330.0,0.00×,0.00×,-0.0021417445482865933,未发现重大算术差异；财务未全量认证,沿用2026-09-22历史价格与研究情景
AFL,美国家庭人寿,手工,114.25,68.3,96.0,117.0,Base 低于现价,Base 低于现价,-0.397170837867247,未发现重大算术差异；财务未全量认证,沿用2026-09-22历史价格与研究情景
MET,大都会人寿,手工,95.05,72.0,110.4,138.0,0.65×,0.65×,0.6659436008676795,未发现重大算术差异；财务未全量认证,沿用2026-09-22历史价格与研究情景
PRU,保德信金融,手工,116.33,96.0,139.5,170.5,1.14×,1.14×,1.1396950319724546,未发现重大算术差异；财务未全量认证,沿用2026-09-22历史价格与研究情景
AIG,美国国际集团,手工,74.19,60.0,88.0,112.0,0.98×,0.98×,0.973220577871741,未发现重大算术差异；财务未全量认证,沿用2026-09-22历史价格与研究情景
ACGL,阿奇资本,手工,95.33,68.4,102.0,127.5,0.25×,0.25×,0.247679168213888,未发现重大算术差异；财务未全量认证,沿用2026-09-22历史价格与研究情景
BK,纽约梅隆银行,手工,153.89,126.0,162.0,198.0,0.29×,0.29×,0.29078522768017273,未发现重大算术差异；财务未全量认证,沿用2026-09-22历史价格与研究情景
STT,道富银行,手工,178.2,150.0,195.0,234.0,0.59×,0.59×,0.5957446808510645,未发现重大算术差异；财务未全量认证,沿用2026-09-22历史价格与研究情景
TROW,普信集团,手工,102.95,80.0,110.0,132.0,0.30×,0.30×,0.30718954248366,未发现重大算术差异；财务未全量认证,沿用2026-09-22历史价格与研究情景
BEN,富兰克林邓普顿,手工,32.75,24.0,34.8,43.5,0.52×,0.23×,0.23428571428571396,重大算术差异已修正,沿用2026-09-22历史价格与研究情景
BLK,贝莱德,手工,1069.12,880.0,1210.0,1430.0,0.75×,0.75×,0.7449238578680213,未发现重大算术差异；财务未全量认证,沿用2026-09-22历史价格与研究情景
KKR,KKR,手工,99.16,78.0,108.0,144.0,0.42×,0.42×,0.4177693761814747,未发现重大算术差异；财务未全量认证,沿用2026-09-22历史价格与研究情景
APO,阿波罗全球管理,手工,125.77,95.0,133.0,166.0,0.23×,0.23×,0.23496912577185586,未发现重大算术差异；财务未全量认证,沿用2026-09-22历史价格与研究情景
ARES,Ares Management,手工,124.97,94.0,132.5,166.0,0.24×,0.24×,0.24313852114949955,未发现重大算术差异；财务未全量认证,沿用2026-09-22历史价格与研究情景
ICE,洲际交易所,手工,152.93,133.0,178.5,221.0,1.29×,1.29×,1.2829904666332155,未发现重大算术差异；财务未全量认证,沿用2026-09-22历史价格与研究情景
CME,芝商所,手工,267.21,210.0,300.0,350.0,0.58×,0.58×,0.573151546932355,未发现重大算术差异；财务未全量认证,沿用2026-09-22历史价格与研究情景
SPGI,标普全球,手工,402.44,352.0,513.0,608.0,2.20×,2.20×,2.1919111816019035,未发现重大算术差异；财务未全量认证,沿用2026-09-22历史价格与研究情景；2026-09-30运行时覆盖已撤回旧估值认证，本轮保留；已澄清Mobility分拆前后财务口径
MCO,穆迪,手工,469.25,319.0,486.0,576.0,0.11×,0.11×,0.11148086522462562,未发现重大算术差异；财务未全量认证,沿用2026-09-22历史价格与研究情景
CBOE,Cboe Global Markets,手工,266.83,207.0,319.0,377.0,0.87×,0.87×,0.8719705833194055,未发现重大算术差异；财务未全量认证,沿用2026-09-22历史价格与研究情景
V,维萨,手工,362.04,276.0,365.4,476.0,0.04×,0.04×,0.03905160390515988,未发现重大算术差异；财务未全量认证,沿用2026-09-22历史价格与研究情景
MA,万事达卡,手工,555.89,420.0,570.0,735.0,0.10×,0.10×,0.10383398336890143,未发现重大算术差异；财务未全量认证,沿用2026-09-22历史价格与研究情景
PYPL,贝宝,手工,52.89,31.5,56.1,88.5,0.15×,0.15×,0.150070126227209,未发现重大算术差异；财务未全量认证,沿用2026-09-22历史价格与研究情景
XYZ,Block,手工,77.53,42.0,72.0,116.1,Base −7.1%,Base −7.1%,-0.15564311849141574,未发现重大算术差异；财务未全量认证,沿用2026-09-22历史价格与研究情景
CPAY,Corpay,手工,392.95,242.0,382.5,551.0,Base −2.7%,Base −2.7%,-0.06922822126531958,未发现重大算术差异；财务未全量认证,沿用2026-09-22历史价格与研究情景
FIS,富达国民信息服务,手工,34.96,26.0,39.9,62.0,约 0.55×,约 0.55×,0.5513392857142854,未发现重大算术差异；财务未全量认证,沿用2026-09-22历史价格与研究情景
FISV,费哲金融,手工,46.1,34.8,56.0,82.0,约 0.88×,约 0.88×,0.8761061946902651,未发现重大算术差异；财务未全量认证,沿用2026-09-22历史价格与研究情景
GPN,环汇,手工,84.78,54.0,88.0,130.0,约 0.11×,约 0.11×,0.10461338531513965,未发现重大算术差异；财务未全量认证,沿用2026-09-22历史价格与研究情景
JKHY,杰克亨利,手工,149.1,107.1,155.4,205.0,约 0.15×,约 0.15×,0.15000000000000027,未发现重大算术差异；财务未全量认证,沿用2026-09-22历史价格与研究情景
NDAQ,纳斯达克,手工,94.5,78.0,106.25,139.2,约 0.71×,约 0.71×,0.7121212121212122,未发现重大算术差异；财务未全量认证,沿用2026-09-22历史价格与研究情景
MSCI,明晟,手工,548.88,391.0,565.5,748.0,约 0.11×,约 0.11×,0.10526982518368384,未发现重大算术差异；财务未全量认证,沿用2026-09-22历史价格与研究情景
FDS,FactSet,手工,276.42,182.0,279.0,396.0,约 0.03×（旧模型）,约 0.03×（旧模型）,0.027324719339122894,未发现重大算术差异；财务未全量认证,沿用2026-09-22历史价格与研究情景；已更新9/30新财报，旧三情景待重新校准
COIN,Coinbase,手工,201.07,123.94,198.3,297.45,无正向赔率,无正向赔率,-0.03591339297290266,未发现重大算术差异；财务未全量认证,沿用2026-09-22历史价格与研究情景
BRK.B,伯克希尔·哈撒韦,手工,503.49,417.92,504.98,592.05,约 0.02×,约 0.02×,0.01741264461844115,未发现重大算术差异；财务未全量认证,沿用2026-09-22历史价格与研究情景
AIZ,安信龙保险,程序化,263.65,149.0,306.0,400.0,基准 +16% ÷ 悲观 -43%：0.37:1；按 (Base−P)/(P−Bear)=2 反推 2:1 对应价格约 $201,基准 +16% ÷ 悲观 -43%：0.37:1；按 (Base−P)/(P−Bear)=2 反推 2:1 对应价格约 $201,0.3693850850414307,未发现重大算术差异；财务未全量认证,沿用生成数据历史锚点；模型不是内在价值认证
AJG,安睿嘉尔,程序化,227.75,43.0,186.0,259.0,基准 -19% ÷ 悲观 -81%：不成立（基准低于现价）；按 (Base−P)/(P−Bear)=2 反推 2:1 对应价格约 $90,基准 -19% ÷ 悲观 -81%：不成立（基准低于现价）；按 (Base−P)/(P−Bear)=2 反推 2:1 对应价格约 $90,-0.2259810554803789,未发现重大算术差异；财务未全量认证,沿用生成数据历史锚点；模型不是内在价值认证
AMP,阿默普莱斯金融,程序化,497.32,295.0,607.0,807.0,基准 +22% ÷ 悲观 -41%：0.54:1；按 (Base−P)/(P−Bear)=2 反推 2:1 对应价格约 $399,基准 +22% ÷ 悲观 -41%：0.54:1；按 (Base−P)/(P−Bear)=2 反推 2:1 对应价格约 $399,0.5421115065243179,未发现重大算术差异；财务未全量认证,沿用生成数据历史锚点；模型不是内在价值认证
AON,怡安保险,程序化,275.9,129.0,277.0,348.0,基准 +0% ÷ 悲观 -53%：0.01:1；按 (Base−P)/(P−Bear)=2 反推 2:1 对应价格约 $178,基准 +0% ÷ 悲观 -53%：0.01:1；按 (Base−P)/(P−Bear)=2 反推 2:1 对应价格约 $178,0.007488087134104989,未发现重大算术差异；财务未全量认证,沿用生成数据历史锚点；模型不是内在价值认证
BNY,纽约梅隆银行,程序化,146.98,61.0,150.0,200.0,基准 +2% ÷ 悲观 -58%：0.04:1；按 (Base−P)/(P−Bear)=2 反推 2:1 对应价格约 $91,基准 +2% ÷ 悲观 -58%：0.04:1；按 (Base−P)/(P−Bear)=2 反推 2:1 对应价格约 $91,0.03512444754594104,未发现重大算术差异；财务未全量认证,沿用生成数据历史锚点；模型不是内在价值认证
BRO,布朗保险,程序化,60.6,23.0,65.0,92.0,基准 +7% ÷ 悲观 -63%：0.11:1；按 (Base−P)/(P−Bear)=2 反推 2:1 对应价格约 $37,基准 +7% ÷ 悲观 -63%：0.11:1；按 (Base−P)/(P−Bear)=2 反推 2:1 对应价格约 $37,0.11702127659574464,未发现重大算术差异；财务未全量认证,沿用生成数据历史锚点；模型不是内在价值认证
BX,黑石集团,程序化,114.0,32.0,108.0,153.0,基准 -5% ÷ 悲观 -72%：不成立（基准低于现价）；按 (Base−P)/(P−Bear)=2 反推 2:1 对应价格约 $57,基准 -5% ÷ 悲观 -72%：不成立（基准低于现价）；按 (Base−P)/(P−Bear)=2 反推 2:1 对应价格约 $57,-0.07317073170731707,未发现重大算术差异；财务未全量认证,沿用生成数据历史锚点；模型不是内在价值认证
C,花旗集团,程序化,130.8,66.0,148.0,197.0,基准 +13% ÷ 悲观 -50%：0.26:1；按 (Base−P)/(P−Bear)=2 反推 2:1 对应价格约 $93,基准 +13% ÷ 悲观 -50%：0.26:1；按 (Base−P)/(P−Bear)=2 反推 2:1 对应价格约 $93,0.2654320987654319,未发现重大算术差异；财务未全量认证,沿用生成数据历史锚点；模型不是内在价值认证
CINF,辛辛那提金融,程序化,161.13,129.0,242.0,343.0,基准 +50% ÷ 悲观 -20%：2.50:1；按 (Base−P)/(P−Bear)=2 反推 2:1 对应价格约 $167,基准 +50% ÷ 悲观 -20%：2.50:1；按 (Base−P)/(P−Bear)=2 反推 2:1 对应价格约 $167,2.516962340491753,未发现重大算术差异；财务未全量认证,沿用生成数据历史锚点；模型不是内在价值认证；2026-09-30运行时覆盖已撤回旧估值认证，本轮保留
EG,Everest Group,程序化,368.81,295.0,438.0,520.0,基准 +19% ÷ 悲观 -20%：0.94:1；按 (Base−P)/(P−Bear)=2 反推 2:1 对应价格约 $343,基准 +19% ÷ 悲观 -20%：0.94:1；按 (Base−P)/(P−Bear)=2 反推 2:1 对应价格约 $343,0.9374068554396423,未发现重大算术差异；财务未全量认证,沿用生成数据历史锚点；模型不是内在价值认证
ERIE,伊瑞保险,程序化,222.43,79.0,197.0,249.0,基准 -11% ÷ 悲观 -65%：不成立（基准低于现价）；按 (Base−P)/(P−Bear)=2 反推 2:1 对应价格约 $118,基准 -11% ÷ 悲观 -65%：不成立（基准低于现价）；按 (Base−P)/(P−Bear)=2 反推 2:1 对应价格约 $118,-0.1772990308861466,未发现重大算术差异；财务未全量认证,沿用生成数据历史锚点；模型不是内在价值认证
GL,环球人寿,程序化,166.08,107.0,206.0,267.0,基准 +24% ÷ 悲观 -35%：0.67:1；按 (Base−P)/(P−Bear)=2 反推 2:1 对应价格约 $140,基准 +24% ÷ 悲观 -35%：0.67:1；按 (Base−P)/(P−Bear)=2 反推 2:1 对应价格约 $140,0.6756939742721729,未发现重大算术差异；财务未全量认证,沿用生成数据历史锚点；模型不是内在价值认证
HIG,哈特福德保险,程序化,125.85,101.0,166.0,216.0,基准 +32% ÷ 悲观 -20%：1.61:1；按 (Base−P)/(P−Bear)=2 反推 2:1 对应价格约 $123,基准 +32% ÷ 悲观 -20%：1.61:1；按 (Base−P)/(P−Bear)=2 反推 2:1 对应价格约 $123,1.6156941649899403,未发现重大算术差异；财务未全量认证,沿用生成数据历史锚点；模型不是内在价值认证
HOOD,Robinhood Markets,程序化,116.22,16.0,90.0,128.0,基准 -23% ÷ 悲观 -86%：不成立（基准低于现价）；按 (Base−P)/(P−Bear)=2 反推 2:1 对应价格约 $41,基准 -23% ÷ 悲观 -86%：不成立（基准低于现价）；按 (Base−P)/(P−Bear)=2 反推 2:1 对应价格约 $41,-0.2616244262622231,未发现重大算术差异；财务未全量认证,沿用生成数据历史锚点；模型不是内在价值认证
IBKR,盈透证券,程序化,86.18,18.0,74.0,104.0,基准 -14% ÷ 悲观 -79%：不成立（基准低于现价）；按 (Base−P)/(P−Bear)=2 反推 2:1 对应价格约 $36,基准 -14% ÷ 悲观 -79%：不成立（基准低于现价）；按 (Base−P)/(P−Bear)=2 反推 2:1 对应价格约 $36,-0.1786447638603697,未发现重大算术差异；财务未全量认证,沿用生成数据历史锚点；模型不是内在价值认证
IVZ,景顺,程序化,30.42,,,,TTM 亏损，PE 与 EPS 情景不适用,TTM 亏损，PE 与 EPS 情景不适用,,未发现重大算术差异；财务未全量认证,沿用生成数据历史锚点；模型不是内在价值认证
L,洛斯保险,程序化,105.93,58.0,117.0,148.0,基准 +10% ÷ 悲观 -45%：0.23:1；按 (Base−P)/(P−Bear)=2 反推 2:1 对应价格约 $78,基准 +10% ÷ 悲观 -45%：0.23:1；按 (Base−P)/(P−Bear)=2 反推 2:1 对应价格约 $78,0.23096181931984125,未发现重大算术差异；财务未全量认证,沿用生成数据历史锚点；模型不是内在价值认证
MRSH,达信,程序化,170.42,58.0,152.0,196.0,基准 -11% ÷ 悲观 -66%：不成立（基准低于现价）；按 (Base−P)/(P−Bear)=2 反推 2:1 对应价格约 $90,基准 -11% ÷ 悲观 -66%：不成立（基准低于现价）；按 (Base−P)/(P−Bear)=2 反推 2:1 对应价格约 $90,-0.16384984878135553,未发现重大算术差异；财务未全量认证,沿用生成数据历史锚点；模型不是内在价值认证
NTRS,北方信托,程序化,172.94,83.0,208.0,294.0,基准 +20% ÷ 悲观 -52%：0.38:1；按 (Base−P)/(P−Bear)=2 反推 2:1 对应价格约 $125,基准 +20% ÷ 悲观 -52%：0.38:1；按 (Base−P)/(P−Bear)=2 反推 2:1 对应价格约 $125,0.3898154325105626,未发现重大算术差异；财务未全量认证,沿用生成数据历史锚点；模型不是内在价值认证
PFG,信安金融,程序化,113.97,51.0,116.0,149.0,基准 +1% ÷ 悲观 -55%：0.03:1；按 (Base−P)/(P−Bear)=2 反推 2:1 对应价格约 $73,基准 +1% ÷ 悲观 -55%：0.03:1；按 (Base−P)/(P−Bear)=2 反推 2:1 对应价格约 $73,0.032237573447673515,未发现重大算术差异；财务未全量认证,沿用生成数据历史锚点；模型不是内在价值认证
PGR,前进保险,程序化,210.52,142.0,266.0,344.0,基准 +26% ÷ 悲观 -33%：0.81:1；按 (Base−P)/(P−Bear)=2 反推 2:1 对应价格约 $183,基准 +26% ÷ 悲观 -33%：0.81:1；按 (Base−P)/(P−Bear)=2 反推 2:1 对应价格约 $183,0.8096906012842963,未发现重大算术差异；财务未全量认证,沿用生成数据历史锚点；模型不是内在价值认证
RJF,瑞杰金融,程序化,159.85,82.0,183.0,246.0,基准 +15% ÷ 悲观 -49%：0.30:1；按 (Base−P)/(P−Bear)=2 反推 2:1 对应价格约 $116,基准 +15% ÷ 悲观 -49%：0.30:1；按 (Base−P)/(P−Bear)=2 反推 2:1 对应价格约 $116,0.29736673089274257,未发现重大算术差异；财务未全量认证,沿用生成数据历史锚点；模型不是内在价值认证
SCHW,嘉信理财,程序化,99.1,39.0,104.0,143.0,基准 +5% ÷ 悲观 -60%：0.07:1；按 (Base−P)/(P−Bear)=2 反推 2:1 对应价格约 $61,基准 +5% ÷ 悲观 -60%：0.07:1；按 (Base−P)/(P−Bear)=2 反推 2:1 对应价格约 $61,0.08153078202995019,未发现重大算术差异；财务未全量认证,沿用生成数据历史锚点；模型不是内在价值认证
SYF,Synchrony Financial,程序化,71.72,57.0,91.0,115.0,基准 +27% ÷ 悲观 -20%：1.35:1；按 (Base−P)/(P−Bear)=2 反推 2:1 对应价格约 $69,基准 +27% ÷ 悲观 -20%：1.35:1；按 (Base−P)/(P−Bear)=2 反推 2:1 对应价格约 $69,1.3097826086956523,未发现重大算术差异；财务未全量认证,沿用生成数据历史锚点；模型不是内在价值认证
WRB,WR柏克利,程序化,68.22,35.0,71.0,89.0,基准 +4% ÷ 悲观 -49%：0.08:1；按 (Base−P)/(P−Bear)=2 反推 2:1 对应价格约 $47,基准 +4% ÷ 悲观 -49%：0.08:1；按 (Base−P)/(P−Bear)=2 反推 2:1 对应价格约 $47,0.0836845273931367,未发现重大算术差异；财务未全量认证,沿用生成数据历史锚点；模型不是内在价值认证
WTW,Willis Towers Watson,程序化,288.57,116.0,282.0,368.0,基准 -2% ÷ 悲观 -60%：不成立（基准低于现价）；按 (Base−P)/(P−Bear)=2 反推 2:1 对应价格约 $171,基准 -2% ÷ 悲观 -60%：不成立（基准低于现价）；按 (Base−P)/(P−Bear)=2 反推 2:1 对应价格约 $171,-0.03807150721446366,未发现重大算术差异；财务未全量认证,沿用生成数据历史锚点；模型不是内在价值认证
