code,origin,price_anchor,bear,base,bull,recomputed_ratio,status,note
MSFT,手工,508.96,385.0,580.0,736.0,0.5730880929332045,未改,算术审查未发现重大差异；不代表完整财报或未来模型已认证
NVDA,手工,227.21,160.0,294.0,416.0,0.9937509299211424,未改,算术审查未发现重大差异；不代表完整财报或未来模型已认证
AVGO,手工,355.1,228.0,400.0,558.0,0.35326514555468114,未改,算术审查未发现重大差异；不代表完整财报或未来模型已认证
AAPL,手工,329.4,215.0,317.0,400.0,,未改,算术审查未发现重大差异；不代表完整财报或未来模型已认证
AMD,手工,607.57,180.0,500.0,742.0,,未改,算术审查未发现重大差异；不代表完整财报或未来模型已认证
ORCL,手工,137.79,70.0,150.0,221.0,0.18011506121846893,未改,算术审查未发现重大差异；不代表完整财报或未来模型已认证
ANET,手工,202.86,119.0,224.0,312.0,0.2520868113522535,未改,算术审查未发现重大差异；不代表完整财报或未来模型已认证
MU,手工,1065.08,240.0,720.0,1400.0,,重大事实已更新,更新 9/30 Q4/全年：EPS74.33；历史价格机械全年 PE14.33×
TXN,手工,281.69,150.0,255.0,347.0,,未改,算术审查未发现重大差异；不代表完整财报或未来模型已认证
ADBE,手工,233.17,175.0,273.0,396.0,0.6847172081829125,未改,算术审查未发现重大差异；不代表完整财报或未来模型已认证
CDNS,手工,324.17,182.0,300.0,418.0,,未改,算术审查未发现重大差异；不代表完整财报或未来模型已认证
AMAT,手工,512.01,264.0,490.0,700.0,,未改,算术审查未发现重大差异；不代表完整财报或未来模型已认证
APH,手工,84.34,48.0,90.0,133.0,0.15575123830489807,未改,算术审查未发现重大差异；不代表完整财报或未来模型已认证
TEL,手工,212.59,144.0,231.0,300.0,0.2684064732468289,未改,算术审查未发现重大差异；不代表完整财报或未来模型已认证
LRCX,手工,323.86,156.0,304.0,420.0,,未改,算术审查未发现重大差异；不代表完整财报或未来模型已认证
KLAC,手工,196.53,106.0,184.0,238.0,,未改,算术审查未发现重大差异；不代表完整财报或未来模型已认证
ADI,手工,398.22,221.0,396.0,540.0,,未改,算术审查未发现重大差异；不代表完整财报或未来模型已认证
MPWR,手工,1355.99,613.0,1210.0,1674.0,,未改,算术审查未发现重大差异；不代表完整财报或未来模型已认证
QCOM,手工,184.1,98.0,172.0,238.0,,未改,算术审查未发现重大差异；不代表完整财报或未来模型已认证
INTC,手工,115.93,58.0,99.0,149.0,,重大事实已更新,非经营重估损失12.529bn、合并营业利润1.796bn、Foundry亏损分列；FCF口径修正
CRM,手工,225.31,119.0,216.0,313.0,,未改,算术审查未发现重大差异；不代表完整财报或未来模型已认证
NOW,手工,129.94,56.0,114.0,195.0,,未改,算术审查未发现重大差异；不代表完整财报或未来模型已认证
SNPS,手工,415.09,216.0,408.0,580.0,,重大事实已更新,确认大额收购及处置收益；撤回净利反弹等于主营恢复的推断
PANW,手工,388.41,205.0,391.0,513.0,0.014121367428166266,未改,算术审查未发现重大差异；不代表完整财报或未来模型已认证
CRWD,手工,262.74,105.0,226.0,316.0,,重大事实已更新,归属 GAAP 净利 $50m→$5.3m；补 CFO/FCF 与营业亏损
WDAY,手工,189.17,90.0,171.0,234.0,,重大事实已更新,IP转移税惠374m/1.52每股；仅剔此项 EPS3.41，非全面正常化
DELL,手工,539.59,208.0,460.0,720.0,,未改,算术审查未发现重大差异；不代表完整财报或未来模型已认证
CSCO,手工,106.94,63.0,105.0,143.0,,未改,算术审查未发现重大差异；不代表完整财报或未来模型已认证
WDC,手工,453.48,108.0,308.0,504.0,,重大事实已更新,确认 Sandisk 收益；全年 GAAP/non-GAAP EPS24.28/10.22；撤回猜测正常化 PE
STX,手工,913.45,210.0,720.0,1020.0,,未改,算术审查未发现重大差异；不代表完整财报或未来模型已认证
GLW,手工,158.71,74.0,140.0,197.0,,未改,算术审查未发现重大差异；不代表完整财报或未来模型已认证
NXPI,手工,236.47,135.0,242.0,324.0,0.054498866660096595,未改,算术审查未发现重大差异；不代表完整财报或未来模型已认证
FICO,手工,661.25,340.0,512.0,880.0,,未改,算术审查未发现重大差异；不代表完整财报或未来模型已认证
TER,手工,403.02,154.0,350.0,500.0,,未改,算术审查未发现重大差异；不代表完整财报或未来模型已认证
INTU,手工,268.03,180.0,306.0,451.0,0.4313302283312512,未改,算术审查未发现重大差异；不代表完整财报或未来模型已认证
FTNT,手工,175.96,84.0,149.0,215.0,,未改,算术审查未发现重大差异；不代表完整财报或未来模型已认证
DDOG,手工,268.56,115.0,261.0,374.0,,未改,算术审查未发现重大差异；不代表完整财报或未来模型已认证
ADSK,手工,203.18,119.0,215.0,294.0,0.14041339985744825,未改,算术审查未发现重大差异；不代表完整财报或未来模型已认证
ON,手工,75.95,29.0,62.0,90.0,,未改,算术审查未发现重大差异；不代表完整财报或未来模型已认证
MCHP,手工,78.78,36.0,76.0,113.0,,未改,算术审查未发现重大差异；不代表完整财报或未来模型已认证
SMCI,手工,41.02,20.0,49.5,84.0,0.4034253092293052,重大事实已更新,Q4 CFO +$747m 与全年 CFO −$6.809886bn 分列；补管理层毛利解释
HPE,手工,61.49,26.0,60.0,92.0,,未改,算术审查未发现重大差异；不代表完整财报或未来模型已认证
GRMN,手工,290.23,171.0,276.0,360.0,,未改,算术审查未发现重大差异；不代表完整财报或未来模型已认证
PTC,手工,137.56,78.0,152.0,216.0,0.24244459368703825,未改,算术审查未发现重大差异；不代表完整财报或未来模型已认证
MSI,手工,446.12,288.0,422.0,525.0,,未改,算术审查未发现重大差异；不代表完整财报或未来模型已认证
FFIV,手工,438.07,253.0,408.0,527.0,,未改,算术审查未发现重大差异；不代表完整财报或未来模型已认证
QRVO,手工,116.75,53.0,101.0,145.0,,重大事实已更新,每股对价32.50现金+0.960股SWKS；停牌与预计交割分列，未认定完成
JBL,手工,318.84,140.0,282.0,391.0,,重大事实已更新,更新 9/30 Q4/全年及 FY27 核心 EPS 指引；撤回当前增速回落说法
NTAP,手工,209.18,110.0,216.0,300.0,0.06876386368219392,未改,算术审查未发现重大差异；不代表完整财报或未来模型已认证
HPQ,手工,30.73,18.0,30.0,42.0,,未改,算术审查未发现重大差异；不代表完整财报或未来模型已认证
SWKS,手工,88.04,16.0,48.0,84.0,,重大事实已更新,停止后续季度分红；补并购状态，独立模型存档
ACN,程序化,177.12,142.0,230.0,295.0,1.5056947608200453,未改,算术审查未发现重大差异；未认证完整财报、指数成员身份及未来模型
AKAM,程序化,108.45,39.0,98.0,126.0,,未改,算术审查未发现重大差异；未认证完整财报、指数成员身份及未来模型
CDW,程序化,129.71,104.0,173.0,227.0,1.6837806301050167,未改,算术审查未发现重大差异；未认证完整财报、指数成员身份及未来模型
CIEN,程序化,354.92,78.0,269.0,381.0,,未改,算术审查未发现重大差异；未认证完整财报、指数成员身份及未来模型
COHR,程序化,292.21,57.0,197.0,280.0,,未改,算术审查未发现重大差异；未认证完整财报、指数成员身份及未来模型
CTSH,程序化,56.84,45.0,73.0,93.0,1.3648648648648642,未改,算术审查未发现重大差异；未认证完整财报、指数成员身份及未来模型
FLEX,程序化,113.83,36.0,108.0,149.0,,未改,算术审查未发现重大差异；未认证完整财报、指数成员身份及未来模型
FSLR,程序化,176.93,124.0,215.0,261.0,0.7192518420555448,未改,算术审查未发现重大差异；未认证完整财报、指数成员身份及未来模型
GDDY,程序化,94.06,75.0,123.0,159.0,1.5183630640083943,未改,算术审查未发现重大差异；未认证完整财报、指数成员身份及未来模型
GEN,程序化,20.85,17.0,27.0,35.0,1.5974025974025965,未改,算术审查未发现重大差异；未认证完整财报、指数成员身份及未来模型
IBM,程序化,219.99,106.0,222.0,278.0,0.017633125712781743,未改,算术审查未发现重大差异；未认证完整财报、指数成员身份及未来模型
IT,程序化,185.85,149.0,231.0,286.0,1.2252374491180464,未改,算术审查未发现重大差异；未认证完整财报、指数成员身份及未来模型
KEYS,程序化,360.65,102.0,343.0,487.0,,未改,算术审查未发现重大差异；未认证完整财报、指数成员身份及未来模型
LITE,程序化,973.49,,,,,未改,算术审查未发现重大差异；未认证完整财报、指数成员身份及未来模型
MRVL,程序化,263.27,37.0,145.0,206.0,,未改,算术审查未发现重大差异；未认证完整财报、指数成员身份及未来模型
P,程序化,130.05,10.0,35.0,50.0,,未改,算术审查未发现重大差异；未认证完整财报、指数成员身份及未来模型
PLTR,程序化,186.97,16.0,56.0,80.0,,未改,算术审查未发现重大差异；未认证完整财报、指数成员身份及未来模型
Q,程序化,125.61,34.0,120.0,165.0,,未改,算术审查未发现重大差异；未认证完整财报、指数成员身份及未来模型
ROP,程序化,349.45,236.0,445.0,580.0,0.842221242838255,未改,算术审查未发现重大差异；未认证完整财报、指数成员身份及未来模型
SNDK,程序化,1729.76,1018.0,2311.0,3277.0,0.8166235809823537,未改,算术审查未发现重大差异；未认证完整财报、指数成员身份及未来模型
TDY,程序化,605.59,289.0,646.0,846.0,0.12764142897754183,未改,算术审查未发现重大差异；未认证完整财报、指数成员身份及未来模型
TRMB,程序化,57.34,,,,,未改,算术审查未发现重大差异；未认证完整财报、指数成员身份及未来模型
TYL,程序化,316.26,105.0,283.0,368.0,,未改,算术审查未发现重大差异；未认证完整财报、指数成员身份及未来模型
VRSN,程序化,279.84,129.0,286.0,367.0,0.040837974012198526,未改,算术审查未发现重大差异；未认证完整财报、指数成员身份及未来模型
ZBRA,程序化,375.97,153.0,397.0,545.0,0.09431762120464623,未改,算术审查未发现重大差异；未认证完整财报、指数成员身份及未来模型
